{"type": "FeatureCollection", "features": [{"type": "Feature", "properties": {"Pincode": "402302", "Office_Name": "Birwadi SO", "Division": "Raigad ", "Region": "Navi Mumbai ", "Circle": "Maharashtra ", "_distFromHubKm": 50.27}, "geometry": {"type": "Polygon", "coordinates": [[[73.491485, 18.050337], [73.524456, 18.050725], [73.524662, 18.051605], [73.534541, 18.093807], [73.555474, 18.114879], [73.558654, 18.117589], [73.564318, 18.123484], [73.572955, 18.132473], [73.616348, 18.161871], [73.624911, 18.167671], [73.627944, 18.169725], [73.630466, 18.171288], [73.625856, 18.189581], [73.630408, 18.196211], [73.627454, 18.201103], [73.6271, 18.201689], [73.625768, 18.203894], [73.625697, 18.204012], [73.625679, 18.204042], [73.625547, 18.203943], [73.621788, 18.199674], [73.586941, 18.189727], [73.563766, 18.200816], [73.55896, 18.227884], [73.510551, 18.25886], [73.494759, 18.263914], [73.480682, 18.249568], [73.441111, 18.165016], [73.450579, 18.128683], [73.41817, 18.10734], [73.44419, 18.092823], [73.470211, 18.078305], [73.491485, 18.050337]], [[73.466704, 18.097786], [73.466816, 18.098215], [73.466408, 18.09846], [73.466989, 18.098546], [73.467197, 18.097905], [73.466704, 18.097786]]]}}, {"type": "Feature", "properties": {"Pincode": "402305", "Office_Name": "Nate SO", "Division": "Raigad ", "Region": "Navi Mumbai ", "Circle": "Maharashtra ", "_distFromHubKm": 53.2}, "geometry": {"type": "Polygon", "coordinates": [[[73.411687, 18.10971], [73.41817, 18.10734], [73.450579, 18.128683], [73.441111, 18.165016], [73.480682, 18.249568], [73.494759, 18.263914], [73.510551, 18.25886], [73.522396, 18.275161], [73.524599, 18.277226], [73.527043, 18.279517], [73.493729, 18.279562], [73.496132, 18.303033], [73.449783, 18.3177], [73.446693, 18.377497], [73.430901, 18.388737], [73.454039, 18.415405], [73.466091, 18.429293], [73.479824, 18.446718], [73.398972, 18.436948], [73.396482, 18.43711], [73.393047, 18.436622], [73.386612, 18.435156], [73.378311, 18.433666], [73.376751, 18.424334], [73.370476, 18.386782], [73.312454, 18.319004], [73.376172, 18.266019], [73.365035, 18.236278], [73.362579, 18.206197], [73.32405, 18.209668], [73.311596, 18.199325], [73.369374, 18.16986], [73.330762, 18.146743], [73.368524, 18.140103], [73.3945, 18.115993], [73.411687, 18.10971]]]}}, {"type": "Feature", "properties": {"Pincode": "402306", "Office_Name": "Varandh SO", "Division": "Raigad ", "Region": "Navi Mumbai ", "Circle": "Maharashtra ", "_distFromHubKm": 47.88}, "geometry": {"type": "Polygon", "coordinates": [[[73.555474, 18.114879], [73.578186, 18.104413], [73.593054, 18.104085], [73.591626, 18.115589], [73.601155, 18.120319], [73.606192, 18.126087], [73.638601, 18.139007], [73.630466, 18.171288], [73.627944, 18.169725], [73.624911, 18.167671], [73.616348, 18.161871], [73.572955, 18.132473], [73.564318, 18.123484], [73.558654, 18.117589], [73.555474, 18.114879]]]}}, {"type": "Feature", "properties": {"Pincode": "402308", "Office_Name": "Bhira SO RaigarhMH", "Division": "Raigad ", "Region": "Navi Mumbai ", "Circle": "Maharashtra ", "_distFromHubKm": 55.28}, "geometry": {"type": "Polygon", "coordinates": [[[73.370476, 18.386782], [73.376751, 18.424334], [73.378311, 18.433666], [73.386612, 18.435156], [73.393047, 18.436622], [73.396482, 18.43711], [73.398972, 18.436948], [73.396568, 18.458768], [73.386677, 18.456256], [73.319632, 18.411421], [73.319664, 18.411215], [73.322566, 18.40982], [73.33372, 18.404457], [73.338635, 18.402093], [73.370476, 18.386782]]]}}, {"type": "Feature", "properties": {"Pincode": "410401", "Office_Name": "Lonavala S.O", "Division": "Pune Moffusil ", "Region": "Pune ", "Circle": "Maharashtra ", "_distFromHubKm": 59.06}, "geometry": {"type": "Polygon", "coordinates": [[[73.389449, 18.787615], [73.388243, 18.783467], [73.384037, 18.770953], [73.394637, 18.757624], [73.394423, 18.755349], [73.391204, 18.750472], [73.388457, 18.748237], [73.376741, 18.738362], [73.379745, 18.733404], [73.39777, 18.724462], [73.394508, 18.701212], [73.372192, 18.691781], [73.363953, 18.671779], [73.359661, 18.652914], [73.357086, 18.637787], [73.357687, 18.624855], [73.357687, 18.61298], [73.342066, 18.591016], [73.336658, 18.576209], [73.417253, 18.574257], [73.432102, 18.601836], [73.425803, 18.629339], [73.428413, 18.626246], [73.421083, 18.644945], [73.419577, 18.649072], [73.41957, 18.649089], [73.414078, 18.664136], [73.423721, 18.675101], [73.431769, 18.684252], [73.441299, 18.695088], [73.443418, 18.697497], [73.451065, 18.712444], [73.457231, 18.712316], [73.462111, 18.712214], [73.472914, 18.70957], [73.506821, 18.714124], [73.453093, 18.729246], [73.460185, 18.738075], [73.464375, 18.747953], [73.455994, 18.754438], [73.426309, 18.760103], [73.402405, 18.756974], [73.396397, 18.762745], [73.400014, 18.765369], [73.391891, 18.764979], [73.389573, 18.772293], [73.388972, 18.779363], [73.396053, 18.77977], [73.395915, 18.786715], [73.395452, 18.791674], [73.403585, 18.791999], [73.407619, 18.791897], [73.414888, 18.791543], [73.414889, 18.791544], [73.415623, 18.792893], [73.430901, 18.809143], [73.416653, 18.821817], [73.419056, 18.83449], [73.429297, 18.836502], [73.416713, 18.841961], [73.404393, 18.840985], [73.394076, 18.837826], [73.383637, 18.831909], [73.392073, 18.796636], [73.389518, 18.787852], [73.389495, 18.787772], [73.389449, 18.787615]]]}}, {"type": "Feature", "properties": {"Pincode": "410405", "Office_Name": "Kamshet S.O", "Division": "Pune Moffusil ", "Region": "Pune ", "Circle": "Maharashtra ", "_distFromHubKm": 52.0}, "geometry": {"type": "Polygon", "coordinates": [[[73.429297, 18.836502], [73.419056, 18.83449], [73.416653, 18.821817], [73.430901, 18.809143], [73.415623, 18.792893], [73.414889, 18.791544], [73.414888, 18.791543], [73.412704, 18.78753], [73.412836, 18.786158], [73.413563, 18.778591], [73.420086, 18.766889], [73.431416, 18.765101], [73.456367, 18.767089], [73.455994, 18.754438], [73.464375, 18.747953], [73.460185, 18.738075], [73.453093, 18.729246], [73.506821, 18.714124], [73.531322, 18.707228], [73.529434, 18.698285], [73.526943, 18.689863], [73.537809, 18.69017], [73.5394, 18.690215], [73.560333, 18.690806], [73.580418, 18.702513], [73.613806, 18.712025], [73.636637, 18.719666], [73.643739, 18.729888], [73.642902, 18.730787], [73.641734, 18.732042], [73.640571, 18.733291], [73.639196, 18.734768], [73.640131, 18.734692], [73.638857, 18.734796], [73.625882, 18.735853], [73.569775, 18.732672], [73.578529, 18.743483], [73.58736, 18.758117], [73.592777, 18.767092], [73.598785, 18.779892], [73.602562, 18.785417], [73.599815, 18.791918], [73.587456, 18.800368], [73.569647, 18.805818], [73.536987, 18.860483], [73.509865, 18.85691], [73.497334, 18.85626], [73.485146, 18.85431], [73.478279, 18.8483], [73.474674, 18.839852], [73.465576, 18.839039], [73.452015, 18.836115], [73.437252, 18.838065], [73.429297, 18.836502]]]}}, {"type": "Feature", "properties": {"Pincode": "410406", "Office_Name": "Pawananagar S.O", "Division": "Pune Moffusil ", "Region": "Pune ", "Circle": "Maharashtra ", "_distFromHubKm": 47.44}, "geometry": {"type": "Polygon", "coordinates": [[[73.425803, 18.629339], [73.45155, 18.598819], [73.486144, 18.590995], [73.506775, 18.621846], [73.523598, 18.631606], [73.545223, 18.642842], [73.548821, 18.647883], [73.557396, 18.659896], [73.565483, 18.666331], [73.583765, 18.676821], [73.581104, 18.69609], [73.612432, 18.70609], [73.613806, 18.712025], [73.580418, 18.702513], [73.560333, 18.690806], [73.5394, 18.690215], [73.537809, 18.69017], [73.526943, 18.689863], [73.529434, 18.698285], [73.531322, 18.707228], [73.506821, 18.714124], [73.472914, 18.70957], [73.462111, 18.712214], [73.457231, 18.712316], [73.451065, 18.712444], [73.443418, 18.697497], [73.441299, 18.695088], [73.431769, 18.684252], [73.423721, 18.675101], [73.414078, 18.664136], [73.41957, 18.649089], [73.419577, 18.649072], [73.421083, 18.644945], [73.428413, 18.626246], [73.425803, 18.629339]]]}}, {"type": "Feature", "properties": {"Pincode": "410501", "Office_Name": "Chakan S.O", "Division": "Pune Moffusil ", "Region": "Pune ", "Circle": "Maharashtra ", "_distFromHubKm": 33.88}, "geometry": {"type": "Polygon", "coordinates": [[[73.589516, 18.905637], [73.603332, 18.897749], [73.629341, 18.882899], [73.635178, 18.847487], [73.678905, 18.828418], [73.687667, 18.824596], [73.696908, 18.820566], [73.705215, 18.816943], [73.722088, 18.805551], [73.734378, 18.797253], [73.731095, 18.786581], [73.730488, 18.78141], [73.728789, 18.777273], [73.727575, 18.771986], [73.724905, 18.763366], [73.722963, 18.757964], [73.722382, 18.738443], [73.756971, 18.741369], [73.760955, 18.734573], [73.767935, 18.738999], [73.771455, 18.739689], [73.775279, 18.73762], [73.784807, 18.729918], [73.78948, 18.718652], [73.788537, 18.717312], [73.788138, 18.716746], [73.787776, 18.716231], [73.787734, 18.716212], [73.787701, 18.716197], [73.788156, 18.715747], [73.789028, 18.714636], [73.790021, 18.713696], [73.790487, 18.713254], [73.791008, 18.712736], [73.791988, 18.711761], [73.792965, 18.710775], [73.793955, 18.709776], [73.794264, 18.709464], [73.794893, 18.708751], [73.796443, 18.707005], [73.797719, 18.705592], [73.799555, 18.70321], [73.800932, 18.702082], [73.801752, 18.701744], [73.802778, 18.701522], [73.803355, 18.7015], [73.803871, 18.701687], [73.804137, 18.701996], [73.806929, 18.703922], [73.807839, 18.704245], [73.809011, 18.704495], [73.810336, 18.7045], [73.811474, 18.70419], [73.811993, 18.703839], [73.812279, 18.7034], [73.812815, 18.702574], [73.813582, 18.701133], [73.813887, 18.699525], [73.81452, 18.697096], [73.814692, 18.695633], [73.814359, 18.693905], [73.81422, 18.691263], [73.814413, 18.689637], [73.815089, 18.687625], [73.815749, 18.686834], [73.816768, 18.686127], [73.818018, 18.68548], [73.81834, 18.685358], [73.819027, 18.685368], [73.819531, 18.685683], [73.820054, 18.686215], [73.820843, 18.68656], [73.822376, 18.68712], [73.824059, 18.687552], [73.826585, 18.688479], [73.828296, 18.689037], [73.829283, 18.689324], [73.829821, 18.68948], [73.82996, 18.68952], [73.830075, 18.689543], [73.830393, 18.689605], [73.831595, 18.68984], [73.832577, 18.689906], [73.832966, 18.689893], [73.833312, 18.689881], [73.83416, 18.689739], [73.835127, 18.689463], [73.836653, 18.689054], [73.837374, 18.688701], [73.839603, 18.687809], [73.840696, 18.687548], [73.841961, 18.68735], [73.843479, 18.687415], [73.844116, 18.687645], [73.844625, 18.688148], [73.845449, 18.688631], [73.847188, 18.689108], [73.848038, 18.708854], [73.92271, 18.702838], [73.98365, 18.679097], [73.986711, 18.663943], [73.986814, 18.663977], [74.024732, 18.686427], [74.012833, 18.707387], [74.009743, 18.718769], [74.023496, 18.7356], [74.030289, 18.743912], [74.025449, 18.745549], [74.018154, 18.749009], [73.908978, 18.744783], [73.984165, 18.753398], [73.967564, 18.763769], [73.963244, 18.765873], [73.958373, 18.76884], [73.954875, 18.771074], [73.952043, 18.772862], [73.948588, 18.77467], [73.943653, 18.778002], [73.939988, 18.780229], [73.939984, 18.780232], [73.938439, 18.781171], [73.937371, 18.781888], [73.934758, 18.783641], [73.929677, 18.787023], [73.918551, 18.794384], [73.900394, 18.805731], [73.841, 18.806868], [73.819199, 18.816455], [73.767014, 18.817105], [73.752937, 18.825717], [73.764095, 18.841314], [73.710194, 18.867956], [73.71397, 18.888259], [73.746409, 18.883917], [73.736046, 18.889141], [73.724541, 18.894912], [73.735708, 18.910071], [73.709732, 18.935791], [73.683513, 18.921553], [73.674661, 18.929347], [73.672146, 18.939987], [73.672144, 18.939991], [73.672143, 18.939991], [73.671485, 18.940469], [73.671541, 18.940808], [73.660044, 18.935601], [73.655854, 18.933703], [73.647154, 18.929762], [73.643606, 18.928155], [73.628311, 18.921227], [73.589516, 18.905637]]]}}, {"type": "Feature", "properties": {"Pincode": "410505", "Office_Name": "Rajgurunagar S.O", "Division": "Pune Moffusil ", "Region": "Pune ", "Circle": "Maharashtra ", "_distFromHubKm": 42.53}, "geometry": {"type": "Polygon", "coordinates": [[[74.018154, 18.749009], [74.022736, 18.786351], [74.026935, 18.820567], [74.025928, 18.826834], [74.024935, 18.833014], [74.015923, 18.851061], [74.03326, 18.866656], [74.044991, 18.890318], [74.031154, 18.893993], [74.03079, 18.908291], [74.038315, 18.915468], [74.024676, 18.938926], [74.003906, 18.941361], [73.991489, 18.95052], [73.992049, 18.944402], [73.967478, 18.899943], [73.960509, 18.887332], [73.9544, 18.891237], [73.944386, 18.897639], [73.92458, 18.9103], [73.891442, 18.931887], [73.884402, 18.926376], [73.854884, 18.909686], [73.857333, 18.90318], [73.830957, 18.877336], [73.805139, 18.854483], [73.771917, 18.871147], [73.746409, 18.883917], [73.71397, 18.888259], [73.710194, 18.867956], [73.764095, 18.841314], [73.752937, 18.825717], [73.767014, 18.817105], [73.819199, 18.816455], [73.841, 18.806868], [73.900394, 18.805731], [73.918551, 18.794384], [73.929677, 18.787023], [73.934758, 18.783641], [73.937371, 18.781888], [73.938439, 18.781171], [73.939984, 18.780232], [73.939988, 18.780229], [73.943653, 18.778002], [73.948588, 18.77467], [73.952043, 18.772862], [73.954875, 18.771074], [73.958373, 18.76884], [73.963244, 18.765873], [73.967564, 18.763769], [73.984165, 18.753398], [73.908978, 18.744783], [74.018154, 18.749009]]]}}, {"type": "Feature", "properties": {"Pincode": "410506", "Office_Name": "Talegaon Dabhade S.O", "Division": "Pune Moffusil ", "Region": "Pune ", "Circle": "Maharashtra ", "_distFromHubKm": 30.58}, "geometry": {"type": "Polygon", "coordinates": [[[73.613806, 18.712025], [73.612432, 18.70609], [73.581104, 18.69609], [73.583765, 18.676821], [73.565483, 18.666331], [73.563852, 18.65332], [73.558731, 18.64552], [73.556789, 18.630108], [73.562652, 18.628612], [73.570387, 18.626638], [73.612516, 18.615887], [73.64222, 18.610096], [73.659554, 18.606716], [73.661099, 18.581823], [73.661442, 18.576291], [73.671014, 18.574598], [73.679535, 18.573091], [73.678884, 18.57507], [73.67824, 18.578447], [73.678291, 18.580698], [73.67902, 18.583718], [73.67817, 18.586192], [73.674375, 18.586997], [73.671126, 18.588464], [73.671, 18.592434], [73.67944, 18.595166], [73.684777, 18.599049], [73.687175, 18.601925], [73.691501, 18.602639], [73.689859, 18.60329], [73.68885, 18.603991], [73.687519, 18.605283], [73.686725, 18.604729], [73.685703, 18.60534], [73.68552, 18.605922], [73.686342, 18.606397], [73.686147, 18.606676], [73.685915, 18.607691], [73.685665, 18.609194], [73.685687, 18.610138], [73.685542, 18.610845], [73.685475, 18.612313], [73.685409, 18.613229], [73.685333, 18.614181], [73.685321, 18.61433], [73.685198, 18.615086], [73.685129, 18.615476], [73.685124, 18.615582], [73.685091, 18.616331], [73.685058, 18.617081], [73.684846, 18.618274], [73.684763, 18.619944], [73.68485, 18.621395], [73.684899, 18.622212], [73.684899, 18.622857], [73.685371, 18.623112], [73.68571, 18.623113], [73.685985, 18.623113], [73.686516, 18.623059], [73.686852, 18.623333], [73.68715, 18.623681], [73.687265, 18.623899], [73.687195, 18.624591], [73.687254, 18.625297], [73.687351, 18.625961], [73.687381, 18.626171], [73.687408, 18.626355], [73.687515, 18.627013], [73.687555, 18.627259], [73.687605, 18.627565], [73.687747, 18.628434], [73.687854, 18.629069], [73.687898, 18.629329], [73.687966, 18.629707], [73.688003, 18.630438], [73.68808, 18.631015], [73.688186, 18.631802], [73.688295, 18.632612], [73.687906, 18.633152], [73.687689, 18.633431], [73.68744, 18.633525], [73.687346, 18.633815], [73.687431, 18.634168], [73.687769, 18.636318], [73.686261, 18.636557], [73.686194, 18.637401], [73.686125, 18.638256], [73.686212, 18.638331], [73.686159, 18.639061], [73.686102, 18.639507], [73.686171, 18.63964], [73.686429, 18.639708], [73.688033, 18.639784], [73.689169, 18.639775], [73.690716, 18.640867], [73.690769, 18.641257], [73.690847, 18.641313], [73.691, 18.64134], [73.690955, 18.642066], [73.691017, 18.642141], [73.691304, 18.642311], [73.691996, 18.642514], [73.692922, 18.642624], [73.693199, 18.643289], [73.693235, 18.643377], [73.693286, 18.643499], [73.693327, 18.643597], [73.693348, 18.643642], [73.693349, 18.643643], [73.693429, 18.643816], [73.693445, 18.64385], [73.693811, 18.644677], [73.693898, 18.644765], [73.693993, 18.644844], [73.69419, 18.645006], [73.696894, 18.644819], [73.699366, 18.64469], [73.702866, 18.644415], [73.703001, 18.645025], [73.705642, 18.644842], [73.704813, 18.645886], [73.705018, 18.646152], [73.705572, 18.646577], [73.705732, 18.647892], [73.706194, 18.649506], [73.700449, 18.649098], [73.696594, 18.648825], [73.695989, 18.648563], [73.69532, 18.648735], [73.691942, 18.648495], [73.691812, 18.648486], [73.691507, 18.648464], [73.691392, 18.648454], [73.691384, 18.648453], [73.691052, 18.648424], [73.690386, 18.648365], [73.687403, 18.6481], [73.683895, 18.647789], [73.680239, 18.647465], [73.685753, 18.659582], [73.689416, 18.66747], [73.689647, 18.667974], [73.691654, 18.672349], [73.703585, 18.69479], [73.702898, 18.713488], [73.700021, 18.721181], [73.692678, 18.726412], [73.679402, 18.727104], [73.669639, 18.727592], [73.666869, 18.727281], [73.665111, 18.727084], [73.663201, 18.724198], [73.66406, 18.722694], [73.664228, 18.721741], [73.661786, 18.719744], [73.660133, 18.717299], [73.657343, 18.717055], [73.653867, 18.718213], [73.652247, 18.719158], [73.652923, 18.721922], [73.654253, 18.724168], [73.655133, 18.725499], [73.651882, 18.725499], [73.650048, 18.726179], [73.650573, 18.728537], [73.649501, 18.729248], [73.646303, 18.728252], [73.645259, 18.728912], [73.645089, 18.729019], [73.644276, 18.729532], [73.644164, 18.729606], [73.644148, 18.729617], [73.643739, 18.729888], [73.636637, 18.719666], [73.613806, 18.712025]]]}}, {"type": "Feature", "properties": {"Pincode": "410507", "Office_Name": "Talegaon G H S.O", "Division": "Pune Moffusil ", "Region": "Pune ", "Circle": "Maharashtra ", "_distFromHubKm": 39.06}, "geometry": {"type": "Polygon", "coordinates": [[[73.643739, 18.729888], [73.644148, 18.729617], [73.644164, 18.729606], [73.644276, 18.729532], [73.645089, 18.729019], [73.645259, 18.728912], [73.646303, 18.728252], [73.649501, 18.729248], [73.650573, 18.728537], [73.650048, 18.726179], [73.651882, 18.725499], [73.655133, 18.725499], [73.654253, 18.724168], [73.652923, 18.721922], [73.652247, 18.719158], [73.653867, 18.718213], [73.657343, 18.717055], [73.660133, 18.717299], [73.661786, 18.719744], [73.664228, 18.721741], [73.66406, 18.722694], [73.663201, 18.724198], [73.665111, 18.727084], [73.666869, 18.727281], [73.669639, 18.727592], [73.679402, 18.727104], [73.692678, 18.726412], [73.700021, 18.721181], [73.702898, 18.713488], [73.721347, 18.718326], [73.726778, 18.723011], [73.733454, 18.72877], [73.746267, 18.731474], [73.75577, 18.731941], [73.760955, 18.734573], [73.756971, 18.741369], [73.722382, 18.738443], [73.722963, 18.757964], [73.724905, 18.763366], [73.727575, 18.771986], [73.728789, 18.777273], [73.730488, 18.78141], [73.731095, 18.786581], [73.734378, 18.797253], [73.722088, 18.805551], [73.705215, 18.816943], [73.696908, 18.820566], [73.687667, 18.824596], [73.678905, 18.828418], [73.635178, 18.847487], [73.633989, 18.80669], [73.637023, 18.789109], [73.637795, 18.785092], [73.641699, 18.772463], [73.642328, 18.770428], [73.64552, 18.760103], [73.64595, 18.757742], [73.64637, 18.755436], [73.648177, 18.745505], [73.649008, 18.74094], [73.649872, 18.736194], [73.650296, 18.733864], [73.648305, 18.734026], [73.639196, 18.734768], [73.640571, 18.733291], [73.641734, 18.732042], [73.642902, 18.730787], [73.643739, 18.729888]]]}}, {"type": "Feature", "properties": {"Pincode": "410508", "Office_Name": "Dhamani S.O", "Division": "Pune Moffusil ", "Region": "Pune ", "Circle": "Maharashtra ", "_distFromHubKm": 53.27}, "geometry": {"type": "Polygon", "coordinates": [[[74.044991, 18.890318], [74.055673, 18.895142], [74.078979, 18.908004], [74.099926, 18.925213], [74.070852, 18.939332], [74.042428, 18.945258], [74.024676, 18.938926], [74.038315, 18.915468], [74.03079, 18.908291], [74.031154, 18.893993], [74.044991, 18.890318]]]}}, {"type": "Feature", "properties": {"Pincode": "410512", "Office_Name": "Peth S.O (Pune)", "Division": "Pune Moffusil ", "Region": "Pune ", "Circle": "Maharashtra ", "_distFromHubKm": 57.45}, "geometry": {"type": "Polygon", "coordinates": [[[73.842175, 18.997549], [73.81731, 18.987954], [73.801166, 18.998099], [73.797112, 19.000289], [73.795504, 19.001236], [73.794047, 19.002183], [73.792515, 19.00313], [73.790907, 19.004077], [73.788691, 19.005382], [73.788691, 19.005425], [73.786309, 19.006975], [73.785687, 19.007434], [73.785242, 19.007605], [73.782514, 19.005747], [73.772056, 18.998626], [73.780533, 18.997167], [73.790939, 18.995464], [73.792614, 18.99519], [73.803439, 18.993418], [73.813696, 18.984925], [73.813697, 18.984924], [73.884402, 18.926376], [73.891442, 18.931887], [73.92458, 18.9103], [73.944386, 18.897639], [73.9544, 18.891237], [73.960509, 18.887332], [73.967478, 18.899943], [73.992049, 18.944402], [73.926835, 18.954045], [73.913826, 18.967936], [73.876422, 18.977807], [73.842175, 18.997549]]]}}, {"type": "Feature", "properties": {"Pincode": "410513", "Office_Name": "Chas S.O (Pune)", "Division": "Pune Moffusil ", "Region": "Pune ", "Circle": "Maharashtra ", "_distFromHubKm": 57.4}, "geometry": {"type": "Polygon", "coordinates": [[[73.884402, 18.926376], [73.813697, 18.984924], [73.813696, 18.984925], [73.803439, 18.993418], [73.792614, 18.99519], [73.790939, 18.995464], [73.780533, 18.997167], [73.772056, 18.998626], [73.769992, 18.997032], [73.768724, 18.992442], [73.768941, 18.99082], [73.769376, 18.989127], [73.777949, 18.979644], [73.773951, 18.979337], [73.770559, 18.978694], [73.772608, 18.963344], [73.796278, 18.96122], [73.819705, 18.91409], [73.845317, 18.904673], [73.854884, 18.909686], [73.884402, 18.926376]]]}}, {"type": "Feature", "properties": {"Pincode": "411001", "Office_Name": "Pune H.O", "Division": "Pune City East ", "Region": "Pune ", "Circle": "Maharashtra ", "_distFromHubKm": 6.59}, "geometry": {"type": "Polygon", "coordinates": [[[73.861179, 18.531914], [73.860923, 18.530185], [73.861411, 18.528582], [73.86345, 18.528557], [73.863519, 18.527947], [73.863713, 18.527672], [73.864217, 18.527321], [73.864936, 18.526995], [73.867744, 18.525487], [73.867572, 18.525322], [73.867589, 18.522843], [73.867623, 18.522418], [73.867612, 18.521527], [73.86859, 18.52138], [73.868616, 18.520681], [73.869042, 18.520689], [73.869074, 18.520152], [73.869273, 18.520169], [73.869278, 18.520771], [73.869347, 18.520779], [73.869444, 18.521571], [73.869989, 18.521589], [73.870756, 18.5211], [73.87074, 18.521769], [73.871156, 18.521795], [73.871539, 18.520958], [73.871657, 18.520714], [73.872478, 18.520393], [73.872365, 18.520171], [73.871751, 18.519022], [73.872786, 18.518895], [73.872927, 18.518035], [73.872978, 18.518028], [73.873067, 18.517892], [73.873072, 18.517685], [73.873009, 18.517537], [73.873202, 18.516879], [73.873269, 18.516764], [73.873315, 18.516494], [73.874031, 18.516466], [73.874278, 18.516199], [73.873768, 18.515159], [73.873519, 18.514663], [73.873682, 18.514218], [73.873022, 18.513274], [73.873216, 18.512575], [73.874001, 18.512217], [73.874319, 18.512244], [73.874601, 18.512127], [73.874872, 18.51219], [73.875077, 18.511957], [73.875172, 18.511758], [73.875174, 18.511681], [73.876413, 18.511115], [73.877239, 18.50908], [73.876697, 18.507638], [73.87534, 18.508152], [73.874613, 18.505657], [73.875211, 18.502149], [73.874839, 18.502128], [73.874779, 18.502125], [73.874772, 18.502085], [73.874772, 18.502084], [73.874763, 18.501958], [73.874755, 18.501899], [73.87545, 18.502154], [73.875862, 18.502244], [73.8763, 18.502327], [73.876451, 18.502133], [73.876457, 18.501672], [73.876444, 18.500766], [73.876421, 18.50027], [73.876345, 18.499629], [73.876193, 18.49909], [73.876148, 18.498903], [73.876034, 18.498752], [73.875827, 18.498713], [73.875661, 18.498265], [73.87689, 18.497278], [73.876952, 18.49737], [73.876994, 18.497459], [73.877355, 18.498226], [73.877357, 18.49823], [73.877358, 18.498231], [73.877566, 18.498622], [73.877655, 18.498779], [73.877909, 18.499043], [73.879908, 18.499679], [73.878846, 18.502788], [73.879489, 18.502986], [73.88045, 18.5038], [73.881174, 18.504293], [73.881603, 18.504517], [73.88303, 18.505265], [73.884065, 18.506364], [73.884698, 18.506491], [73.886078, 18.506507], [73.890213, 18.506291], [73.890839, 18.506197], [73.89117, 18.506147], [73.89126, 18.506133], [73.891454, 18.506118], [73.892717, 18.506018], [73.89665, 18.506662], [73.897428, 18.506586], [73.897518, 18.506577], [73.898114, 18.506518], [73.898532, 18.506498], [73.899757, 18.506439], [73.899864, 18.506684], [73.899734, 18.507032], [73.901149, 18.507021], [73.901075, 18.508279], [73.901369, 18.508307], [73.901306, 18.508906], [73.901657, 18.509239], [73.901689, 18.509487], [73.901696, 18.50973], [73.901705, 18.510009], [73.90165, 18.510572], [73.902742, 18.510654], [73.903984, 18.510536], [73.90406, 18.511345], [73.904137, 18.512153], [73.905599, 18.511649], [73.905972, 18.511506], [73.906213, 18.511409], [73.906994, 18.51109], [73.907009, 18.511212], [73.907014, 18.511978], [73.907017, 18.512307], [73.907025, 18.513521], [73.907032, 18.513766], [73.9071, 18.516039], [73.906751, 18.516931], [73.906322, 18.522031], [73.906038, 18.529381], [73.907518, 18.529178], [73.907532, 18.529511], [73.908159, 18.52963], [73.908564, 18.531559], [73.908728, 18.532341], [73.909009, 18.533682], [73.909029, 18.533776], [73.909036, 18.533809], [73.909041, 18.533835], [73.909068, 18.533962], [73.909068, 18.533963], [73.909155, 18.534378], [73.909164, 18.534411], [73.909165, 18.534425], [73.909771, 18.537317], [73.908072, 18.538352], [73.907601, 18.538554], [73.907591, 18.538559], [73.907514, 18.538592], [73.907467, 18.538612], [73.907464, 18.538614], [73.907445, 18.538622], [73.907444, 18.538622], [73.907443, 18.538623], [73.907328, 18.538672], [73.90731, 18.53868], [73.907305, 18.538682], [73.907245, 18.538708], [73.907205, 18.538725], [73.906019, 18.539235], [73.906094, 18.54102], [73.906123, 18.541716], [73.904709, 18.541934], [73.90309, 18.541984], [73.900632, 18.54206], [73.898642, 18.542121], [73.896692, 18.543358], [73.895796, 18.543121], [73.894014, 18.543656], [73.891265, 18.544481], [73.887485, 18.544509], [73.883144, 18.543919], [73.877956, 18.542872], [73.877916, 18.542864], [73.877635, 18.542745], [73.876157, 18.542117], [73.874214, 18.541537], [73.871703, 18.54054], [73.869964, 18.53992], [73.868985, 18.539583], [73.867605, 18.539108], [73.866094, 18.53818], [73.864714, 18.536971], [73.864236, 18.536245], [73.863553, 18.535324], [73.863068, 18.534193], [73.862241, 18.532982], [73.861179, 18.531914]]]}}, {"type": "Feature", "properties": {"Pincode": "411002", "Office_Name": "Pune City H.O", "Division": "Pune City West ", "Region": "Pune ", "Circle": "Maharashtra ", "_distFromHubKm": 6.08}, "geometry": {"type": "Polygon", "coordinates": [[[73.869074, 18.520152], [73.868315, 18.519676], [73.867757, 18.519635], [73.867221, 18.519595], [73.866298, 18.519554], [73.86529, 18.519554], [73.864285, 18.519513], [73.862481, 18.519595], [73.861622, 18.519289], [73.860483, 18.518949], [73.859712, 18.518699], [73.85866, 18.518821], [73.857458, 18.51874], [73.856407, 18.518638], [73.854775, 18.518516], [73.854576, 18.518654], [73.854583, 18.518577], [73.854442, 18.518559], [73.854396, 18.518553], [73.854344, 18.518539], [73.854145, 18.518449], [73.854083, 18.518345], [73.854034, 18.518221], [73.853947, 18.517699], [73.853917, 18.517228], [73.85389, 18.516814], [73.853857, 18.516472], [73.853835, 18.516255], [73.853827, 18.516176], [73.853816, 18.516061], [73.853794, 18.515836], [73.853784, 18.515321], [73.853783, 18.515235], [73.853775, 18.514841], [73.853775, 18.514454], [73.853786, 18.514328], [73.8539, 18.513331], [73.853836, 18.511124], [73.853773, 18.508653], [73.853763, 18.508291], [73.853753, 18.507873], [73.853735, 18.50718], [73.853629, 18.505747], [73.853629, 18.504849], [73.853805, 18.502806], [73.853976, 18.501434], [73.853973, 18.500057], [73.853973, 18.500046], [73.853971, 18.499115], [73.856095, 18.49882], [73.858112, 18.498107], [73.858588, 18.500152], [73.858351, 18.500186], [73.858378, 18.500418], [73.858409, 18.500639], [73.858443, 18.500716], [73.858624, 18.501669], [73.858807, 18.502388], [73.858807, 18.502391], [73.858842, 18.502541], [73.858875, 18.502682], [73.858886, 18.502752], [73.858889, 18.502772], [73.858891, 18.502784], [73.858924, 18.502995], [73.859108, 18.50417], [73.859126, 18.504452], [73.859145, 18.504741], [73.859161, 18.504953], [73.859174, 18.505142], [73.85918, 18.505202], [73.859188, 18.505305], [73.859251, 18.505901], [73.859244, 18.507637], [73.859307, 18.508126], [73.859347, 18.508435], [73.859359, 18.508528], [73.859465, 18.509184], [73.859563, 18.51032], [73.859655, 18.510586], [73.860299, 18.510651], [73.861115, 18.510604], [73.861419, 18.510583], [73.861498, 18.510578], [73.861991, 18.510543], [73.862513, 18.51056], [73.862741, 18.510588], [73.862909, 18.510609], [73.863049, 18.510626], [73.863272, 18.510681], [73.863545, 18.510674], [73.863515, 18.510552], [73.863513, 18.510544], [73.863423, 18.510183], [73.863417, 18.509989], [73.863575, 18.509838], [73.863789, 18.50968], [73.864002, 18.50959], [73.864419, 18.509507], [73.86478, 18.509386], [73.864884, 18.509336], [73.865054, 18.509319], [73.865193, 18.509305], [73.865394, 18.509232], [73.86546, 18.509145], [73.865477, 18.50903], [73.865558, 18.507977], [73.865672, 18.50771], [73.86574, 18.507422], [73.86576, 18.507337], [73.865792, 18.507198], [73.865852, 18.506844], [73.865861, 18.506793], [73.865973, 18.506129], [73.866366, 18.506071], [73.866487, 18.506053], [73.867243, 18.506025], [73.867983, 18.506093], [73.86813, 18.506138], [73.868273, 18.506181], [73.868459, 18.506237], [73.868538, 18.506188], [73.868634, 18.506239], [73.868814, 18.506225], [73.869157, 18.506198], [73.869361, 18.506153], [73.869432, 18.506021], [73.869522, 18.505274], [73.869659, 18.504979], [73.869712, 18.504627], [73.869932, 18.504073], [73.870335, 18.503934], [73.870546, 18.503559], [73.870773, 18.503317], [73.871208, 18.502934], [73.871276, 18.502948], [73.871458, 18.502603], [73.871917, 18.502644], [73.872909, 18.502443], [73.87337, 18.5024], [73.873403, 18.50263], [73.873346, 18.502726], [73.87328, 18.502838], [73.873296, 18.503171], [73.873307, 18.503662], [73.87316, 18.504022], [73.873064, 18.504255], [73.87299, 18.504436], [73.873031, 18.504479], [73.873516, 18.504446], [73.873787, 18.504146], [73.874066, 18.50385], [73.874331, 18.503503], [73.874506, 18.503245], [73.874643, 18.503075], [73.874765, 18.502924], [73.874828, 18.502401], [73.874779, 18.502125], [73.874839, 18.502128], [73.875211, 18.502149], [73.874613, 18.505657], [73.87534, 18.508152], [73.876697, 18.507638], [73.877239, 18.50908], [73.876413, 18.511115], [73.875174, 18.511681], [73.875172, 18.511758], [73.875077, 18.511957], [73.874872, 18.51219], [73.874601, 18.512127], [73.874319, 18.512244], [73.874001, 18.512217], [73.873216, 18.512575], [73.873022, 18.513274], [73.873682, 18.514218], [73.873519, 18.514663], [73.873768, 18.515159], [73.874278, 18.516199], [73.874031, 18.516466], [73.873315, 18.516494], [73.873269, 18.516764], [73.873202, 18.516879], [73.873009, 18.517537], [73.873072, 18.517685], [73.873067, 18.517892], [73.872978, 18.518028], [73.872927, 18.518035], [73.872786, 18.518895], [73.871751, 18.519022], [73.872365, 18.520171], [73.872478, 18.520393], [73.871657, 18.520714], [73.871539, 18.520958], [73.871156, 18.521795], [73.87074, 18.521769], [73.870756, 18.5211], [73.869989, 18.521589], [73.869444, 18.521571], [73.869347, 18.520779], [73.869278, 18.520771], [73.869273, 18.520169], [73.869074, 18.520152]]]}}, {"type": "Feature", "properties": {"Pincode": "411003", "Office_Name": "Khadki S.O", "Division": "Pune City East ", "Region": "Pune ", "Circle": "Maharashtra ", "_distFromHubKm": 11.29}, "geometry": {"type": "Polygon", "coordinates": [[[73.877956, 18.542872], [73.876993, 18.544851], [73.876436, 18.544092], [73.875301, 18.544779], [73.874618, 18.545264], [73.873973, 18.545232], [73.873908, 18.544775], [73.873563, 18.544786], [73.873528, 18.546307], [73.872811, 18.546322], [73.872769, 18.546498], [73.872629, 18.546038], [73.872394, 18.545951], [73.872139, 18.545782], [73.870049, 18.547264], [73.871096, 18.548749], [73.863354, 18.554063], [73.865097, 18.554587], [73.866168, 18.554796], [73.86617, 18.554796], [73.866245, 18.554811], [73.868004, 18.555126], [73.870354, 18.55537], [73.871856, 18.555268], [73.872735, 18.555909], [73.873508, 18.557242], [73.873572, 18.558686], [73.873336, 18.560209], [73.873335, 18.560217], [73.873332, 18.560236], [73.872811, 18.564046], [73.873315, 18.567789], [73.873744, 18.568887], [73.874044, 18.569863], [73.874076, 18.570789], [73.873036, 18.574765], [73.871255, 18.577033], [73.866923, 18.580903], [73.865045, 18.583287], [73.863077, 18.583956], [73.863047, 18.583721], [73.861875, 18.583617], [73.860767, 18.583513], [73.860733, 18.58351], [73.859875, 18.58343], [73.858137, 18.582896], [73.857499, 18.582555], [73.856082, 18.582057], [73.854697, 18.581833], [73.854268, 18.581538], [73.853442, 18.580379], [73.852884, 18.578757], [73.851806, 18.576182], [73.851109, 18.574845], [73.849545, 18.573637], [73.848225, 18.573018], [73.846858, 18.572572], [73.845367, 18.5725], [73.843264, 18.573115], [73.841262, 18.573952], [73.838736, 18.575162], [73.838028, 18.575391], [73.836982, 18.575584], [73.836456, 18.575726], [73.835822, 18.576006], [73.835628, 18.575808], [73.835005, 18.575585], [73.835682, 18.573615], [73.835768, 18.573404], [73.836213, 18.572263], [73.836645, 18.571076], [73.837577, 18.568628], [73.838167, 18.567321], [73.838418, 18.567065], [73.838666, 18.566665], [73.838868, 18.566339], [73.839158, 18.565872], [73.840266, 18.564255], [73.84087, 18.56341], [73.841206, 18.562942], [73.841475, 18.562566], [73.841817, 18.562088], [73.842388, 18.561227], [73.842986, 18.560325], [73.843374, 18.559598], [73.843588, 18.558915], [73.844338, 18.557333], [73.844899, 18.555751], [73.845785, 18.552573], [73.846815, 18.548759], [73.847415, 18.546765], [73.847442, 18.546587], [73.847496, 18.546313], [73.84779, 18.54507], [73.848049, 18.544651], [73.848581, 18.542544], [73.851548, 18.542582], [73.851341, 18.541229], [73.851324, 18.541114], [73.851259, 18.540689], [73.851248, 18.540619], [73.851232, 18.540515], [73.851099, 18.539643], [73.85469, 18.539268], [73.854716, 18.538884], [73.854816, 18.537172], [73.85517, 18.534009], [73.856469, 18.53229], [73.856995, 18.532011], [73.857639, 18.53167], [73.859249, 18.531507], [73.861179, 18.531914], [73.862241, 18.532982], [73.863068, 18.534193], [73.863553, 18.535324], [73.864236, 18.536245], [73.864714, 18.536971], [73.866094, 18.53818], [73.867605, 18.539108], [73.868985, 18.539583], [73.869964, 18.53992], [73.871703, 18.54054], [73.874214, 18.541537], [73.876157, 18.542117], [73.877635, 18.542745], [73.877916, 18.542864], [73.877956, 18.542872]]]}}, {"type": "Feature", "properties": {"Pincode": "411004", "Office_Name": "Deccan Gymkhana S.O", "Division": "Pune City West ", "Region": "Pune ", "Circle": "Maharashtra ", "_distFromHubKm": 8.22}, "geometry": {"type": "Polygon", "coordinates": [[[73.825213, 18.521592], [73.823901, 18.520137], [73.823335, 18.519511], [73.822709, 18.518816], [73.823987, 18.517607], [73.824272, 18.517338], [73.824872, 18.51677], [73.824946, 18.5167], [73.825259, 18.516404], [73.82528, 18.516416], [73.825283, 18.516413], [73.825288, 18.516415], [73.825294, 18.516418], [73.825305, 18.516422], [73.825327, 18.516431], [73.82537, 18.516448], [73.825458, 18.516483], [73.825632, 18.516553], [73.825982, 18.516693], [73.827178, 18.515851], [73.828943, 18.51461], [73.830785, 18.512085], [73.83079, 18.512079], [73.832803, 18.509319], [73.83121, 18.508471], [73.828273, 18.506939], [73.828286, 18.506908], [73.828469, 18.505972], [73.828356, 18.505034], [73.828211, 18.504085], [73.828425, 18.503159], [73.828603, 18.502386], [73.827277, 18.501709], [73.827079, 18.501597], [73.82702, 18.501363], [73.827117, 18.500234], [73.827213, 18.499104], [73.828388, 18.498728], [73.830181, 18.497573], [73.831124, 18.497563], [73.831826, 18.497711], [73.832025, 18.498138], [73.832078, 18.498176], [73.832085, 18.498202], [73.832092, 18.498231], [73.832115, 18.498281], [73.832197, 18.498448], [73.832333, 18.498618], [73.83254, 18.498876], [73.832792, 18.498972], [73.83335, 18.499043], [73.833366, 18.500051], [73.833757, 18.500352], [73.834004, 18.500549], [73.834053, 18.500758], [73.834128, 18.50116], [73.834106, 18.501255], [73.833999, 18.501729], [73.833666, 18.502721], [73.833548, 18.503189], [73.833554, 18.503612], [73.833672, 18.5038], [73.83379, 18.503927], [73.834374, 18.504281], [73.83453, 18.504375], [73.83498, 18.504578], [73.836445, 18.504655], [73.836423, 18.504898], [73.836354, 18.505662], [73.83688, 18.506888], [73.837335, 18.507579], [73.837619, 18.507921], [73.837836, 18.508183], [73.838445, 18.508761], [73.838519, 18.508831], [73.838552, 18.508866], [73.838586, 18.508902], [73.838653, 18.508973], [73.838783, 18.509112], [73.839157, 18.509508], [73.839529, 18.509902], [73.839852, 18.510245], [73.840309, 18.510778], [73.840802, 18.511354], [73.84115, 18.511761], [73.841311, 18.511956], [73.841466, 18.512144], [73.841634, 18.512347], [73.841868, 18.512631], [73.842115, 18.512931], [73.842919, 18.513613], [73.843296, 18.513933], [73.843433, 18.514112], [73.844081, 18.514956], [73.845221, 18.516441], [73.845939, 18.517909], [73.846929, 18.518859], [73.847718, 18.519742], [73.848563, 18.520627], [73.849297, 18.521107], [73.848896, 18.521039], [73.848254, 18.522254], [73.848238, 18.522284], [73.848106, 18.522534], [73.847977, 18.522779], [73.847851, 18.523017], [73.84723, 18.523256], [73.846604, 18.523496], [73.846451, 18.523555], [73.846367, 18.523587], [73.846358, 18.523591], [73.846349, 18.523594], [73.846341, 18.523597], [73.846197, 18.523653], [73.84606, 18.523711], [73.845872, 18.523779], [73.845783, 18.523812], [73.845375, 18.52397], [73.84516, 18.524028], [73.845153, 18.52403], [73.845057, 18.524056], [73.844897, 18.5241], [73.844404, 18.524176], [73.843423, 18.524327], [73.841462, 18.524628], [73.841722, 18.525953], [73.842163, 18.526923], [73.842137, 18.526975], [73.842107, 18.526976], [73.842081, 18.526976], [73.841844, 18.52698], [73.841645, 18.526984], [73.841576, 18.526985], [73.841358, 18.526989], [73.840969, 18.526995], [73.840579, 18.527002], [73.840119, 18.52701], [73.840101, 18.52701], [73.839831, 18.527015], [73.839696, 18.527017], [73.839562, 18.52702], [73.839022, 18.527029], [73.838762, 18.527066], [73.838749, 18.527068], [73.838723, 18.527071], [73.838708, 18.527074], [73.838657, 18.527081], [73.838539, 18.527097], [73.838484, 18.527105], [73.838474, 18.527107], [73.838414, 18.527116], [73.838409, 18.527116], [73.838406, 18.527117], [73.838398, 18.527118], [73.83838, 18.52712], [73.838362, 18.527123], [73.83834, 18.527126], [73.838322, 18.527129], [73.838292, 18.527133], [73.838049, 18.527167], [73.836107, 18.524539], [73.834949, 18.52578], [73.833709, 18.524973], [73.830653, 18.524062], [73.829393, 18.523686], [73.828208, 18.523092], [73.825213, 18.521592]]]}}, {"type": "Feature", "properties": {"Pincode": "411005", "Office_Name": "Shivajinagar S.O (Pune)", "Division": "Pune City West ", "Region": "Pune ", "Circle": "Maharashtra ", "_distFromHubKm": 8.99}, "geometry": {"type": "Polygon", "coordinates": [[[73.861179, 18.531914], [73.859249, 18.531507], [73.857639, 18.53167], [73.856995, 18.532011], [73.856469, 18.53229], [73.85517, 18.534009], [73.854816, 18.537172], [73.854716, 18.538884], [73.85469, 18.539268], [73.851099, 18.539643], [73.851232, 18.540515], [73.851248, 18.540619], [73.851259, 18.540689], [73.851324, 18.541114], [73.851341, 18.541229], [73.851548, 18.542582], [73.848581, 18.542544], [73.848049, 18.544651], [73.84779, 18.54507], [73.845999, 18.54497], [73.843071, 18.544984], [73.840141, 18.544914], [73.840383, 18.544634], [73.840726, 18.544182], [73.840951, 18.543541], [73.840785, 18.543022], [73.839669, 18.542381], [73.838355, 18.542518], [73.839217, 18.541603], [73.838292, 18.54074], [73.837994, 18.540262], [73.837753, 18.540061], [73.837575, 18.539784], [73.837107, 18.538841], [73.838701, 18.53723], [73.840592, 18.535821], [73.841871, 18.534868], [73.844376, 18.533001], [73.844682, 18.531652], [73.844138, 18.53066], [73.844, 18.530408], [73.843934, 18.530289], [73.843846, 18.530128], [73.843808, 18.53006], [73.843739, 18.529933], [73.843728, 18.529914], [73.843721, 18.529901], [73.843681, 18.529828], [73.843623, 18.529721], [73.843536, 18.529563], [73.843494, 18.529488], [73.843359, 18.52924], [73.84335, 18.529224], [73.843081, 18.528733], [73.842899, 18.5284], [73.842652, 18.527916], [73.842218, 18.527124], [73.842218, 18.527123], [73.842137, 18.526975], [73.842163, 18.526923], [73.841722, 18.525953], [73.841462, 18.524628], [73.843423, 18.524327], [73.844404, 18.524176], [73.844897, 18.5241], [73.845057, 18.524056], [73.845153, 18.52403], [73.84516, 18.524028], [73.845375, 18.52397], [73.845783, 18.523812], [73.845872, 18.523779], [73.84606, 18.523711], [73.846197, 18.523653], [73.846341, 18.523597], [73.846349, 18.523594], [73.846358, 18.523591], [73.846367, 18.523587], [73.846451, 18.523555], [73.846604, 18.523496], [73.84723, 18.523256], [73.847851, 18.523017], [73.847977, 18.522779], [73.848106, 18.522534], [73.848238, 18.522284], [73.848254, 18.522254], [73.848896, 18.521039], [73.849297, 18.521107], [73.850236, 18.521266], [73.851735, 18.52152], [73.852754, 18.521786], [73.853115, 18.52188], [73.853652, 18.522066], [73.85456, 18.522382], [73.8548, 18.521905], [73.854839, 18.521844], [73.854848, 18.521843], [73.859518, 18.526207], [73.860183, 18.526838], [73.860741, 18.527346], [73.861411, 18.528582], [73.860923, 18.530185], [73.861179, 18.531914]]]}}, {"type": "Feature", "properties": {"Pincode": "411006", "Office_Name": "Yerwada S.O", "Division": "Pune City East ", "Region": "Pune ", "Circle": "Maharashtra ", "_distFromHubKm": 10.98}, "geometry": {"type": "Polygon", "coordinates": [[[73.904709, 18.541934], [73.905724, 18.544337], [73.906106, 18.546002], [73.905891, 18.54885], [73.907096, 18.565266], [73.906676, 18.566326], [73.899939, 18.565592], [73.893056, 18.563093], [73.896767, 18.568122], [73.896865, 18.568255], [73.8969, 18.568303], [73.896916, 18.568325], [73.896942, 18.568359], [73.898676, 18.570709], [73.900008, 18.572688], [73.899021, 18.575183], [73.893317, 18.574431], [73.892536, 18.574328], [73.892414, 18.574312], [73.89241, 18.574311], [73.891667, 18.574213], [73.885275, 18.573321], [73.883965, 18.573326], [73.885178, 18.573138], [73.885135, 18.572447], [73.885039, 18.572182], [73.884894, 18.571852], [73.882688, 18.571948], [73.882543, 18.571201], [73.881643, 18.57143], [73.880817, 18.570769], [73.880269, 18.570382], [73.879486, 18.569202], [73.879076, 18.569048], [73.878725, 18.568806], [73.878104, 18.56866], [73.876077, 18.569609], [73.874711, 18.57058], [73.874076, 18.570789], [73.874044, 18.569863], [73.873744, 18.568887], [73.873315, 18.567789], [73.872811, 18.564046], [73.873332, 18.560236], [73.873335, 18.560217], [73.873336, 18.560209], [73.873572, 18.558686], [73.873508, 18.557242], [73.872735, 18.555909], [73.871856, 18.555268], [73.870354, 18.55537], [73.868004, 18.555126], [73.866245, 18.554811], [73.86617, 18.554796], [73.866168, 18.554796], [73.865097, 18.554587], [73.863354, 18.554063], [73.871096, 18.548749], [73.870049, 18.547264], [73.872139, 18.545782], [73.872394, 18.545951], [73.872629, 18.546038], [73.872769, 18.546498], [73.872811, 18.546322], [73.873528, 18.546307], [73.873563, 18.544786], [73.873908, 18.544775], [73.873973, 18.545232], [73.874618, 18.545264], [73.875301, 18.544779], [73.876436, 18.544092], [73.876993, 18.544851], [73.877956, 18.542872], [73.883144, 18.543919], [73.887485, 18.544509], [73.891265, 18.544481], [73.894014, 18.543656], [73.895796, 18.543121], [73.896692, 18.543358], [73.898642, 18.542121], [73.900632, 18.54206], [73.90309, 18.541984], [73.904709, 18.541934]]]}}, {"type": "Feature", "properties": {"Pincode": "411007", "Office_Name": "Ganeshkhind S.O", "Division": "Pune City West ", "Region": "Pune ", "Circle": "Maharashtra ", "_distFromHubKm": 12.56}, "geometry": {"type": "Polygon", "coordinates": [[[73.827451, 18.562799], [73.825808, 18.562876], [73.825867, 18.561717], [73.823308, 18.561707], [73.819472, 18.561681], [73.819445, 18.562734], [73.818514, 18.562616], [73.818045, 18.562556], [73.817525, 18.562556], [73.81701, 18.561747], [73.817037, 18.561371], [73.817015, 18.561144], [73.816962, 18.560593], [73.81672, 18.559911], [73.815562, 18.559744], [73.814707, 18.560702], [73.814698, 18.560713], [73.814656, 18.56076], [73.814612, 18.560768], [73.814555, 18.560929], [73.814454, 18.561214], [73.814314, 18.561121], [73.814241, 18.561072], [73.814176, 18.561028], [73.813779, 18.560621], [73.81379, 18.560273], [73.813956, 18.559701], [73.814283, 18.559401], [73.814178, 18.559225], [73.814173, 18.559217], [73.813638, 18.558319], [73.812994, 18.557262], [73.809444, 18.557248], [73.809465, 18.556794], [73.809497, 18.556119], [73.80972, 18.556107], [73.810278, 18.556078], [73.812536, 18.55596], [73.813083, 18.553997], [73.813038, 18.550456], [73.813021, 18.549116], [73.813019, 18.548952], [73.813059, 18.548559], [73.814093, 18.548118], [73.815682, 18.547457], [73.816635, 18.547161], [73.817438, 18.546895], [73.817739, 18.546794], [73.819385, 18.546236], [73.821682, 18.545453], [73.82267, 18.545087], [73.823925, 18.544222], [73.82472, 18.543663], [73.824967, 18.54349], [73.825882, 18.542544], [73.828024, 18.542011], [73.829324, 18.541719], [73.830295, 18.540996], [73.831355, 18.540207], [73.832147, 18.539618], [73.833922, 18.538381], [73.835688, 18.540029], [73.836988, 18.541242], [73.837722, 18.541928], [73.838355, 18.542518], [73.838244, 18.542616], [73.838333, 18.542794], [73.838811, 18.543856], [73.836483, 18.546979], [73.835147, 18.548382], [73.833492, 18.549369], [73.831921, 18.552074], [73.830959, 18.554614], [73.8305, 18.555729], [73.830281, 18.556341], [73.830009, 18.557193], [73.829916, 18.558077], [73.829423, 18.55875], [73.82907, 18.559926], [73.828845, 18.561051], [73.828577, 18.562767], [73.827451, 18.562799]]]}}, {"type": "Feature", "properties": {"Pincode": "411008", "Office_Name": "N.C.L. Pune S.O", "Division": "Pune City West ", "Region": "Pune ", "Circle": "Maharashtra ", "_distFromHubKm": 12.22}, "geometry": {"type": "Polygon", "coordinates": [[[73.813059, 18.548559], [73.812161, 18.548942], [73.810598, 18.549529], [73.81051, 18.549562], [73.809724, 18.549857], [73.8089, 18.550006], [73.808209, 18.55012], [73.807355, 18.55026], [73.806978, 18.550321], [73.806538, 18.550421], [73.805506, 18.550707], [73.804803, 18.551068], [73.804301, 18.551475], [73.803905, 18.551797], [73.803806, 18.551915], [73.80338, 18.552421], [73.803107, 18.552406], [73.802051, 18.552492], [73.801551, 18.552532], [73.801421, 18.552543], [73.801287, 18.552551], [73.801029, 18.552568], [73.800006, 18.552632], [73.799513, 18.552663], [73.799024, 18.552694], [73.7989, 18.552702], [73.798526, 18.552695], [73.798022, 18.552686], [73.797751, 18.552593], [73.797862, 18.552451], [73.798061, 18.552184], [73.798301, 18.551787], [73.798477, 18.551434], [73.798527, 18.548667], [73.798198, 18.546979], [73.799764, 18.546713], [73.80122, 18.546486], [73.80247, 18.546145], [73.802482, 18.545027], [73.802239, 18.543683], [73.802212, 18.542869], [73.801418, 18.541873], [73.801666, 18.541534], [73.801917, 18.541199], [73.802401, 18.54056], [73.803189, 18.539729], [73.803379, 18.539529], [73.80348, 18.539425], [73.803576, 18.539327], [73.803969, 18.538923], [73.805181, 18.537956], [73.804677, 18.537671], [73.804934, 18.536339], [73.805546, 18.534823], [73.804389, 18.534121], [73.802049, 18.534406], [73.801877, 18.532534], [73.801236, 18.533166], [73.800906, 18.533491], [73.800595, 18.533724], [73.799875, 18.534264], [73.797643, 18.534955], [73.795453, 18.534345], [73.794199, 18.53241], [73.792877, 18.530602], [73.792447, 18.530032], [73.793091, 18.528893], [73.793306, 18.527062], [73.79292, 18.526248], [73.790215, 18.522952], [73.791027, 18.521405], [73.796061, 18.521516], [73.796089, 18.521517], [73.797993, 18.521559], [73.800013, 18.521603], [73.803966, 18.52169], [73.806778, 18.521752], [73.806785, 18.521752], [73.807988, 18.521779], [73.80992, 18.521971], [73.809931, 18.521972], [73.810326, 18.522012], [73.813484, 18.522326], [73.813483, 18.522297], [73.814656, 18.522452], [73.814037, 18.523158], [73.812925, 18.524427], [73.812318, 18.525173], [73.812316, 18.525176], [73.811889, 18.525726], [73.810809, 18.527296], [73.812022, 18.527367], [73.812409, 18.528292], [73.812902, 18.529045], [73.814083, 18.529493], [73.815253, 18.530073], [73.815146, 18.530968], [73.814405, 18.531924], [73.813546, 18.532921], [73.812806, 18.533196], [73.812183, 18.53346], [73.81141, 18.535067], [73.811754, 18.536108], [73.81141, 18.537122], [73.811969, 18.537794], [73.812913, 18.538139], [73.813461, 18.538078], [73.814255, 18.537702], [73.815328, 18.537641], [73.816799, 18.537783], [73.818484, 18.537661], [73.818108, 18.536725], [73.818334, 18.535149], [73.819676, 18.535444], [73.820654, 18.536337], [73.821737, 18.537326], [73.821951, 18.539523], [73.822411, 18.539629], [73.822972, 18.539759], [73.82366, 18.539918], [73.826464, 18.540565], [73.826051, 18.541667], [73.825882, 18.542544], [73.824967, 18.54349], [73.82472, 18.543663], [73.823925, 18.544222], [73.82267, 18.545087], [73.821682, 18.545453], [73.819385, 18.546236], [73.817739, 18.546794], [73.817438, 18.546895], [73.816635, 18.547161], [73.815682, 18.547457], [73.814093, 18.548118], [73.813059, 18.548559]]]}}, {"type": "Feature", "properties": {"Pincode": "411009", "Office_Name": "Parvati S.O", "Division": "Pune City West ", "Region": "Pune ", "Circle": "Maharashtra ", "_distFromHubKm": 4.33}, "geometry": {"type": "Polygon", "coordinates": [[[73.853971, 18.499115], [73.852211, 18.49883], [73.851433, 18.498652], [73.850543, 18.498753], [73.849921, 18.499013], [73.84939, 18.499461], [73.848596, 18.499852], [73.847609, 18.499817], [73.846976, 18.499796], [73.846375, 18.499623], [73.845688, 18.499277], [73.845162, 18.498901], [73.843532, 18.497395], [73.840066, 18.494353], [73.83938, 18.492745], [73.838907, 18.491117], [73.838339, 18.489845], [73.837116, 18.48954], [73.835356, 18.48953], [73.83232, 18.488726], [73.830893, 18.488126], [73.830283, 18.487457], [73.830206, 18.487373], [73.830154, 18.487281], [73.830003, 18.487017], [73.830495, 18.487132], [73.830478, 18.487131], [73.831329, 18.487337], [73.8307, 18.48718], [73.834369, 18.488095], [73.83703, 18.487851], [73.838897, 18.487871], [73.842931, 18.486366], [73.84306, 18.483639], [73.843317, 18.48197], [73.844132, 18.481278], [73.845978, 18.482173], [73.846149, 18.48317], [73.846707, 18.483883], [73.84748, 18.483923], [73.848939, 18.483496], [73.849754, 18.481481], [73.849282, 18.474592], [73.849835, 18.474521], [73.850348, 18.474604], [73.853303, 18.474636], [73.853442, 18.47515], [73.853853, 18.474926], [73.854159, 18.474832], [73.854491, 18.474847], [73.855038, 18.474913], [73.855301, 18.475218], [73.85562, 18.475669], [73.855621, 18.475671], [73.855622, 18.475672], [73.855736, 18.475834], [73.855956, 18.476312], [73.85626, 18.476246], [73.856275, 18.476163], [73.856563, 18.47608], [73.856647, 18.475677], [73.857485, 18.475501], [73.857174, 18.474325], [73.857857, 18.474339], [73.857986, 18.473504], [73.858517, 18.472087], [73.859056, 18.471403], [73.860004, 18.470928], [73.860497, 18.470669], [73.860869, 18.470288], [73.861203, 18.467446], [73.862174, 18.464884], [73.86291, 18.463367], [73.863005, 18.463558], [73.862992, 18.463606], [73.862915, 18.463653], [73.862843, 18.463745], [73.862739, 18.463908], [73.862693, 18.463971], [73.862526, 18.464355], [73.862274, 18.464925], [73.861947, 18.465754], [73.861683, 18.466528], [73.861219, 18.467581], [73.861176, 18.468045], [73.861145, 18.468469], [73.861041, 18.469082], [73.861019, 18.469441], [73.861002, 18.469616], [73.860917, 18.470304], [73.860878, 18.470407], [73.860691, 18.470583], [73.860429, 18.470757], [73.860027, 18.471], [73.859648, 18.471153], [73.859475, 18.471237], [73.859376, 18.471305], [73.859049, 18.471509], [73.858911, 18.471662], [73.858588, 18.472071], [73.85846, 18.472311], [73.858369, 18.472557], [73.858255, 18.472841], [73.858164, 18.473096], [73.858113, 18.473256], [73.858005, 18.473748], [73.857943, 18.474033], [73.857889, 18.474335], [73.857856, 18.474379], [73.85784, 18.47438], [73.857619, 18.474371], [73.85722, 18.474357], [73.857281, 18.474603], [73.857334, 18.474812], [73.857379, 18.474969], [73.857447, 18.475152], [73.85754, 18.475422], [73.8575, 18.475541], [73.857344, 18.475584], [73.856961, 18.475692], [73.856718, 18.475757], [73.856612, 18.476086], [73.856618, 18.476256], [73.856706, 18.476378], [73.856756, 18.476471], [73.856901, 18.476626], [73.856949, 18.476797], [73.857221, 18.477236], [73.857237, 18.477348], [73.857322, 18.478907], [73.857295, 18.479843], [73.857301, 18.480677], [73.857349, 18.481578], [73.857344, 18.482219], [73.857435, 18.482875], [73.857612, 18.483913], [73.857778, 18.484692], [73.857768, 18.485139], [73.857719, 18.485882], [73.85758, 18.486884], [73.857612, 18.487653], [73.857494, 18.488864], [73.857526, 18.489398], [73.85765, 18.489856], [73.857741, 18.490461], [73.857794, 18.49129], [73.857805, 18.492374], [73.857918, 18.493229], [73.858052, 18.494719], [73.858127, 18.49562], [73.858132, 18.49625], [73.85817, 18.497008], [73.858218, 18.497415], [73.858288, 18.497858], [73.858325, 18.498107], [73.858411, 18.498759], [73.858518, 18.499349], [73.858529, 18.499674], [73.858588, 18.500152], [73.858112, 18.498107], [73.856095, 18.49882], [73.853971, 18.499115]]]}}, {"type": "Feature", "properties": {"Pincode": "411011", "Office_Name": "Kasba Peth S.O", "Division": "Pune City West ", "Region": "Pune ", "Circle": "Maharashtra ", "_distFromHubKm": 7.45}, "geometry": {"type": "Polygon", "coordinates": [[[73.861411, 18.528582], [73.860741, 18.527346], [73.860183, 18.526838], [73.859518, 18.526207], [73.854848, 18.521843], [73.854847, 18.521832], [73.855058, 18.521506], [73.855149, 18.521074], [73.854892, 18.520853], [73.854664, 18.520657], [73.85439, 18.520341], [73.8544, 18.519348], [73.854406, 18.518773], [73.854576, 18.518654], [73.854775, 18.518516], [73.856407, 18.518638], [73.857458, 18.51874], [73.85866, 18.518821], [73.859712, 18.518699], [73.860483, 18.518949], [73.861622, 18.519289], [73.862481, 18.519595], [73.864285, 18.519513], [73.86529, 18.519554], [73.866298, 18.519554], [73.867221, 18.519595], [73.867757, 18.519635], [73.868315, 18.519676], [73.869074, 18.520152], [73.869042, 18.520689], [73.868616, 18.520681], [73.86859, 18.52138], [73.867612, 18.521527], [73.867623, 18.522418], [73.867589, 18.522843], [73.867572, 18.525322], [73.867744, 18.525487], [73.864936, 18.526995], [73.864217, 18.527321], [73.863713, 18.527672], [73.863519, 18.527947], [73.86345, 18.528557], [73.861411, 18.528582]]]}}, {"type": "Feature", "properties": {"Pincode": "411012", "Office_Name": "Dapodi S.O", "Division": "Pune City East ", "Region": "Pune ", "Circle": "Maharashtra ", "_distFromHubKm": 15.36}, "geometry": {"type": "Polygon", "coordinates": [[[73.835822, 18.576006], [73.833204, 18.586404], [73.833474, 18.586514], [73.833724, 18.586645], [73.833796, 18.586771], [73.833693, 18.587245], [73.83361, 18.587304], [73.8335, 18.587337], [73.83324, 18.587243], [73.833122, 18.5872], [73.833058, 18.587421], [73.833188, 18.587528], [73.833454, 18.587968], [73.833358, 18.588403], [73.833336, 18.588504], [73.833324, 18.588548], [73.833175, 18.589125], [73.832872, 18.589648], [73.832738, 18.589878], [73.832565, 18.590172], [73.832125, 18.59033], [73.831986, 18.590639], [73.831811, 18.590913], [73.831909, 18.591413], [73.831576, 18.592013], [73.831662, 18.592358], [73.831952, 18.592618], [73.832064, 18.59284], [73.832152, 18.593093], [73.832135, 18.59326], [73.832286, 18.593564], [73.832362, 18.593823], [73.83248, 18.594062], [73.832416, 18.59427], [73.832423, 18.594393], [73.831159, 18.594716], [73.831096, 18.594743], [73.830928, 18.5953], [73.830906, 18.595374], [73.830887, 18.595426], [73.830841, 18.595555], [73.830748, 18.595813], [73.830622, 18.596156], [73.83056, 18.596326], [73.830496, 18.596496], [73.830237, 18.597178], [73.829357, 18.597438], [73.829947, 18.599029], [73.829089, 18.599288], [73.828784, 18.600038], [73.828587, 18.600093], [73.828215, 18.600221], [73.828202, 18.599956], [73.827481, 18.600005], [73.826973, 18.59977], [73.825514, 18.600014], [73.829398, 18.589809], [73.828852, 18.589119], [73.829185, 18.588594], [73.829314, 18.588198], [73.828768, 18.587005], [73.827986, 18.58607], [73.827324, 18.585067], [73.826771, 18.584188], [73.826208, 18.583308], [73.825564, 18.581599], [73.825113, 18.58101], [73.82331, 18.580643], [73.822264, 18.580281], [73.821201, 18.579691], [73.820624, 18.578713], [73.820366, 18.577994], [73.821004, 18.57729], [73.821747, 18.576642], [73.822704, 18.576153], [73.823751, 18.575578], [73.824495, 18.575492], [73.825421, 18.57601], [73.826681, 18.576412], [73.827668, 18.576671], [73.828647, 18.576484], [73.82942, 18.575579], [73.829925, 18.574653], [73.831454, 18.573342], [73.83236, 18.573722], [73.832653, 18.573845], [73.832877, 18.574011], [73.833105, 18.574179], [73.833278, 18.574307], [73.833521, 18.574486], [73.833741, 18.574649], [73.833967, 18.574816], [73.834345, 18.575096], [73.834705, 18.575363], [73.835005, 18.575585], [73.835628, 18.575808], [73.835822, 18.576006]]]}}, {"type": "Feature", "properties": {"Pincode": "411013", "Office_Name": "Hadpsar I.E. S.O", "Division": "Pune City East ", "Region": "Pune ", "Circle": "Maharashtra ", "_distFromHubKm": 5.86}, "geometry": {"type": "Polygon", "coordinates": [[[73.898532, 18.506498], [73.898356, 18.505474], [73.897637, 18.504446], [73.897617, 18.503867], [73.898695, 18.503593], [73.898892, 18.503392], [73.898406, 18.502133], [73.899104, 18.502011], [73.900964, 18.501926], [73.901701, 18.50189], [73.902829, 18.501816], [73.903074, 18.501689], [73.903238, 18.500725], [73.903261, 18.500587], [73.903264, 18.500571], [73.903297, 18.500321], [73.903318, 18.500153], [73.903399, 18.499506], [73.903732, 18.498881], [73.904422, 18.498536], [73.904847, 18.498111], [73.905136, 18.497665], [73.905204, 18.4966], [73.905784, 18.496222], [73.905913, 18.496543], [73.905943, 18.498417], [73.906235, 18.498899], [73.905563, 18.499773], [73.90557, 18.500187], [73.905582, 18.500845], [73.904706, 18.500985], [73.90462, 18.501099], [73.90462, 18.501806], [73.904673, 18.502294], [73.905107, 18.502874], [73.90557, 18.50405], [73.906051, 18.504802], [73.908131, 18.505687], [73.908143, 18.506385], [73.910071, 18.506274], [73.911344, 18.506272], [73.91152, 18.506272], [73.911987, 18.506271], [73.912616, 18.50627], [73.912646, 18.506011], [73.912631, 18.504831], [73.912614, 18.504571], [73.912597, 18.504312], [73.912564, 18.503795], [73.912494, 18.502716], [73.912206, 18.5025], [73.911759, 18.502401], [73.911652, 18.501867], [73.911554, 18.501384], [73.911415, 18.500697], [73.910669, 18.49914], [73.911802, 18.498229], [73.912151, 18.497268], [73.912564, 18.496271], [73.912675, 18.495869], [73.912578, 18.494546], [73.91247, 18.493866], [73.912349, 18.492766], [73.912349, 18.491902], [73.912265, 18.491053], [73.915045, 18.489104], [73.919554, 18.489751], [73.927387, 18.489132], [73.927824, 18.490191], [73.927266, 18.490568], [73.927459, 18.491219], [73.927856, 18.49185], [73.927481, 18.492633], [73.927287, 18.493315], [73.927577, 18.493529], [73.927768, 18.493562], [73.927854, 18.493758], [73.927983, 18.494012], [73.927964, 18.494478], [73.928052, 18.49478], [73.928315, 18.495279], [73.928488, 18.495683], [73.928584, 18.496022], [73.928549, 18.496253], [73.928473, 18.496647], [73.928218, 18.496808], [73.928194, 18.497164], [73.928192, 18.497499], [73.928263, 18.497853], [73.927801, 18.498453], [73.927447, 18.499145], [73.92764, 18.499369], [73.927541, 18.502767], [73.9277, 18.504965], [73.92785, 18.506348], [73.92901, 18.507508], [73.931749, 18.51054], [73.932487, 18.511639], [73.932466, 18.514081], [73.933002, 18.515769], [73.932981, 18.517519], [73.932637, 18.519188], [73.932595, 18.519963], [73.932109, 18.521619], [73.932194, 18.522708], [73.931701, 18.522677], [73.931272, 18.522738], [73.929888, 18.522585], [73.928708, 18.522575], [73.927689, 18.522443], [73.927281, 18.522311], [73.927256, 18.522301], [73.927025, 18.522211], [73.926916, 18.522168], [73.926702, 18.522097], [73.92638, 18.522006], [73.926047, 18.521802], [73.925468, 18.521507], [73.924749, 18.521293], [73.923492, 18.521015], [73.921968, 18.520673], [73.919982, 18.520205], [73.919069, 18.520075], [73.918221, 18.519834], [73.91789, 18.519776], [73.917741, 18.519748], [73.917451, 18.51975], [73.916753, 18.519725], [73.916385, 18.519709], [73.915782, 18.519682], [73.91572, 18.519519], [73.915636, 18.519139], [73.91554, 18.518645], [73.915472, 18.518184], [73.915411, 18.517699], [73.915422, 18.517391], [73.915377, 18.516179], [73.915332, 18.515863], [73.914804, 18.515848], [73.914592, 18.515868], [73.914387, 18.515854], [73.913649, 18.515757], [73.912688, 18.515349], [73.911448, 18.514823], [73.908544, 18.51296], [73.908197, 18.512672], [73.907032, 18.513766], [73.907025, 18.513521], [73.907017, 18.512307], [73.907014, 18.511978], [73.907009, 18.511212], [73.906994, 18.51109], [73.906213, 18.511409], [73.905972, 18.511506], [73.905599, 18.511649], [73.904137, 18.512153], [73.90406, 18.511345], [73.903984, 18.510536], [73.902742, 18.510654], [73.90165, 18.510572], [73.901705, 18.510009], [73.901696, 18.50973], [73.901689, 18.509487], [73.901657, 18.509239], [73.901306, 18.508906], [73.901369, 18.508307], [73.901075, 18.508279], [73.901149, 18.507021], [73.899734, 18.507032], [73.899864, 18.506684], [73.899757, 18.506439], [73.898532, 18.506498]]]}}, {"type": "Feature", "properties": {"Pincode": "411014", "Office_Name": "Dunkirk lines S.O", "Division": "Pune City East ", "Region": "Pune ", "Circle": "Maharashtra ", "_distFromHubKm": 12.22}, "geometry": {"type": "Polygon", "coordinates": [[[73.906094, 18.54102], [73.910018, 18.540464], [73.91023, 18.540434], [73.910408, 18.540409], [73.910429, 18.540406], [73.910502, 18.540397], [73.910878, 18.540349], [73.910941, 18.540341], [73.912296, 18.540169], [73.924261, 18.538568], [73.931741, 18.536223], [73.934806, 18.535403], [73.938332, 18.534915], [73.939705, 18.537112], [73.941894, 18.540774], [73.943782, 18.54411], [73.946056, 18.545534], [73.948159, 18.545534], [73.951034, 18.545575], [73.951721, 18.544721], [73.954704, 18.542117], [73.958585, 18.536026], [73.960927, 18.538745], [73.963531, 18.541287], [73.964867, 18.542984], [73.967241, 18.54425], [73.969685, 18.545444], [73.970747, 18.546796], [73.971914, 18.547962], [73.975791, 18.548891], [73.973823, 18.548962], [73.972304, 18.549354], [73.972738, 18.5509], [73.971642, 18.551371], [73.971115, 18.550594], [73.968323, 18.551515], [73.962724, 18.550306], [73.960342, 18.551198], [73.959591, 18.551795], [73.960164, 18.552608], [73.960061, 18.553356], [73.959333, 18.554499], [73.959533, 18.555274], [73.959545, 18.555319], [73.959629, 18.5556], [73.959026, 18.557847], [73.958601, 18.55834], [73.9588, 18.558701], [73.958622, 18.559503], [73.9588, 18.559976], [73.958294, 18.564], [73.957209, 18.565366], [73.955821, 18.566121], [73.955107, 18.566733], [73.953666, 18.56925], [73.954049, 18.569975], [73.954091, 18.570055], [73.955154, 18.572017], [73.952708, 18.57034], [73.949683, 18.568464], [73.947167, 18.56733], [73.945295, 18.566628], [73.944458, 18.566155], [73.944114, 18.566689], [73.944882, 18.567299], [73.945665, 18.568215], [73.945858, 18.568774], [73.945767, 18.569003], [73.945397, 18.5691], [73.944804, 18.569042], [73.943948, 18.569083], [73.94306, 18.569557], [73.942787, 18.570197], [73.941915, 18.573203], [73.942013, 18.573448], [73.943462, 18.574362], [73.943481, 18.57584], [73.93715, 18.577677], [73.937457, 18.575888], [73.936524, 18.575924], [73.935474, 18.5759], [73.934412, 18.576015], [73.933868, 18.57639], [73.930876, 18.573151], [73.928661, 18.571139], [73.922334, 18.574876], [73.920604, 18.575695], [73.920331, 18.575896], [73.917509, 18.575926], [73.917448, 18.577536], [73.916781, 18.577823], [73.915172, 18.57814], [73.913898, 18.578686], [73.912168, 18.57791], [73.908072, 18.578227], [73.906676, 18.566326], [73.907096, 18.565266], [73.905891, 18.54885], [73.906106, 18.546002], [73.905724, 18.544337], [73.904709, 18.541934], [73.906123, 18.541716], [73.906094, 18.54102]]]}}, {"type": "Feature", "properties": {"Pincode": "411015", "Office_Name": "Dighi Camp S.O", "Division": "Pune City East ", "Region": "Pune ", "Circle": "Maharashtra ", "_distFromHubKm": 15.07}, "geometry": {"type": "Polygon", "coordinates": [[[73.874076, 18.570789], [73.874711, 18.57058], [73.876077, 18.569609], [73.878104, 18.56866], [73.878725, 18.568806], [73.879076, 18.569048], [73.879486, 18.569202], [73.880269, 18.570382], [73.880817, 18.570769], [73.881643, 18.57143], [73.882543, 18.571201], [73.882688, 18.571948], [73.884894, 18.571852], [73.885039, 18.572182], [73.885135, 18.572447], [73.885178, 18.573138], [73.883965, 18.573326], [73.885275, 18.573321], [73.891667, 18.574213], [73.890599, 18.574064], [73.890395, 18.575607], [73.890792, 18.575645], [73.890476, 18.579186], [73.890422, 18.580222], [73.891749, 18.580512], [73.893631, 18.580932], [73.893571, 18.581549], [73.89563, 18.582442], [73.895701, 18.582364], [73.895583, 18.582997], [73.895732, 18.582973], [73.896369, 18.582747], [73.896483, 18.582768], [73.896794, 18.582811], [73.897121, 18.582704], [73.897633, 18.583067], [73.89827, 18.582066], [73.902492, 18.584618], [73.903731, 18.58443], [73.904133, 18.58472], [73.90276, 18.585472], [73.902326, 18.5857], [73.902299, 18.586269], [73.902143, 18.586485], [73.900888, 18.586922], [73.901027, 18.587318], [73.901532, 18.588345], [73.90298, 18.590092], [73.903247, 18.591097], [73.903448, 18.59188], [73.903038, 18.592376], [73.903448, 18.593241], [73.904176, 18.593395], [73.905188, 18.594116], [73.905319, 18.595442], [73.907014, 18.597129], [73.907362, 18.59708], [73.907498, 18.597968], [73.907529, 18.598169], [73.907608, 18.598688], [73.907646, 18.598931], [73.907705, 18.59932], [73.907765, 18.59971], [73.907797, 18.600834], [73.907604, 18.601322], [73.907926, 18.601942], [73.907899, 18.60238], [73.908028, 18.60333], [73.907819, 18.603508], [73.907475, 18.605496], [73.907434, 18.60672], [73.906266, 18.610039], [73.906298, 18.610301], [73.906333, 18.611289], [73.906443, 18.612054], [73.90644, 18.61262], [73.906277, 18.614219], [73.906091, 18.615057], [73.906137, 18.616574], [73.906759, 18.616416], [73.906846, 18.617437], [73.895245, 18.621358], [73.891701, 18.623392], [73.889401, 18.624712], [73.883057, 18.628353], [73.879366, 18.628759], [73.875257, 18.633934], [73.870955, 18.63065], [73.869978, 18.630142], [73.869209, 18.629852], [73.868861, 18.629308], [73.868341, 18.629039], [73.867972, 18.628339], [73.86774, 18.6279], [73.867434, 18.627351], [73.866903, 18.626873], [73.866389, 18.62596], [73.864272, 18.620196], [73.866018, 18.620079], [73.867786, 18.619608], [73.868841, 18.619558], [73.868142, 18.614205], [73.863046, 18.614093], [73.862955, 18.613793], [73.858967, 18.614457], [73.859208, 18.613477], [73.859472, 18.612444], [73.859707, 18.611451], [73.858985, 18.608626], [73.858712, 18.605707], [73.858604, 18.60475], [73.858294, 18.601594], [73.860359, 18.601421], [73.860397, 18.600954], [73.860085, 18.598811], [73.862231, 18.596289], [73.862475, 18.595978], [73.863834, 18.595475], [73.864725, 18.595094], [73.864046, 18.593891], [73.864275, 18.593583], [73.864096, 18.593336], [73.863925, 18.592951], [73.863967, 18.59268], [73.863908, 18.592362], [73.863846, 18.592084], [73.864623, 18.591772], [73.865613, 18.591488], [73.865624, 18.591384], [73.865517, 18.591078], [73.865435, 18.590794], [73.865298, 18.590456], [73.865146, 18.59028], [73.864646, 18.590014], [73.864543, 18.589827], [73.864452, 18.589428], [73.864259, 18.589176], [73.863902, 18.588928], [73.863944, 18.588615], [73.863953, 18.588087], [73.863506, 18.586987], [73.863202, 18.585881], [73.863174, 18.584707], [73.863077, 18.583956], [73.865045, 18.583287], [73.866923, 18.580903], [73.871255, 18.577033], [73.873036, 18.574765], [73.874076, 18.570789]]]}}, {"type": "Feature", "properties": {"Pincode": "411016", "Office_Name": "Model Colony S.O", "Division": "Pune City West ", "Region": "Pune ", "Circle": "Maharashtra ", "_distFromHubKm": 9.9}, "geometry": {"type": "Polygon", "coordinates": [[[73.842137, 18.526975], [73.842218, 18.527123], [73.842218, 18.527124], [73.842652, 18.527916], [73.842899, 18.5284], [73.843081, 18.528733], [73.84335, 18.529224], [73.843359, 18.52924], [73.843494, 18.529488], [73.843536, 18.529563], [73.843623, 18.529721], [73.843681, 18.529828], [73.843721, 18.529901], [73.843728, 18.529914], [73.843739, 18.529933], [73.843808, 18.53006], [73.843846, 18.530128], [73.843934, 18.530289], [73.844, 18.530408], [73.844138, 18.53066], [73.844682, 18.531652], [73.844376, 18.533001], [73.841871, 18.534868], [73.840592, 18.535821], [73.838701, 18.53723], [73.837107, 18.538841], [73.837575, 18.539784], [73.837753, 18.540061], [73.837994, 18.540262], [73.838292, 18.54074], [73.839217, 18.541603], [73.838355, 18.542518], [73.837722, 18.541928], [73.836988, 18.541242], [73.835688, 18.540029], [73.833922, 18.538381], [73.832147, 18.539618], [73.831355, 18.540207], [73.830295, 18.540996], [73.829324, 18.541719], [73.828024, 18.542011], [73.825882, 18.542544], [73.826051, 18.541667], [73.826464, 18.540565], [73.82366, 18.539918], [73.822972, 18.539759], [73.822411, 18.539629], [73.821951, 18.539523], [73.821737, 18.537326], [73.820654, 18.536337], [73.819676, 18.535444], [73.818334, 18.535149], [73.818108, 18.536725], [73.818484, 18.537661], [73.816799, 18.537783], [73.815328, 18.537641], [73.814255, 18.537702], [73.813461, 18.538078], [73.812913, 18.538139], [73.811969, 18.537794], [73.81141, 18.537122], [73.811754, 18.536108], [73.81141, 18.535067], [73.812183, 18.53346], [73.812806, 18.533196], [73.813546, 18.532921], [73.814405, 18.531924], [73.815146, 18.530968], [73.815253, 18.530073], [73.814083, 18.529493], [73.812902, 18.529045], [73.812409, 18.528292], [73.812022, 18.527367], [73.810809, 18.527296], [73.811889, 18.525726], [73.812316, 18.525176], [73.812318, 18.525173], [73.812925, 18.524427], [73.814037, 18.523158], [73.814656, 18.522452], [73.814765, 18.522327], [73.81527, 18.521751], [73.81568, 18.521853], [73.815772, 18.521822], [73.815947, 18.521765], [73.816109, 18.521711], [73.816166, 18.521685], [73.816313, 18.521617], [73.816946, 18.521324], [73.817375, 18.52108], [73.81749, 18.520914], [73.817506, 18.52089], [73.81774, 18.520551], [73.817748, 18.520195], [73.817761, 18.519595], [73.818017, 18.519214], [73.818898, 18.517906], [73.818941, 18.516217], [73.819416, 18.515962], [73.819928, 18.515688], [73.820808, 18.516482], [73.82201, 18.515932], [73.823663, 18.515992], [73.825259, 18.516404], [73.824946, 18.5167], [73.824872, 18.51677], [73.824272, 18.517338], [73.823987, 18.517607], [73.822709, 18.518816], [73.823335, 18.519511], [73.823901, 18.520137], [73.825213, 18.521592], [73.829393, 18.523686], [73.830653, 18.524062], [73.833709, 18.524973], [73.834949, 18.52578], [73.836107, 18.524539], [73.838049, 18.527167], [73.838292, 18.527133], [73.838322, 18.527129], [73.83834, 18.527126], [73.838362, 18.527123], [73.83838, 18.52712], [73.838398, 18.527118], [73.838406, 18.527117], [73.838409, 18.527116], [73.838414, 18.527116], [73.838474, 18.527107], [73.838484, 18.527105], [73.838539, 18.527097], [73.838657, 18.527081], [73.838708, 18.527074], [73.838723, 18.527071], [73.838749, 18.527068], [73.838762, 18.527066], [73.839022, 18.527029], [73.839562, 18.52702], [73.839696, 18.527017], [73.839831, 18.527015], [73.840101, 18.52701], [73.840119, 18.52701], [73.840579, 18.527002], [73.840969, 18.526995], [73.841358, 18.526989], [73.841576, 18.526985], [73.841645, 18.526984], [73.841844, 18.52698], [73.842081, 18.526976], [73.842107, 18.526976], [73.842137, 18.526975]]]}}, {"type": "Feature", "properties": {"Pincode": "411017", "Office_Name": "Pimpri Colony S.O", "Division": "Pune City East ", "Region": "Pune ", "Circle": "Maharashtra ", "_distFromHubKm": 19.11}, "geometry": {"type": "Polygon", "coordinates": [[[73.777141, 18.603564], [73.778597, 18.602405], [73.784444, 18.593375], [73.785246, 18.592391], [73.785305, 18.592477], [73.787005, 18.594138], [73.788333, 18.595425], [73.79245, 18.599278], [73.793448, 18.600204], [73.794569, 18.601312], [73.79524, 18.601988], [73.795802, 18.60246], [73.796109, 18.602816], [73.796539, 18.602758], [73.796635, 18.602913], [73.796954, 18.602972], [73.797234, 18.603079], [73.797521, 18.603183], [73.79759, 18.603219], [73.797558, 18.603389], [73.797707, 18.603489], [73.798041, 18.603412], [73.798887, 18.602937], [73.79908, 18.602828], [73.799435, 18.602629], [73.799978, 18.602359], [73.800451, 18.602348], [73.801067, 18.602334], [73.801801, 18.602564], [73.802349, 18.602736], [73.802952, 18.602836], [73.803618, 18.602946], [73.803963, 18.603003], [73.804475, 18.603007], [73.80516, 18.603011], [73.805948, 18.603017], [73.806657, 18.60301], [73.807236, 18.603003], [73.807603, 18.60299], [73.807732, 18.602996], [73.808391, 18.602821], [73.809175, 18.603212], [73.809379, 18.60353], [73.809492, 18.603708], [73.809523, 18.60387], [73.809663, 18.604934], [73.81005, 18.605326], [73.810505, 18.605513], [73.81071, 18.605531], [73.810919, 18.605462], [73.811212, 18.605273], [73.811424, 18.605081], [73.81171, 18.605025], [73.812142, 18.604939], [73.812402, 18.604967], [73.812606, 18.605128], [73.812804, 18.605283], [73.813193, 18.605201], [73.814054, 18.605298], [73.815831, 18.605397], [73.81585, 18.605552], [73.816019, 18.605895], [73.816121, 18.606137], [73.816199, 18.606648], [73.816221, 18.607252], [73.816316, 18.607605], [73.816286, 18.607775], [73.816192, 18.607935], [73.816102, 18.608151], [73.815989, 18.608273], [73.81592, 18.608407], [73.815943, 18.608571], [73.815975, 18.608699], [73.816698, 18.608879], [73.816889, 18.608874], [73.817773, 18.608777], [73.818027, 18.60928], [73.818198, 18.6095], [73.81827, 18.609647], [73.818258, 18.609904], [73.818176, 18.610051], [73.817982, 18.610296], [73.817741, 18.610522], [73.817438, 18.610895], [73.817421, 18.611038], [73.817518, 18.611228], [73.81357, 18.613896], [73.807395, 18.618015], [73.805649, 18.619425], [73.803053, 18.622236], [73.802862, 18.622444], [73.801321, 18.624112], [73.80125, 18.62419], [73.801231, 18.624211], [73.801013, 18.624452], [73.798552, 18.62717], [73.797191, 18.628671], [73.796629, 18.62817], [73.796505, 18.62787], [73.796414, 18.627422], [73.79614, 18.626899], [73.795992, 18.626096], [73.795838, 18.626], [73.795821, 18.625897], [73.795857, 18.625774], [73.796075, 18.625694], [73.79619, 18.62568], [73.796284, 18.625597], [73.796254, 18.625394], [73.796061, 18.625244], [73.795482, 18.624705], [73.794197, 18.625567], [73.792436, 18.62699], [73.791594, 18.62775], [73.790668, 18.628246], [73.789767, 18.628098], [73.789134, 18.62759], [73.788663, 18.626843], [73.788448, 18.625613], [73.78855, 18.624606], [73.788738, 18.623584], [73.788872, 18.622369], [73.788629, 18.62115], [73.788178, 18.620117], [73.787643, 18.619202], [73.786672, 18.618231], [73.785715, 18.617527], [73.784913, 18.616727], [73.785379, 18.615269], [73.785318, 18.614906], [73.784317, 18.612224], [73.783721, 18.61157], [73.783049, 18.610729], [73.779699, 18.606564], [73.777141, 18.603564]]]}}, {"type": "Feature", "properties": {"Pincode": "411018", "Office_Name": "Pimpri P F S.O", "Division": "Pune City East ", "Region": "Pune ", "Circle": "Maharashtra ", "_distFromHubKm": 20.66}, "geometry": {"type": "Polygon", "coordinates": [[[73.817518, 18.611228], [73.81767, 18.611363], [73.817716, 18.611447], [73.817782, 18.611548], [73.817794, 18.611694], [73.817744, 18.6118], [73.817709, 18.611887], [73.817675, 18.612122], [73.817688, 18.612182], [73.817697, 18.612223], [73.817718, 18.612319], [73.817774, 18.612569], [73.817807, 18.612684], [73.817748, 18.612745], [73.817762, 18.61282], [73.817941, 18.612897], [73.818083, 18.612886], [73.818212, 18.61301], [73.818199, 18.613357], [73.818259, 18.613723], [73.818397, 18.614228], [73.818654, 18.614703], [73.818674, 18.614728], [73.819007, 18.615132], [73.819288, 18.61565], [73.819489, 18.616272], [73.819826, 18.616851], [73.820095, 18.617101], [73.820098, 18.617103], [73.820098, 18.617104], [73.821252, 18.618174], [73.821761, 18.618824], [73.8222, 18.618965], [73.822444, 18.619045], [73.822589, 18.619184], [73.822527, 18.619423], [73.822334, 18.619517], [73.822406, 18.619909], [73.822641, 18.620471], [73.822735, 18.620535], [73.823134, 18.620733], [73.82327, 18.621157], [73.823202, 18.621711], [73.822972, 18.62227], [73.822785, 18.622512], [73.82276, 18.622685], [73.822862, 18.623366], [73.823072, 18.624062], [73.823619, 18.624159], [73.824145, 18.624144], [73.824627, 18.623981], [73.824847, 18.624067], [73.824762, 18.62436], [73.824517, 18.624751], [73.823951, 18.625262], [73.823798, 18.625517], [73.823721, 18.625646], [73.82364, 18.625773], [73.823318, 18.626279], [73.822991, 18.626459], [73.821969, 18.626301], [73.821886, 18.626524], [73.821882, 18.626754], [73.822098, 18.627056], [73.822229, 18.627377], [73.822578, 18.627651], [73.822998, 18.628594], [73.823047, 18.628792], [73.823179, 18.629004], [73.823593, 18.629302], [73.823908, 18.629511], [73.82409, 18.629698], [73.824434, 18.630162], [73.824523, 18.630447], [73.824507, 18.630734], [73.824356, 18.63117], [73.824332, 18.631339], [73.824179, 18.631459], [73.823887, 18.631807], [73.823824, 18.632843], [73.823957, 18.633537], [73.824006, 18.634029], [73.824207, 18.634306], [73.824192, 18.634867], [73.824295, 18.635535], [73.823976, 18.636477], [73.823964, 18.636925], [73.824232, 18.6373], [73.825068, 18.638087], [73.825671, 18.639629], [73.825774, 18.64038], [73.82635, 18.640876], [73.826169, 18.641811], [73.825759, 18.642185], [73.825364, 18.642565], [73.825043, 18.642945], [73.824633, 18.643432], [73.824803, 18.644208], [73.825004, 18.644833], [73.825499, 18.645633], [73.825617, 18.646009], [73.825623, 18.646584], [73.825531, 18.646753], [73.825364, 18.646864], [73.825175, 18.647152], [73.824678, 18.648383], [73.825175, 18.648977], [73.825057, 18.651314], [73.825493, 18.652101], [73.825598, 18.652583], [73.825523, 18.653264], [73.825706, 18.654881], [73.825936, 18.656716], [73.826036, 18.657508], [73.826644, 18.659227], [73.826326, 18.659665], [73.825721, 18.660497], [73.824712, 18.661244], [73.82374, 18.66159], [73.82101, 18.661909], [73.820849, 18.661928], [73.820817, 18.661932], [73.815639, 18.662599], [73.815625, 18.662601], [73.815605, 18.662604], [73.815567, 18.662609], [73.815561, 18.66261], [73.814161, 18.662825], [73.813784, 18.662828], [73.81356, 18.662674], [73.813162, 18.662207], [73.812945, 18.661951], [73.812737, 18.661178], [73.812266, 18.657969], [73.8096, 18.651084], [73.808752, 18.648873], [73.80819, 18.647067], [73.807799, 18.645807], [73.807485, 18.644309], [73.802447, 18.641183], [73.803096, 18.640172], [73.802656, 18.639812], [73.802398, 18.639367], [73.802213, 18.638396], [73.802179, 18.637652], [73.801984, 18.636816], [73.801953, 18.635467], [73.801623, 18.635052], [73.801448, 18.634755], [73.801342, 18.634493], [73.801061, 18.634396], [73.800644, 18.634205], [73.800457, 18.633868], [73.800145, 18.633304], [73.799721, 18.633085], [73.799442, 18.633395], [73.798876, 18.633332], [73.798508, 18.633245], [73.798484, 18.633041], [73.798607, 18.632253], [73.798398, 18.632163], [73.798355, 18.631947], [73.798191, 18.631698], [73.798178, 18.63149], [73.798148, 18.631274], [73.798017, 18.631091], [73.797792, 18.630811], [73.797791, 18.630811], [73.797785, 18.630804], [73.797772, 18.630787], [73.797639, 18.630611], [73.797655, 18.630397], [73.797765, 18.630214], [73.797829, 18.630061], [73.7978, 18.629969], [73.797711, 18.629954], [73.797459, 18.629875], [73.797398, 18.629656], [73.797443, 18.629199], [73.797371, 18.629074], [73.797393, 18.628929], [73.797191, 18.628671], [73.798552, 18.62717], [73.801013, 18.624452], [73.801231, 18.624211], [73.80125, 18.62419], [73.801321, 18.624112], [73.802862, 18.622444], [73.803053, 18.622236], [73.805649, 18.619425], [73.807395, 18.618015], [73.81357, 18.613896], [73.817518, 18.611228]]]}}, {"type": "Feature", "properties": {"Pincode": "411019", "Office_Name": "Chinchwad East S.O", "Division": "Pune City East ", "Region": "Pune ", "Circle": "Maharashtra ", "_distFromHubKm": 23.26}, "geometry": {"type": "Polygon", "coordinates": [[[73.826644, 18.659227], [73.827318, 18.660183], [73.82832, 18.661319], [73.828732, 18.661865], [73.829185, 18.662354], [73.830055, 18.66346], [73.827716, 18.663775], [73.825128, 18.664098], [73.824042, 18.664259], [73.822335, 18.664445], [73.821808, 18.66452], [73.821746, 18.664529], [73.821682, 18.664538], [73.820987, 18.664621], [73.819632, 18.664781], [73.81926, 18.664679], [73.819253, 18.664613], [73.818961, 18.664614], [73.818973, 18.664476], [73.818609, 18.664418], [73.818422, 18.664389], [73.818247, 18.664356], [73.815798, 18.663948], [73.8156, 18.663033], [73.813417, 18.663267], [73.81076, 18.664067], [73.809971, 18.664243], [73.807762, 18.665107], [73.806031, 18.665502], [73.801683, 18.666108], [73.799125, 18.666885], [73.799165, 18.667147], [73.799109, 18.667209], [73.799285, 18.667881], [73.79877, 18.668006], [73.798936, 18.668769], [73.798843, 18.668887], [73.798609, 18.668956], [73.798898, 18.670156], [73.798963, 18.670785], [73.798318, 18.670235], [73.79779, 18.670239], [73.797477, 18.670198], [73.79709, 18.67015], [73.796392, 18.670104], [73.794752, 18.669765], [73.793751, 18.669685], [73.792218, 18.669965], [73.791088, 18.670285], [73.790589, 18.670497], [73.789586, 18.670544], [73.789512, 18.670222], [73.789479, 18.670077], [73.789441, 18.669898], [73.789305, 18.66925], [73.788825, 18.669121], [73.78706, 18.668811], [73.785708, 18.668545], [73.785633, 18.668219], [73.78616, 18.667957], [73.786312, 18.667701], [73.786576, 18.666047], [73.786737, 18.664812], [73.786596, 18.664241], [73.789152, 18.662986], [73.791793, 18.661664], [73.793469, 18.660686], [73.791001, 18.657386], [73.789424, 18.655303], [73.786669, 18.652435], [73.786346, 18.651084], [73.785906, 18.650782], [73.785326, 18.650194], [73.785133, 18.6481], [73.784714, 18.646306], [73.784305, 18.644873], [73.784303, 18.644872], [73.786554, 18.644166], [73.787741, 18.643601], [73.789049, 18.642716], [73.790567, 18.641365], [73.791614, 18.6401], [73.792156, 18.639015], [73.792855, 18.637614], [73.79367, 18.634585], [73.794389, 18.632663], [73.795376, 18.630854], [73.797191, 18.628671], [73.797393, 18.628929], [73.797371, 18.629074], [73.797443, 18.629199], [73.797398, 18.629656], [73.797459, 18.629875], [73.797711, 18.629954], [73.7978, 18.629969], [73.797829, 18.630061], [73.797765, 18.630214], [73.797655, 18.630397], [73.797639, 18.630611], [73.797772, 18.630787], [73.797785, 18.630804], [73.797791, 18.630811], [73.797792, 18.630811], [73.798017, 18.631091], [73.798148, 18.631274], [73.798178, 18.63149], [73.798191, 18.631698], [73.798355, 18.631947], [73.798398, 18.632163], [73.798607, 18.632253], [73.798484, 18.633041], [73.798508, 18.633245], [73.798876, 18.633332], [73.799442, 18.633395], [73.799721, 18.633085], [73.800145, 18.633304], [73.800457, 18.633868], [73.800644, 18.634205], [73.801061, 18.634396], [73.801342, 18.634493], [73.801448, 18.634755], [73.801623, 18.635052], [73.801953, 18.635467], [73.801984, 18.636816], [73.802179, 18.637652], [73.802213, 18.638396], [73.802398, 18.639367], [73.802656, 18.639812], [73.803096, 18.640172], [73.802447, 18.641183], [73.807485, 18.644309], [73.807799, 18.645807], [73.80819, 18.647067], [73.808752, 18.648873], [73.8096, 18.651084], [73.812266, 18.657969], [73.812737, 18.661178], [73.812945, 18.661951], [73.813162, 18.662207], [73.81356, 18.662674], [73.813784, 18.662828], [73.814161, 18.662825], [73.815561, 18.66261], [73.815567, 18.662609], [73.815605, 18.662604], [73.815625, 18.662601], [73.815639, 18.662599], [73.820817, 18.661932], [73.820849, 18.661928], [73.82101, 18.661909], [73.82374, 18.66159], [73.824712, 18.661244], [73.825721, 18.660497], [73.826326, 18.659665], [73.826644, 18.659227]]]}}, {"type": "Feature", "properties": {"Pincode": "411020", "Office_Name": "Range Hills S.O", "Division": "Pune City West ", "Region": "Pune ", "Circle": "Maharashtra ", "_distFromHubKm": 12.57}, "geometry": {"type": "Polygon", "coordinates": [[[73.835005, 18.575585], [73.834705, 18.575363], [73.834345, 18.575096], [73.833967, 18.574816], [73.833741, 18.574649], [73.833521, 18.574486], [73.833278, 18.574307], [73.833105, 18.574179], [73.832877, 18.574011], [73.832653, 18.573845], [73.83236, 18.573722], [73.831454, 18.573342], [73.831612, 18.572935], [73.831376, 18.572335], [73.831183, 18.57203], [73.830962, 18.571396], [73.830571, 18.570179], [73.830271, 18.569629], [73.829885, 18.569212], [73.829689, 18.56905], [73.829273, 18.568704], [73.829041, 18.568574], [73.828747, 18.568409], [73.8282, 18.568277], [73.828312, 18.567905], [73.828217, 18.567495], [73.828217, 18.566201], [73.828035, 18.56482], [73.827907, 18.564532], [73.827709, 18.564085], [73.827519, 18.563655], [73.827451, 18.562799], [73.828577, 18.562767], [73.828845, 18.561051], [73.82907, 18.559926], [73.829423, 18.55875], [73.829916, 18.558077], [73.830009, 18.557193], [73.830281, 18.556341], [73.8305, 18.555729], [73.830959, 18.554614], [73.831921, 18.552074], [73.833492, 18.549369], [73.835147, 18.548382], [73.836483, 18.546979], [73.838811, 18.543856], [73.838333, 18.542794], [73.838244, 18.542616], [73.838355, 18.542518], [73.839669, 18.542381], [73.840785, 18.543022], [73.840951, 18.543541], [73.840726, 18.544182], [73.840383, 18.544634], [73.840141, 18.544914], [73.843071, 18.544984], [73.845999, 18.54497], [73.84779, 18.54507], [73.847496, 18.546313], [73.847442, 18.546587], [73.847415, 18.546765], [73.846815, 18.548759], [73.845785, 18.552573], [73.844899, 18.555751], [73.844338, 18.557333], [73.843588, 18.558915], [73.843374, 18.559598], [73.842986, 18.560325], [73.842388, 18.561227], [73.841817, 18.562088], [73.841475, 18.562566], [73.841206, 18.562942], [73.84087, 18.56341], [73.840266, 18.564255], [73.839158, 18.565872], [73.838868, 18.566339], [73.838666, 18.566665], [73.838418, 18.567065], [73.838167, 18.567321], [73.837577, 18.568628], [73.836645, 18.571076], [73.836213, 18.572263], [73.835768, 18.573404], [73.835682, 18.573615], [73.835005, 18.575585]]]}}, {"type": "Feature", "properties": {"Pincode": "411021", "Office_Name": "Armament S.O", "Division": "Pune City West ", "Region": "Pune ", "Circle": "Maharashtra ", "_distFromHubKm": 14.63}, "geometry": {"type": "Polygon", "coordinates": [[[73.798477, 18.551434], [73.797803, 18.551594], [73.795777, 18.551702], [73.794245, 18.551788], [73.792773, 18.552032], [73.791741, 18.551939], [73.790983, 18.552064], [73.790221, 18.552319], [73.790351, 18.552439], [73.791229, 18.553255], [73.792416, 18.554837], [73.792489, 18.556003], [73.792538, 18.556794], [73.791204, 18.557681], [73.790079, 18.558606], [73.788864, 18.559268], [73.788075, 18.55921], [73.787528, 18.55898], [73.787711, 18.558347], [73.788621, 18.557513], [73.788864, 18.556448], [73.788439, 18.555211], [73.786821, 18.553809], [73.785757, 18.552651], [73.785074, 18.551745], [73.784347, 18.550623], [73.783936, 18.54999], [73.783435, 18.549515], [73.782812, 18.549731], [73.781901, 18.549789], [73.780854, 18.550249], [73.779618, 18.550477], [73.778395, 18.550508], [73.77713, 18.550317], [73.776428, 18.550162], [73.775951, 18.550047], [73.775727, 18.549807], [73.775146, 18.549184], [73.774569, 18.54881], [73.773993, 18.547717], [73.773517, 18.547206], [73.773833, 18.546241], [73.77278, 18.546256], [73.77232, 18.546262], [73.771778, 18.546582], [73.770903, 18.546953], [73.769073, 18.547131], [73.768853, 18.547838], [73.768831, 18.548291], [73.7694, 18.548235], [73.769953, 18.548098], [73.770307, 18.547986], [73.770999, 18.547792], [73.771177, 18.548016], [73.770898, 18.548128], [73.769985, 18.548342], [73.768332, 18.548627], [73.76759, 18.54886], [73.766999, 18.549045], [73.766743, 18.549125], [73.765521, 18.549084], [73.765658, 18.549364], [73.765706, 18.549562], [73.765825, 18.550055], [73.765696, 18.550752], [73.76551, 18.551054], [73.765473, 18.551247], [73.765337, 18.552126], [73.765058, 18.552634], [73.764629, 18.553], [73.764489, 18.553346], [73.764425, 18.553763], [73.765294, 18.553975], [73.765934, 18.554114], [73.765736, 18.554984], [73.764897, 18.555329], [73.764393, 18.555777], [73.764418, 18.555969], [73.764431, 18.556064], [73.764448, 18.556161], [73.764525, 18.556545], [73.764693, 18.557384], [73.764604, 18.557903], [73.764608, 18.5583], [73.764617, 18.559215], [73.76466, 18.561056], [73.763276, 18.561279], [73.763014, 18.561345], [73.762461, 18.561484], [73.762342, 18.561514], [73.761859, 18.561635], [73.760302, 18.562022], [73.758414, 18.562159], [73.760403, 18.562375], [73.761481, 18.564244], [73.759729, 18.565999], [73.753505, 18.565194], [73.747685, 18.565481], [73.744937, 18.565553], [73.743055, 18.565194], [73.741309, 18.56587], [73.740945, 18.564705], [73.73926, 18.563727], [73.73759, 18.563094], [73.735958, 18.562325], [73.735107, 18.561924], [73.734709, 18.561778], [73.734288, 18.561646], [73.734598, 18.560764], [73.735023, 18.560303], [73.736177, 18.557398], [73.73719, 18.55642], [73.737578, 18.555835], [73.737602, 18.555795], [73.737619, 18.555767], [73.737628, 18.555752], [73.737671, 18.555681], [73.737773, 18.555513], [73.740342, 18.551275], [73.741096, 18.550031], [73.742595, 18.547559], [73.74223, 18.542265], [73.746784, 18.538755], [73.750637, 18.540262], [73.755103, 18.54192], [73.76492, 18.539906], [73.760752, 18.529663], [73.744842, 18.530354], [73.745859, 18.527074], [73.746671, 18.524412], [73.747521, 18.523894], [73.748386, 18.522844], [73.754153, 18.525719], [73.75459, 18.524334], [73.754965, 18.523146], [73.755171, 18.522493], [73.75565, 18.520977], [73.755758, 18.520635], [73.756025, 18.519787], [73.756516, 18.518232], [73.756597, 18.517975], [73.757974, 18.513612], [73.758002, 18.513524], [73.758419, 18.512203], [73.758812, 18.510958], [73.759002, 18.510358], [73.759317, 18.509358], [73.759542, 18.508645], [73.759688, 18.508186], [73.759606, 18.507549], [73.758425, 18.507305], [73.758597, 18.50704], [73.759069, 18.506613], [73.759348, 18.506186], [73.76055, 18.505453], [73.763677, 18.503594], [73.767162, 18.501521], [73.768879, 18.5005], [73.769103, 18.500366], [73.769144, 18.500342], [73.769307, 18.500245], [73.769808, 18.499947], [73.77016, 18.499737], [73.770714, 18.499408], [73.771083, 18.499188], [73.771499, 18.498941], [73.771678, 18.498836], [73.771777, 18.498616], [73.772764, 18.498189], [73.774589, 18.497741], [73.775791, 18.498067], [73.777037, 18.498779], [73.777586, 18.499032], [73.778625, 18.499511], [73.779355, 18.499572], [73.780064, 18.499979], [73.779913, 18.500651], [73.778247, 18.500834], [73.776908, 18.501058], [73.77663, 18.50123], [73.77592, 18.501668], [73.775748, 18.502177], [73.774997, 18.502055], [73.773967, 18.501913], [73.773624, 18.502767], [73.773409, 18.50411], [73.773224, 18.504581], [73.773209, 18.504618], [73.773002, 18.505144], [73.772808, 18.505636], [73.773194, 18.507264], [73.774074, 18.507559], [73.776968, 18.507407], [73.77737, 18.507386], [73.777755, 18.506937], [73.777828, 18.506852], [73.779117, 18.505349], [73.780619, 18.506111], [73.782091, 18.506054], [73.783032, 18.506586], [73.783669, 18.506903], [73.783554, 18.50715], [73.783477, 18.507315], [73.783441, 18.507391], [73.783214, 18.507915], [73.782646, 18.509095], [73.783376, 18.50936], [73.784106, 18.50938], [73.784235, 18.509889], [73.783569, 18.510601], [73.783741, 18.51109], [73.784514, 18.511435], [73.784514, 18.51231], [73.784075, 18.5129], [73.784418, 18.514325], [73.78562, 18.51404], [73.788297, 18.516062], [73.787453, 18.516626], [73.786901, 18.517112], [73.786617, 18.517417], [73.786339, 18.517638], [73.785992, 18.517852], [73.785886, 18.518125], [73.784929, 18.518844], [73.783821, 18.520246], [73.783795, 18.520279], [73.783516, 18.520632], [73.78329, 18.520542], [73.782987, 18.520657], [73.782138, 18.52106], [73.781348, 18.521981], [73.782001, 18.523324], [73.782829, 18.525027], [73.784032, 18.526451], [73.786694, 18.525922], [73.787853, 18.523481], [73.790215, 18.522952], [73.79292, 18.526248], [73.793306, 18.527062], [73.793091, 18.528893], [73.792447, 18.530032], [73.792877, 18.530602], [73.794199, 18.53241], [73.795453, 18.534345], [73.797643, 18.534955], [73.799875, 18.534264], [73.800595, 18.533724], [73.800906, 18.533491], [73.801236, 18.533166], [73.801877, 18.532534], [73.802049, 18.534406], [73.804389, 18.534121], [73.805546, 18.534823], [73.804934, 18.536339], [73.804677, 18.537671], [73.805181, 18.537956], [73.803969, 18.538923], [73.803576, 18.539327], [73.80348, 18.539425], [73.803379, 18.539529], [73.803189, 18.539729], [73.802401, 18.54056], [73.801917, 18.541199], [73.801666, 18.541534], [73.801418, 18.541873], [73.802212, 18.542869], [73.802239, 18.543683], [73.802482, 18.545027], [73.80247, 18.546145], [73.80122, 18.546486], [73.799764, 18.546713], [73.798198, 18.546979], [73.798527, 18.548667], [73.798477, 18.551434]]]}}, {"type": "Feature", "properties": {"Pincode": "411022", "Office_Name": "Srpf S.O", "Division": "Pune City East ", "Region": "Pune ", "Circle": "Maharashtra ", "_distFromHubKm": 3.86}, "geometry": {"type": "Polygon", "coordinates": [[[73.905784, 18.496222], [73.905711, 18.496039], [73.905271, 18.495251], [73.904941, 18.494446], [73.904743, 18.494266], [73.904477, 18.494196], [73.904107, 18.49408], [73.903789, 18.494228], [73.903329, 18.494527], [73.902373, 18.495019], [73.902274, 18.494985], [73.902208, 18.494881], [73.902838, 18.494507], [73.902847, 18.494502], [73.903043, 18.494386], [73.90314, 18.494552], [73.903694, 18.494183], [73.90362, 18.493888], [73.903886, 18.493801], [73.905281, 18.493521], [73.906751, 18.493285], [73.907001, 18.493282], [73.906968, 18.492967], [73.905959, 18.493075], [73.905223, 18.493147], [73.904668, 18.492874], [73.904722, 18.492521], [73.903829, 18.491616], [73.903826, 18.491288], [73.9033, 18.491166], [73.902914, 18.491194], [73.902919, 18.490733], [73.902404, 18.490268], [73.902184, 18.489357], [73.902377, 18.489296], [73.902152, 18.488238], [73.901996, 18.488039], [73.902259, 18.484814], [73.903593, 18.481283], [73.902758, 18.481227], [73.902801, 18.480627], [73.902812, 18.479991], [73.90285, 18.479589], [73.90286, 18.479365], [73.903064, 18.478663], [73.903091, 18.478383], [73.903209, 18.478332], [73.904261, 18.478429], [73.90512, 18.478495], [73.90559, 18.478685], [73.906797, 18.478728], [73.906799, 18.478728], [73.907507, 18.478753], [73.907787, 18.478897], [73.90806, 18.479477], [73.908632, 18.479448], [73.908929, 18.479823], [73.908991, 18.480159], [73.908953, 18.480578], [73.908996, 18.481092], [73.909007, 18.481289], [73.909016, 18.481452], [73.90902, 18.481524], [73.909023, 18.481577], [73.909024, 18.481613], [73.909027, 18.481665], [73.90903, 18.481714], [73.90903, 18.481711], [73.909031, 18.481726], [73.909032, 18.481743], [73.909033, 18.481767], [73.909034, 18.481784], [73.909034, 18.481787], [73.909035, 18.481798], [73.909035, 18.4818], [73.909035, 18.481805], [73.909036, 18.481818], [73.909036, 18.48182], [73.909037, 18.481836], [73.909038, 18.481852], [73.909039, 18.481874], [73.909039, 18.481877], [73.909041, 18.481907], [73.909044, 18.481968], [73.909048, 18.482041], [73.909048, 18.482048], [73.90905, 18.482084], [73.909051, 18.482095], [73.909054, 18.482159], [73.909057, 18.482214], [73.909063, 18.482312], [73.909065, 18.482356], [73.909066, 18.482381], [73.909072, 18.48249], [73.909074, 18.482521], [73.909077, 18.482568], [73.909078, 18.482596], [73.909079, 18.482612], [73.909103, 18.483048], [73.909194, 18.483272], [73.909195, 18.483274], [73.909211, 18.483313], [73.909298, 18.483526], [73.909355, 18.483667], [73.909152, 18.484358], [73.909227, 18.484453], [73.909071, 18.485478], [73.909025, 18.485834], [73.908917, 18.486272], [73.908821, 18.486658], [73.909015, 18.486887], [73.908969, 18.487566], [73.908269, 18.48765], [73.9085, 18.488306], [73.908408, 18.488645], [73.90807, 18.488808], [73.908365, 18.489398], [73.908252, 18.490111], [73.908903, 18.490233], [73.90995, 18.490355], [73.912121, 18.490866], [73.912265, 18.491053], [73.912349, 18.491902], [73.912349, 18.492766], [73.91247, 18.493866], [73.912578, 18.494546], [73.912675, 18.495869], [73.912564, 18.496271], [73.912151, 18.497268], [73.911802, 18.498229], [73.910669, 18.49914], [73.911415, 18.500697], [73.911554, 18.501384], [73.911652, 18.501867], [73.911759, 18.502401], [73.912206, 18.5025], [73.912494, 18.502716], [73.912564, 18.503795], [73.912597, 18.504312], [73.912614, 18.504571], [73.912631, 18.504831], [73.912646, 18.506011], [73.912616, 18.50627], [73.911987, 18.506271], [73.91152, 18.506272], [73.911344, 18.506272], [73.910071, 18.506274], [73.908143, 18.506385], [73.908131, 18.505687], [73.906051, 18.504802], [73.90557, 18.50405], [73.905107, 18.502874], [73.904673, 18.502294], [73.90462, 18.501806], [73.90462, 18.501099], [73.904706, 18.500985], [73.905582, 18.500845], [73.90557, 18.500187], [73.905563, 18.499773], [73.906235, 18.498899], [73.905943, 18.498417], [73.905913, 18.496543], [73.905784, 18.496222]]]}}, {"type": "Feature", "properties": {"Pincode": "411023", "Office_Name": "N.D.A. Khadakwasla S.O", "Division": "Pune City West ", "Region": "Pune ", "Circle": "Maharashtra ", "_distFromHubKm": 12.96}, "geometry": {"type": "Polygon", "coordinates": [[[73.772764, 18.498189], [73.711052, 18.463816], [73.699379, 18.430108], [73.690796, 18.394927], [73.689582, 18.39219], [73.691903, 18.393082], [73.694471, 18.394068], [73.696743, 18.39494], [73.699778, 18.396106], [73.708032, 18.396106], [73.712524, 18.395991], [73.714344, 18.397173], [73.715218, 18.397741], [73.71608, 18.3983], [73.717136, 18.398986], [73.718183, 18.400416], [73.718646, 18.401048], [73.719671, 18.402447], [73.720655, 18.403791], [73.721219, 18.40456], [73.722113, 18.405781], [73.720957, 18.408342], [73.720129, 18.410177], [73.722961, 18.410788], [73.725068, 18.411001], [73.727188, 18.411215], [73.729978, 18.414147], [73.732038, 18.414351], [73.733003, 18.414615], [73.733582, 18.415267], [73.734612, 18.414758], [73.7356, 18.414921], [73.737681, 18.415145], [73.739591, 18.419155], [73.739913, 18.421354], [73.740063, 18.42284], [73.741693, 18.423349], [73.742573, 18.424347], [73.742855, 18.427037], [73.742981, 18.428235], [73.742895, 18.430474], [73.744419, 18.430759], [73.745878, 18.43139], [73.748689, 18.433691], [73.750362, 18.435054], [73.751049, 18.437029], [73.751543, 18.43766], [73.752465, 18.437477], [73.753924, 18.437131], [73.754826, 18.436174], [73.757443, 18.43597], [73.758838, 18.436764], [73.759911, 18.437884], [73.760405, 18.440001], [73.760877, 18.442159], [73.761986, 18.442793], [73.762765, 18.443238], [73.763795, 18.442912], [73.764353, 18.443136], [73.764353, 18.443665], [73.765173, 18.444619], [73.765537, 18.44486], [73.765629, 18.444921], [73.765816, 18.445029], [73.765937, 18.445098], [73.766322, 18.445319], [73.766435, 18.445384], [73.76751, 18.446001], [73.769471, 18.446478], [73.769831, 18.446566], [73.771, 18.44685], [73.770643, 18.448572], [73.770594, 18.448808], [73.770514, 18.449196], [73.770498, 18.449925], [73.770495, 18.450066], [73.770486, 18.450474], [73.770454, 18.451931], [73.771091, 18.454464], [73.771371, 18.455021], [73.77144, 18.455159], [73.772608, 18.457486], [73.774914, 18.459559], [73.776614, 18.460394], [73.781499, 18.461142], [73.783403, 18.462054], [73.783643, 18.462169], [73.783983, 18.462332], [73.784625, 18.462639], [73.786476, 18.462581], [73.788958, 18.462199], [73.789247, 18.462155], [73.789845, 18.462063], [73.791149, 18.461344], [73.79212, 18.461862], [73.793759, 18.461919], [73.797522, 18.464193], [73.799707, 18.466525], [73.799284, 18.466798], [73.798876, 18.467062], [73.79861, 18.467233], [73.798122, 18.467952], [73.797984, 18.468154], [73.797901, 18.468424], [73.797756, 18.468896], [73.797496, 18.469745], [73.797142, 18.470897], [73.796853, 18.471838], [73.795655, 18.475742], [73.787891, 18.476632], [73.783225, 18.477167], [73.783149, 18.482375], [73.783126, 18.483924], [73.783096, 18.485999], [73.783175, 18.487096], [73.783204, 18.48749], [73.783235, 18.491341], [73.781958, 18.495075], [73.786986, 18.50089], [73.788639, 18.502802], [73.789647, 18.503967], [73.79109, 18.504345], [73.79212, 18.504615], [73.79243, 18.504553], [73.791989, 18.505105], [73.791893, 18.505464], [73.791256, 18.506399], [73.7902, 18.506895], [73.790082, 18.50695], [73.789693, 18.507133], [73.788602, 18.507194], [73.78816, 18.507219], [73.788048, 18.507215], [73.787497, 18.507196], [73.787455, 18.507195], [73.786572, 18.507164], [73.786546, 18.507163], [73.78651, 18.507162], [73.786375, 18.507157], [73.786241, 18.507152], [73.786113, 18.507148], [73.785989, 18.507141], [73.78574, 18.507126], [73.784883, 18.507075], [73.784637, 18.50704], [73.783669, 18.506903], [73.783032, 18.506586], [73.782091, 18.506054], [73.780619, 18.506111], [73.779117, 18.505349], [73.777828, 18.506852], [73.777755, 18.506937], [73.77737, 18.507386], [73.776968, 18.507407], [73.774074, 18.507559], [73.773194, 18.507264], [73.772808, 18.505636], [73.773002, 18.505144], [73.773209, 18.504618], [73.773224, 18.504581], [73.773409, 18.50411], [73.773624, 18.502767], [73.773967, 18.501913], [73.774997, 18.502055], [73.775748, 18.502177], [73.77592, 18.501668], [73.77663, 18.50123], [73.776908, 18.501058], [73.778247, 18.500834], [73.779913, 18.500651], [73.780064, 18.499979], [73.779355, 18.499572], [73.778625, 18.499511], [73.777586, 18.499032], [73.777037, 18.498779], [73.775791, 18.498067], [73.774589, 18.497741], [73.772764, 18.498189]]]}}, {"type": "Feature", "properties": {"Pincode": "411024", "Office_Name": "Khadakwasla R.S. S.O", "Division": "Pune City West ", "Region": "Pune ", "Circle": "Maharashtra ", "_distFromHubKm": 12.32}, "geometry": {"type": "Polygon", "coordinates": [[[73.754826, 18.436174], [73.754094, 18.432557], [73.75522, 18.430168], [73.758983, 18.428354], [73.762169, 18.427001], [73.765447, 18.426425], [73.766539, 18.427461], [73.767814, 18.430081], [73.769027, 18.432643], [73.770848, 18.433766], [73.771485, 18.437451], [73.772942, 18.438878], [73.774626, 18.435767], [73.776341, 18.434313], [73.778526, 18.432356], [73.781682, 18.429505], [73.78508, 18.427576], [73.790998, 18.427346], [73.794396, 18.426626], [73.80001, 18.427087], [73.80096, 18.428153], [73.798857, 18.433731], [73.798766, 18.436587], [73.797492, 18.438487], [73.796156, 18.446145], [73.79649, 18.451154], [73.794958, 18.452161], [73.794867, 18.453413], [73.790057, 18.452204], [73.787963, 18.453514], [73.785323, 18.452982], [73.77892, 18.451182], [73.774186, 18.447008], [73.770514, 18.449196], [73.770594, 18.448808], [73.770643, 18.448572], [73.771, 18.44685], [73.769831, 18.446566], [73.769471, 18.446478], [73.76751, 18.446001], [73.766435, 18.445384], [73.766322, 18.445319], [73.765937, 18.445098], [73.765816, 18.445029], [73.765629, 18.444921], [73.765537, 18.44486], [73.765173, 18.444619], [73.764353, 18.443665], [73.764353, 18.443136], [73.763795, 18.442912], [73.762765, 18.443238], [73.761986, 18.442793], [73.760877, 18.442159], [73.760405, 18.440001], [73.759911, 18.437884], [73.758838, 18.436764], [73.757443, 18.43597], [73.754826, 18.436174]]]}}, {"type": "Feature", "properties": {"Pincode": "411025", "Office_Name": "I.A.T S.O", "Division": "Pune City West ", "Region": "Pune ", "Circle": "Maharashtra ", "_distFromHubKm": 16.59}, "geometry": {"type": "Polygon", "coordinates": [[[73.689582, 18.39219], [73.677275, 18.394476], [73.670958, 18.394345], [73.667622, 18.394275], [73.664691, 18.390076], [73.663389, 18.388211], [73.667739, 18.380184], [73.677406, 18.362346], [73.672085, 18.340187], [73.677042, 18.324168], [73.694498, 18.322376], [73.715172, 18.330085], [73.753967, 18.369188], [73.801353, 18.393533], [73.817593, 18.401875], [73.813757, 18.40843], [73.816792, 18.410964], [73.80526, 18.425705], [73.802696, 18.436271], [73.798766, 18.436587], [73.798857, 18.433731], [73.80096, 18.428153], [73.80001, 18.427087], [73.794396, 18.426626], [73.790998, 18.427346], [73.78508, 18.427576], [73.781682, 18.429505], [73.778526, 18.432356], [73.776341, 18.434313], [73.774626, 18.435767], [73.772942, 18.438878], [73.771485, 18.437451], [73.770848, 18.433766], [73.769027, 18.432643], [73.767814, 18.430081], [73.766539, 18.427461], [73.765447, 18.426425], [73.762169, 18.427001], [73.758983, 18.428354], [73.75522, 18.430168], [73.754094, 18.432557], [73.754826, 18.436174], [73.753924, 18.437131], [73.752465, 18.437477], [73.751543, 18.43766], [73.751049, 18.437029], [73.750362, 18.435054], [73.748689, 18.433691], [73.745878, 18.43139], [73.744419, 18.430759], [73.742895, 18.430474], [73.742981, 18.428235], [73.742855, 18.427037], [73.742573, 18.424347], [73.741693, 18.423349], [73.740063, 18.42284], [73.739913, 18.421354], [73.739591, 18.419155], [73.737681, 18.415145], [73.7356, 18.414921], [73.734612, 18.414758], [73.733582, 18.415267], [73.733003, 18.414615], [73.732038, 18.414351], [73.729978, 18.414147], [73.727188, 18.411215], [73.725068, 18.411001], [73.722961, 18.410788], [73.720129, 18.410177], [73.720957, 18.408342], [73.722113, 18.405781], [73.721219, 18.40456], [73.720655, 18.403791], [73.719671, 18.402447], [73.718646, 18.401048], [73.718183, 18.400416], [73.717136, 18.398986], [73.71608, 18.3983], [73.715218, 18.397741], [73.714344, 18.397173], [73.712524, 18.395991], [73.708032, 18.396106], [73.699778, 18.396106], [73.696743, 18.39494], [73.694471, 18.394068], [73.691903, 18.393082], [73.689582, 18.39219]]]}}, {"type": "Feature", "properties": {"Pincode": "411026", "Office_Name": "Bhosari I.E. S.O", "Division": "Pune City East ", "Region": "Pune ", "Circle": "Maharashtra ", "_distFromHubKm": 19.66}, "geometry": {"type": "Polygon", "coordinates": [[[73.820098, 18.617103], [73.820069, 18.616643], [73.821182, 18.616416], [73.820983, 18.61543], [73.820934, 18.614815], [73.822265, 18.614703], [73.822196, 18.614444], [73.821845, 18.611699], [73.823799, 18.611365], [73.824115, 18.611851], [73.824325, 18.612436], [73.825469, 18.615388], [73.825651, 18.616074], [73.826016, 18.617106], [73.826295, 18.617489], [73.826577, 18.617721], [73.82859, 18.618531], [73.829229, 18.618717], [73.82966, 18.618783], [73.830172, 18.618777], [73.830967, 18.618685], [73.831364, 18.618639], [73.831758, 18.618585], [73.833629, 18.618331], [73.833858, 18.618306], [73.83409, 18.618279], [73.83601, 18.61805], [73.836273, 18.618013], [73.837957, 18.617793], [73.8383, 18.61767], [73.838456, 18.617573], [73.839186, 18.617288], [73.841213, 18.61635], [73.841631, 18.616227], [73.842401, 18.618799], [73.841716, 18.619673], [73.839051, 18.620178], [73.839571, 18.622105], [73.840306, 18.621444], [73.840709, 18.62183], [73.84102, 18.621973], [73.84124, 18.621714], [73.841498, 18.621533], [73.842464, 18.621317], [73.842164, 18.622343], [73.842198, 18.622439], [73.842794, 18.622554], [73.843483, 18.622707], [73.843716, 18.622646], [73.844025, 18.623536], [73.844134, 18.623549], [73.844298, 18.623511], [73.844451, 18.62347], [73.844577, 18.623437], [73.84513, 18.623536], [73.845328, 18.623971], [73.845481, 18.624182], [73.845513, 18.624964], [73.845543, 18.625877], [73.845545, 18.626573], [73.845559, 18.626927], [73.845625, 18.627263], [73.845707, 18.627442], [73.845883, 18.627554], [73.846076, 18.627661], [73.846256, 18.627659], [73.846412, 18.627651], [73.846573, 18.627738], [73.846637, 18.628213], [73.846723, 18.628526], [73.846766, 18.628726], [73.846919, 18.628973], [73.84705, 18.629214], [73.847114, 18.62943], [73.847192, 18.629595], [73.847281, 18.629824], [73.847418, 18.630157], [73.847463, 18.630348], [73.847304, 18.630699], [73.846786, 18.631466], [73.846366, 18.631492], [73.846058, 18.631528], [73.845654, 18.631493], [73.845302, 18.631476], [73.844456, 18.631464], [73.843984, 18.631459], [73.843372, 18.631596], [73.842962, 18.631756], [73.843225, 18.632638], [73.844159, 18.636046], [73.844675, 18.63803], [73.8451, 18.640431], [73.845388, 18.642458], [73.845586, 18.647346], [73.84472, 18.647389], [73.839408, 18.649681], [73.833584, 18.653829], [73.828348, 18.65807], [73.826644, 18.659227], [73.826036, 18.657508], [73.825936, 18.656716], [73.825706, 18.654881], [73.825523, 18.653264], [73.825598, 18.652583], [73.825493, 18.652101], [73.825057, 18.651314], [73.825175, 18.648977], [73.824678, 18.648383], [73.825175, 18.647152], [73.825364, 18.646864], [73.825531, 18.646753], [73.825623, 18.646584], [73.825617, 18.646009], [73.825499, 18.645633], [73.825004, 18.644833], [73.824803, 18.644208], [73.824633, 18.643432], [73.825043, 18.642945], [73.825364, 18.642565], [73.825759, 18.642185], [73.826169, 18.641811], [73.82635, 18.640876], [73.825774, 18.64038], [73.825671, 18.639629], [73.825068, 18.638087], [73.824232, 18.6373], [73.823964, 18.636925], [73.823976, 18.636477], [73.824295, 18.635535], [73.824192, 18.634867], [73.824207, 18.634306], [73.824006, 18.634029], [73.823957, 18.633537], [73.823824, 18.632843], [73.823887, 18.631807], [73.824179, 18.631459], [73.824332, 18.631339], [73.824356, 18.63117], [73.824507, 18.630734], [73.824523, 18.630447], [73.824434, 18.630162], [73.82409, 18.629698], [73.823908, 18.629511], [73.823593, 18.629302], [73.823179, 18.629004], [73.823047, 18.628792], [73.822998, 18.628594], [73.822578, 18.627651], [73.822229, 18.627377], [73.822098, 18.627056], [73.821882, 18.626754], [73.821886, 18.626524], [73.821969, 18.626301], [73.822991, 18.626459], [73.823318, 18.626279], [73.82364, 18.625773], [73.823721, 18.625646], [73.823798, 18.625517], [73.823951, 18.625262], [73.824517, 18.624751], [73.824762, 18.62436], [73.824847, 18.624067], [73.824627, 18.623981], [73.824145, 18.624144], [73.823619, 18.624159], [73.823072, 18.624062], [73.822862, 18.623366], [73.82276, 18.622685], [73.822785, 18.622512], [73.822972, 18.62227], [73.823202, 18.621711], [73.82327, 18.621157], [73.823134, 18.620733], [73.822735, 18.620535], [73.822641, 18.620471], [73.822406, 18.619909], [73.822334, 18.619517], [73.822527, 18.619423], [73.822589, 18.619184], [73.822444, 18.619045], [73.8222, 18.618965], [73.821761, 18.618824], [73.821252, 18.618174], [73.820098, 18.617104], [73.820098, 18.617103]]]}}, {"type": "Feature", "properties": {"Pincode": "411027", "Office_Name": "Aundh Camp S.O", "Division": "Pune City East ", "Region": "Pune ", "Circle": "Maharashtra ", "_distFromHubKm": 16.24}, "geometry": {"type": "Polygon", "coordinates": [[[73.820366, 18.577994], [73.81997, 18.577822], [73.8195, 18.577671], [73.818301, 18.578124], [73.817072, 18.578728], [73.816105, 18.578951], [73.815965, 18.578807], [73.81593, 18.57853], [73.815736, 18.577188], [73.815352, 18.577267], [73.814819, 18.577539], [73.813968, 18.577496], [73.813839, 18.576306], [73.813008, 18.576571], [73.812015, 18.577776], [73.811495, 18.577501], [73.811061, 18.577628], [73.80892, 18.579281], [73.809204, 18.579591], [73.809204, 18.582482], [73.808749, 18.582625], [73.808847, 18.58356], [73.809614, 18.583273], [73.81127, 18.58282], [73.811647, 18.584389], [73.811648, 18.584394], [73.811838, 18.585189], [73.812152, 18.586383], [73.812342, 18.587019], [73.812611, 18.587772], [73.812761, 18.58818], [73.812858, 18.588605], [73.812863, 18.589305], [73.813027, 18.589448], [73.813503, 18.589644], [73.813931, 18.589866], [73.814227, 18.591556], [73.8145, 18.592858], [73.814554, 18.593311], [73.814641, 18.593674], [73.814763, 18.593732], [73.815039, 18.593658], [73.81531, 18.593642], [73.815986, 18.594138], [73.816145, 18.594907], [73.816118, 18.595318], [73.814167, 18.595302], [73.812464, 18.59541], [73.812246, 18.595424], [73.812021, 18.595536], [73.812092, 18.596772], [73.812026, 18.597646], [73.811956, 18.599619], [73.811956, 18.600711], [73.811952, 18.600972], [73.811945, 18.601397], [73.811936, 18.601575], [73.811906, 18.602169], [73.811948, 18.602827], [73.812016, 18.603686], [73.812088, 18.604399], [73.812096, 18.604486], [73.812142, 18.604939], [73.81171, 18.605025], [73.811424, 18.605081], [73.811212, 18.605273], [73.810919, 18.605462], [73.81071, 18.605531], [73.810505, 18.605513], [73.81005, 18.605326], [73.809663, 18.604934], [73.809523, 18.60387], [73.809492, 18.603708], [73.809379, 18.60353], [73.809175, 18.603212], [73.808391, 18.602821], [73.807732, 18.602996], [73.807603, 18.60299], [73.807236, 18.603003], [73.806657, 18.60301], [73.805948, 18.603017], [73.80516, 18.603011], [73.804475, 18.603007], [73.803963, 18.603003], [73.803618, 18.602946], [73.802952, 18.602836], [73.802349, 18.602736], [73.801801, 18.602564], [73.801067, 18.602334], [73.800451, 18.602348], [73.799978, 18.602359], [73.799435, 18.602629], [73.79908, 18.602828], [73.798887, 18.602937], [73.798041, 18.603412], [73.797707, 18.603489], [73.797558, 18.603389], [73.79759, 18.603219], [73.797521, 18.603183], [73.797234, 18.603079], [73.796954, 18.602972], [73.796635, 18.602913], [73.796539, 18.602758], [73.796109, 18.602816], [73.795802, 18.60246], [73.79524, 18.601988], [73.794569, 18.601312], [73.793448, 18.600204], [73.79245, 18.599278], [73.788333, 18.595425], [73.787005, 18.594138], [73.785305, 18.592477], [73.785246, 18.592391], [73.785065, 18.592125], [73.784673, 18.591713], [73.781995, 18.592201], [73.781721, 18.592074], [73.779114, 18.590076], [73.777396, 18.589206], [73.776773, 18.587803], [73.777574, 18.587386], [73.778288, 18.586652], [73.778941, 18.584843], [73.779623, 18.583007], [73.780177, 18.581302], [73.780689, 18.579728], [73.780857, 18.579422], [73.781837, 18.577643], [73.783372, 18.576496], [73.783565, 18.576352], [73.783754, 18.576208], [73.78413, 18.575921], [73.784888, 18.575344], [73.785466, 18.574812], [73.785465, 18.574809], [73.785476, 18.574803], [73.786417, 18.574012], [73.788258, 18.572811], [73.789206, 18.572223], [73.789662, 18.571613], [73.789768, 18.571252], [73.789909, 18.570769], [73.789917, 18.570379], [73.789928, 18.569861], [73.789809, 18.569473], [73.789624, 18.568869], [73.789234, 18.568422], [73.789019, 18.568176], [73.788964, 18.568114], [73.788872, 18.567972], [73.788229, 18.566984], [73.788137, 18.565668], [73.788873, 18.564359], [73.789788, 18.564065], [73.790516, 18.563874], [73.791465, 18.563649], [73.792017, 18.563563], [73.79257, 18.563593], [73.793056, 18.563747], [73.793278, 18.563817], [73.793755, 18.564041], [73.794156, 18.564532], [73.794928, 18.565424], [73.795344, 18.566007], [73.795349, 18.566014], [73.796217, 18.567017], [73.79657, 18.567322], [73.796934, 18.567578], [73.79706, 18.567653], [73.797985, 18.568207], [73.799768, 18.569142], [73.801717, 18.569573], [73.803416, 18.569507], [73.804012, 18.569339], [73.804014, 18.569339], [73.804682, 18.569151], [73.806307, 18.568687], [73.806308, 18.568686], [73.806945, 18.568504], [73.808062, 18.568185], [73.808732, 18.568131], [73.808733, 18.568131], [73.810879, 18.567959], [73.811566, 18.567904], [73.811742, 18.56789], [73.813283, 18.568211], [73.814048, 18.568354], [73.815064, 18.568538], [73.816991, 18.568885], [73.81735, 18.56895], [73.818983, 18.569157], [73.820331, 18.56931], [73.822031, 18.569497], [73.823687, 18.569132], [73.824557, 18.568913], [73.82503, 18.568789], [73.825072, 18.568778], [73.825089, 18.568774], [73.825788, 18.568591], [73.826845, 18.56835], [73.827428, 18.568216], [73.8282, 18.568277], [73.828747, 18.568409], [73.829041, 18.568574], [73.829273, 18.568704], [73.829689, 18.56905], [73.829885, 18.569212], [73.830271, 18.569629], [73.830571, 18.570179], [73.830962, 18.571396], [73.831183, 18.57203], [73.831376, 18.572335], [73.831612, 18.572935], [73.831454, 18.573342], [73.829925, 18.574653], [73.82942, 18.575579], [73.828647, 18.576484], [73.827668, 18.576671], [73.826681, 18.576412], [73.825421, 18.57601], [73.824495, 18.575492], [73.823751, 18.575578], [73.822704, 18.576153], [73.821747, 18.576642], [73.821004, 18.57729], [73.820366, 18.577994]]]}}, {"type": "Feature", "properties": {"Pincode": "411028", "Office_Name": "Hadapsar S.O", "Division": "Pune City East ", "Region": "Pune ", "Circle": "Maharashtra ", "_distFromHubKm": 6.74}, "geometry": {"type": "Polygon", "coordinates": [[[73.927824, 18.490191], [73.928511, 18.489561], [73.928737, 18.488981], [73.927807, 18.487771], [73.927794, 18.487754], [73.927642, 18.487566], [73.927008, 18.486559], [73.926772, 18.485775], [73.926877, 18.485213], [73.926848, 18.48502], [73.926765, 18.484888], [73.926499, 18.484765], [73.926426, 18.484554], [73.926988, 18.484449], [73.927741, 18.484397], [73.928749, 18.484257], [73.928855, 18.484236], [73.929396, 18.484151], [73.929791, 18.484102], [73.929703, 18.483931], [73.9293, 18.482334], [73.929463, 18.482285], [73.929335, 18.480947], [73.929254, 18.480713], [73.929217, 18.480265], [73.929028, 18.479166], [73.929141, 18.478347], [73.929205, 18.478011], [73.9292, 18.47762], [73.929136, 18.477447], [73.929031, 18.476627], [73.928903, 18.476186], [73.928805, 18.475739], [73.928708, 18.474963], [73.92897, 18.473526], [73.929873, 18.473375], [73.930311, 18.471489], [73.930097, 18.471438], [73.929603, 18.471076], [73.92948, 18.470986], [73.929436, 18.470954], [73.92912, 18.47069], [73.928964, 18.470166], [73.929018, 18.469723], [73.92993, 18.469525], [73.930654, 18.469657], [73.930756, 18.469362], [73.931013, 18.469123], [73.931024, 18.468909], [73.930776, 18.468354], [73.930487, 18.466981], [73.930529, 18.46637], [73.93053, 18.46636], [73.93053, 18.466352], [73.93053, 18.46635], [73.93049, 18.465866], [73.930534, 18.465702], [73.930496, 18.465548], [73.930461, 18.465359], [73.93045, 18.46528], [73.930497, 18.465157], [73.930707, 18.465027], [73.930714, 18.465005], [73.930676, 18.464884], [73.930641, 18.464751], [73.930838, 18.464654], [73.931434, 18.464903], [73.933606, 18.46551], [73.934501, 18.465672], [73.934984, 18.465739], [73.935231, 18.467388], [73.934659, 18.46808], [73.93488, 18.468799], [73.93529, 18.469191], [73.93674, 18.468586], [73.937082, 18.469075], [73.937251, 18.47073], [73.937589, 18.470792], [73.937738, 18.471713], [73.938163, 18.471686], [73.938762, 18.47168], [73.938804, 18.472015], [73.938834, 18.472267], [73.93891, 18.472904], [73.938963, 18.472993], [73.939047, 18.473228], [73.939105, 18.473388], [73.939125, 18.473443], [73.939148, 18.473507], [73.939297, 18.473913], [73.939319, 18.473974], [73.939329, 18.474001], [73.939394, 18.474178], [73.939589, 18.474713], [73.939676, 18.475149], [73.939653, 18.475803], [73.939605, 18.476788], [73.940715, 18.476892], [73.940887, 18.476911], [73.942046, 18.477024], [73.942053, 18.477447], [73.943197, 18.477434], [73.943255, 18.478121], [73.943583, 18.478116], [73.94377, 18.478925], [73.943473, 18.479067], [73.943496, 18.479472], [73.944301, 18.479919], [73.94449, 18.48026], [73.944575, 18.48054], [73.944779, 18.481227], [73.944929, 18.481995], [73.945222, 18.482939], [73.945321, 18.483331], [73.945412, 18.483941], [73.945493, 18.484783], [73.945608, 18.485128], [73.945638, 18.485245], [73.945669, 18.485367], [73.945713, 18.485496], [73.945764, 18.485737], [73.945825, 18.486185], [73.94586, 18.486523], [73.945868, 18.486769], [73.945886, 18.486966], [73.945884, 18.48721], [73.946093, 18.487698], [73.946549, 18.488228], [73.947577, 18.488075], [73.948159, 18.488006], [73.948253, 18.488046], [73.948334, 18.488454], [73.948485, 18.489023], [73.948623, 18.489386], [73.948664, 18.489557], [73.948776, 18.489942], [73.948828, 18.490087], [73.948922, 18.490354], [73.949061, 18.490749], [73.949119, 18.490945], [73.949228, 18.491303], [73.949364, 18.49173], [73.949632, 18.492433], [73.949847, 18.493122], [73.949848, 18.493125], [73.949851, 18.493132], [73.950116, 18.493802], [73.950778, 18.493723], [73.951886, 18.493684], [73.951893, 18.493684], [73.954588, 18.493519], [73.954726, 18.493686], [73.955402, 18.493625], [73.955467, 18.493717], [73.955501, 18.493782], [73.955541, 18.493895], [73.955732, 18.49477], [73.956339, 18.494542], [73.956385, 18.494524], [73.954997, 18.495075], [73.954996, 18.495075], [73.954803, 18.495157], [73.954191, 18.495381], [73.95431, 18.495625], [73.954733, 18.496494], [73.954863, 18.496762], [73.955088, 18.497232], [73.955875, 18.496846], [73.955976, 18.496797], [73.956004, 18.496784], [73.956178, 18.496705], [73.956272, 18.496663], [73.956666, 18.496484], [73.957326, 18.496464], [73.957535, 18.496566], [73.957889, 18.498168], [73.957905, 18.498631], [73.957935, 18.499472], [73.957975, 18.5006], [73.958095, 18.501469], [73.958096, 18.501476], [73.958344, 18.503113], [73.958832, 18.50408], [73.959619, 18.504426], [73.959576, 18.505245], [73.958884, 18.505199], [73.957934, 18.50498], [73.95788, 18.504253], [73.957494, 18.504212], [73.95678, 18.504085], [73.956501, 18.504253], [73.954285, 18.504548], [73.954049, 18.504314], [73.951076, 18.504263], [73.949248, 18.504151], [73.949206, 18.505134], [73.949175, 18.505814], [73.949098, 18.507529], [73.949935, 18.507671], [73.950987, 18.50759], [73.951051, 18.508119], [73.950493, 18.511008], [73.951545, 18.510906], [73.952448, 18.511265], [73.952279, 18.511725], [73.952598, 18.511736], [73.953168, 18.512768], [73.95327, 18.513602], [73.952965, 18.514315], [73.952576, 18.514353], [73.952152, 18.514312], [73.951836, 18.514282], [73.951624, 18.514246], [73.951491, 18.514607], [73.950763, 18.51465], [73.950438, 18.514708], [73.950441, 18.514828], [73.950443, 18.514917], [73.950446, 18.515021], [73.950447, 18.51505], [73.950446, 18.515078], [73.950443, 18.515128], [73.950443, 18.515144], [73.95043, 18.515591], [73.950332, 18.515893], [73.950243, 18.51599], [73.950169, 18.516553], [73.950102, 18.516609], [73.950129, 18.516768], [73.95013, 18.516774], [73.950132, 18.516777], [73.950263, 18.51707], [73.950491, 18.517433], [73.9506, 18.517607], [73.950892, 18.517506], [73.951284, 18.517871], [73.951633, 18.517888], [73.952255, 18.518046], [73.952585, 18.518337], [73.953047, 18.518157], [73.953278, 18.518758], [73.952603, 18.519852], [73.952438, 18.520269], [73.949426, 18.521355], [73.949273, 18.521407], [73.948843, 18.521552], [73.947536, 18.521995], [73.947004, 18.522125], [73.94588, 18.522125], [73.945404, 18.522175], [73.944888, 18.522175], [73.94394, 18.522326], [73.942355, 18.522743], [73.942345, 18.522746], [73.941261, 18.523023], [73.941231, 18.523031], [73.940807, 18.523139], [73.940448, 18.523287], [73.94026, 18.523514], [73.939765, 18.524049], [73.938668, 18.524128], [73.93723, 18.52393], [73.936706, 18.523826], [73.936452, 18.523714], [73.935876, 18.523009], [73.935587, 18.52242], [73.935447, 18.522438], [73.935397, 18.522204], [73.93523, 18.520751], [73.934805, 18.520477], [73.934813, 18.520097], [73.934813, 18.520082], [73.934835, 18.51974], [73.933788, 18.519661], [73.93351, 18.519953], [73.933319, 18.520029], [73.932595, 18.519963], [73.932637, 18.519188], [73.932981, 18.517519], [73.933002, 18.515769], [73.932466, 18.514081], [73.932487, 18.511639], [73.931749, 18.51054], [73.92901, 18.507508], [73.92785, 18.506348], [73.9277, 18.504965], [73.927541, 18.502767], [73.92764, 18.499369], [73.927447, 18.499145], [73.927801, 18.498453], [73.928263, 18.497853], [73.928192, 18.497499], [73.928194, 18.497164], [73.928218, 18.496808], [73.928473, 18.496647], [73.928549, 18.496253], [73.928584, 18.496022], [73.928488, 18.495683], [73.928315, 18.495279], [73.928052, 18.49478], [73.927964, 18.494478], [73.927983, 18.494012], [73.927854, 18.493758], [73.927768, 18.493562], [73.927577, 18.493529], [73.927287, 18.493315], [73.927481, 18.492633], [73.927856, 18.49185], [73.927459, 18.491219], [73.927266, 18.490568], [73.927824, 18.490191]]]}}, {"type": "Feature", "properties": {"Pincode": "411030", "Office_Name": "S.P. College S.O", "Division": "Pune City West ", "Region": "Pune ", "Circle": "Maharashtra ", "_distFromHubKm": 6.97}, "geometry": {"type": "MultiPolygon", "coordinates": [[[[73.830495, 18.487132], [73.8307, 18.48718], [73.831329, 18.487337], [73.830478, 18.487131], [73.830495, 18.487132]]], [[[73.854576, 18.518654], [73.854406, 18.518773], [73.8544, 18.519348], [73.85439, 18.520341], [73.854664, 18.520657], [73.854892, 18.520853], [73.855149, 18.521074], [73.855058, 18.521506], [73.854847, 18.521832], [73.854848, 18.521843], [73.854839, 18.521844], [73.8548, 18.521905], [73.85456, 18.522382], [73.853652, 18.522066], [73.853115, 18.52188], [73.852754, 18.521786], [73.851735, 18.52152], [73.850236, 18.521266], [73.849297, 18.521107], [73.848563, 18.520627], [73.847718, 18.519742], [73.846929, 18.518859], [73.845939, 18.517909], [73.845221, 18.516441], [73.844081, 18.514956], [73.843433, 18.514112], [73.843296, 18.513933], [73.842919, 18.513613], [73.842115, 18.512931], [73.841868, 18.512631], [73.841634, 18.512347], [73.841466, 18.512144], [73.841311, 18.511956], [73.84115, 18.511761], [73.840802, 18.511354], [73.840309, 18.510778], [73.839852, 18.510245], [73.839529, 18.509902], [73.839157, 18.509508], [73.838783, 18.509112], [73.838653, 18.508973], [73.838586, 18.508902], [73.838552, 18.508866], [73.838519, 18.508831], [73.838445, 18.508761], [73.837836, 18.508183], [73.837619, 18.507921], [73.837335, 18.507579], [73.83688, 18.506888], [73.836354, 18.505662], [73.836423, 18.504898], [73.836445, 18.504655], [73.836922, 18.503581], [73.837191, 18.50176], [73.836955, 18.500203], [73.836182, 18.49825], [73.832253, 18.494495], [73.831093, 18.492853], [73.829926, 18.491202], [73.829036, 18.489942], [73.828077, 18.488584], [73.827893, 18.488156], [73.828973, 18.487688], [73.829859, 18.487111], [73.830282, 18.487456], [73.830893, 18.488126], [73.83232, 18.488726], [73.835356, 18.48953], [73.837116, 18.48954], [73.838339, 18.489845], [73.838907, 18.491117], [73.83938, 18.492745], [73.840066, 18.494353], [73.843532, 18.497395], [73.845162, 18.498901], [73.845688, 18.499277], [73.846375, 18.499623], [73.846976, 18.499796], [73.847609, 18.499817], [73.848596, 18.499852], [73.84939, 18.499461], [73.849921, 18.499013], [73.850543, 18.498753], [73.851433, 18.498652], [73.852211, 18.49883], [73.853971, 18.499115], [73.853973, 18.500046], [73.853973, 18.500057], [73.853976, 18.501434], [73.853805, 18.502806], [73.853629, 18.504849], [73.853629, 18.505747], [73.853735, 18.50718], [73.853753, 18.507873], [73.853763, 18.508291], [73.853773, 18.508653], [73.853836, 18.511124], [73.8539, 18.513331], [73.853786, 18.514328], [73.853775, 18.514454], [73.853775, 18.514841], [73.853783, 18.515235], [73.853784, 18.515321], [73.853794, 18.515836], [73.853816, 18.516061], [73.853827, 18.516176], [73.853835, 18.516255], [73.853857, 18.516472], [73.85389, 18.516814], [73.853917, 18.517228], [73.853947, 18.517699], [73.854034, 18.518221], [73.854083, 18.518345], [73.854145, 18.518449], [73.854344, 18.518539], [73.854396, 18.518553], [73.854442, 18.518559], [73.854583, 18.518577], [73.854576, 18.518654]]]]}}, {"type": "Feature", "properties": {"Pincode": "411031", "Office_Name": "C M E S.O", "Division": "Pune City East ", "Region": "Pune ", "Circle": "Maharashtra ", "_distFromHubKm": 16.24}, "geometry": {"type": "Polygon", "coordinates": [[[73.863077, 18.583956], [73.863174, 18.584707], [73.863202, 18.585881], [73.863506, 18.586987], [73.863953, 18.588087], [73.863944, 18.588615], [73.863902, 18.588928], [73.864259, 18.589176], [73.864452, 18.589428], [73.864543, 18.589827], [73.864646, 18.590014], [73.865146, 18.59028], [73.865298, 18.590456], [73.865435, 18.590794], [73.865517, 18.591078], [73.865624, 18.591384], [73.865613, 18.591488], [73.864623, 18.591772], [73.863846, 18.592084], [73.863908, 18.592362], [73.863967, 18.59268], [73.863925, 18.592951], [73.864096, 18.593336], [73.864275, 18.593583], [73.864046, 18.593891], [73.864725, 18.595094], [73.863834, 18.595475], [73.862475, 18.595978], [73.862231, 18.596289], [73.860085, 18.598811], [73.860397, 18.600954], [73.860359, 18.601421], [73.858294, 18.601594], [73.858604, 18.60475], [73.858712, 18.605707], [73.858985, 18.608626], [73.859707, 18.611451], [73.859472, 18.612444], [73.859208, 18.613477], [73.858967, 18.614457], [73.862955, 18.613793], [73.863046, 18.614093], [73.868142, 18.614205], [73.868841, 18.619558], [73.867786, 18.619608], [73.866018, 18.620079], [73.864272, 18.620196], [73.864066, 18.61952], [73.863375, 18.617793], [73.863034, 18.617821], [73.862689, 18.617839], [73.861736, 18.61812], [73.858408, 18.618955], [73.857953, 18.617553], [73.857303, 18.617631], [73.854566, 18.617568], [73.85353, 18.617565], [73.852462, 18.61767], [73.851761, 18.617699], [73.851662, 18.61718], [73.851463, 18.616414], [73.850861, 18.616369], [73.849332, 18.616203], [73.848902, 18.612528], [73.849009, 18.612222], [73.848931, 18.612212], [73.84871, 18.61212], [73.848125, 18.61279], [73.847948, 18.612992], [73.847538, 18.613426], [73.846758, 18.614258], [73.845973, 18.615089], [73.845812, 18.615348], [73.841631, 18.616227], [73.841213, 18.61635], [73.839186, 18.617288], [73.838456, 18.617573], [73.8383, 18.61767], [73.837957, 18.617793], [73.836273, 18.618013], [73.83601, 18.61805], [73.83409, 18.618279], [73.833858, 18.618306], [73.833629, 18.618331], [73.831758, 18.618585], [73.831364, 18.618639], [73.830967, 18.618685], [73.830172, 18.618777], [73.82966, 18.618783], [73.829229, 18.618717], [73.82859, 18.618531], [73.826577, 18.617721], [73.826295, 18.617489], [73.826016, 18.617106], [73.825651, 18.616074], [73.825469, 18.615388], [73.824325, 18.612436], [73.824115, 18.611851], [73.823799, 18.611365], [73.823502, 18.610465], [73.823476, 18.610387], [73.823435, 18.609792], [73.822881, 18.608122], [73.825082, 18.607612], [73.825193, 18.607417], [73.825327, 18.607182], [73.825785, 18.606666], [73.825965, 18.606396], [73.826345, 18.605685], [73.826619, 18.605232], [73.826865, 18.60506], [73.827021, 18.60497], [73.827229, 18.604912], [73.827251, 18.604783], [73.827085, 18.60388], [73.827114, 18.603503], [73.82722, 18.602938], [73.827266, 18.602695], [73.827395, 18.602592], [73.827979, 18.60239], [73.827658, 18.601158], [73.827639, 18.601083], [73.8277, 18.601073], [73.828532, 18.600783], [73.828569, 18.600321], [73.828587, 18.600093], [73.828784, 18.600038], [73.829089, 18.599288], [73.829947, 18.599029], [73.829357, 18.597438], [73.830237, 18.597178], [73.830496, 18.596496], [73.83056, 18.596326], [73.830622, 18.596156], [73.830748, 18.595813], [73.830841, 18.595555], [73.830887, 18.595426], [73.830906, 18.595374], [73.830928, 18.5953], [73.831096, 18.594743], [73.831159, 18.594716], [73.832423, 18.594393], [73.832416, 18.59427], [73.83248, 18.594062], [73.832362, 18.593823], [73.832286, 18.593564], [73.832135, 18.59326], [73.832152, 18.593093], [73.832064, 18.59284], [73.831952, 18.592618], [73.831662, 18.592358], [73.831576, 18.592013], [73.831909, 18.591413], [73.831811, 18.590913], [73.831986, 18.590639], [73.832125, 18.59033], [73.832565, 18.590172], [73.832738, 18.589878], [73.832872, 18.589648], [73.833175, 18.589125], [73.833324, 18.588548], [73.833336, 18.588504], [73.833358, 18.588403], [73.833454, 18.587968], [73.833188, 18.587528], [73.833058, 18.587421], [73.833122, 18.5872], [73.83324, 18.587243], [73.8335, 18.587337], [73.83361, 18.587304], [73.833693, 18.587245], [73.833796, 18.586771], [73.833724, 18.586645], [73.833474, 18.586514], [73.833204, 18.586404], [73.835822, 18.576006], [73.836456, 18.575726], [73.836982, 18.575584], [73.838028, 18.575391], [73.838736, 18.575162], [73.841262, 18.573952], [73.843264, 18.573115], [73.845367, 18.5725], [73.846858, 18.572572], [73.848225, 18.573018], [73.849545, 18.573637], [73.851109, 18.574845], [73.851806, 18.576182], [73.852884, 18.578757], [73.853442, 18.580379], [73.854268, 18.581538], [73.854697, 18.581833], [73.856082, 18.582057], [73.857499, 18.582555], [73.858137, 18.582896], [73.859875, 18.58343], [73.860733, 18.58351], [73.860767, 18.583513], [73.861875, 18.583617], [73.863047, 18.583721], [73.863077, 18.583956]]]}}, {"type": "Feature", "properties": {"Pincode": "411032", "Office_Name": "Iaf Station S.O", "Division": "Pune City East ", "Region": "Pune ", "Circle": "Maharashtra ", "_distFromHubKm": 14.03}, "geometry": {"type": "Polygon", "coordinates": [[[73.906676, 18.566326], [73.908072, 18.578227], [73.912168, 18.57791], [73.913898, 18.578686], [73.915172, 18.57814], [73.916781, 18.577823], [73.917448, 18.577536], [73.917509, 18.575926], [73.920331, 18.575896], [73.920604, 18.575695], [73.922334, 18.574876], [73.928661, 18.571139], [73.930876, 18.573151], [73.931149, 18.575522], [73.931544, 18.576212], [73.93291, 18.577075], [73.933061, 18.578224], [73.932697, 18.580955], [73.9333, 18.581151], [73.933471, 18.581781], [73.933225, 18.581953], [73.932699, 18.581862], [73.932216, 18.582716], [73.931808, 18.582939], [73.931905, 18.584423], [73.930371, 18.587086], [73.930135, 18.586842], [73.927217, 18.587187], [73.926959, 18.58799], [73.926893, 18.589467], [73.926895, 18.589525], [73.926886, 18.58963], [73.926881, 18.589686], [73.926854, 18.590005], [73.926821, 18.590263], [73.926742, 18.590874], [73.926663, 18.591489], [73.926635, 18.591703], [73.926622, 18.591793], [73.926573, 18.592101], [73.925489, 18.593442], [73.925253, 18.594092], [73.925854, 18.594184], [73.925983, 18.594397], [73.9258, 18.59469], [73.925414, 18.595087], [73.924883, 18.595468], [73.924609, 18.595757], [73.92403, 18.596854], [73.922399, 18.597434], [73.921013, 18.597467], [73.920319, 18.597483], [73.919972, 18.597492], [73.9198, 18.597495], [73.919709, 18.597496], [73.919625, 18.597497], [73.917319, 18.597518], [73.91669, 18.597453], [73.909954, 18.59719], [73.908302, 18.596946], [73.907865, 18.597008], [73.907362, 18.59708], [73.907014, 18.597129], [73.905319, 18.595442], [73.905188, 18.594116], [73.904176, 18.593395], [73.903448, 18.593241], [73.903038, 18.592376], [73.903448, 18.59188], [73.903247, 18.591097], [73.90298, 18.590092], [73.901532, 18.588345], [73.901027, 18.587318], [73.900888, 18.586922], [73.902143, 18.586485], [73.902299, 18.586269], [73.902326, 18.5857], [73.90276, 18.585472], [73.904133, 18.58472], [73.903731, 18.58443], [73.902492, 18.584618], [73.89827, 18.582066], [73.897633, 18.583067], [73.897121, 18.582704], [73.896794, 18.582811], [73.896483, 18.582768], [73.896369, 18.582747], [73.895732, 18.582973], [73.895583, 18.582997], [73.895701, 18.582364], [73.89563, 18.582442], [73.893571, 18.581549], [73.893631, 18.580932], [73.891749, 18.580512], [73.890422, 18.580222], [73.890476, 18.579186], [73.890792, 18.575645], [73.890395, 18.575607], [73.890599, 18.574064], [73.891667, 18.574213], [73.89241, 18.574311], [73.892414, 18.574312], [73.892536, 18.574328], [73.893317, 18.574431], [73.899021, 18.575183], [73.900008, 18.572688], [73.898676, 18.570709], [73.896942, 18.568359], [73.896916, 18.568325], [73.8969, 18.568303], [73.896865, 18.568255], [73.896767, 18.568122], [73.893056, 18.563093], [73.899939, 18.565592], [73.906676, 18.566326]]]}}, {"type": "Feature", "properties": {"Pincode": "411033", "Office_Name": "Chinchwadgaon S.O", "Division": "Pune City East ", "Region": "Pune ", "Circle": "Maharashtra ", "_distFromHubKm": 24.92}, "geometry": {"type": "Polygon", "coordinates": [[[73.691501, 18.602639], [73.693423, 18.602446], [73.694496, 18.602558], [73.695457, 18.602847], [73.696385, 18.603305], [73.697393, 18.603478], [73.699549, 18.604427], [73.700733, 18.605376], [73.701036, 18.606116], [73.700671, 18.608187], [73.700341, 18.609594], [73.700792, 18.610326], [73.700578, 18.610651], [73.700578, 18.610895], [73.702447, 18.61166], [73.70341, 18.612271], [73.703167, 18.613321], [73.703038, 18.615413], [73.704624, 18.615751], [73.705836, 18.616152], [73.70654, 18.616455], [73.707157, 18.616411], [73.709677, 18.615715], [73.709783, 18.615583], [73.709949, 18.615621], [73.710295, 18.616076], [73.710574, 18.616406], [73.71148, 18.616894], [73.711484, 18.616973], [73.711981, 18.617638], [73.712334, 18.617954], [73.712467, 18.617979], [73.712722, 18.618407], [73.71287, 18.618483], [73.713061, 18.6189], [73.713122, 18.619374], [73.713293, 18.619644], [73.713483, 18.619673], [73.713665, 18.619662], [73.713866, 18.619784], [73.714154, 18.619777], [73.714858, 18.619868], [73.714966, 18.619946], [73.715254, 18.620578], [73.717025, 18.621], [73.718148, 18.621269], [73.719621, 18.620946], [73.71994, 18.620441], [73.720101, 18.620187], [73.720251, 18.61996], [73.722199, 18.618882], [73.72234, 18.617523], [73.722499, 18.617394], [73.723895, 18.617153], [73.723648, 18.615202], [73.723844, 18.615138], [73.72472, 18.615021], [73.725184, 18.614945], [73.725575, 18.614856], [73.725977, 18.614777], [73.726467, 18.614805], [73.727193, 18.614774], [73.727362, 18.614617], [73.727904, 18.614617], [73.728644, 18.61467], [73.728896, 18.61469], [73.729285, 18.614629], [73.729607, 18.614533], [73.730122, 18.614393], [73.731566, 18.614072], [73.732181, 18.613966], [73.732643, 18.613875], [73.732764, 18.613919], [73.732819, 18.614032], [73.73301, 18.614875], [73.733685, 18.614802], [73.734167, 18.614575], [73.73501, 18.61428], [73.735294, 18.615287], [73.735339, 18.615463], [73.736314, 18.615327], [73.738892, 18.61543], [73.739698, 18.615488], [73.740479, 18.615593], [73.740783, 18.615837], [73.7415, 18.615977], [73.740888, 18.612609], [73.740233, 18.611394], [73.739391, 18.61117], [73.73914, 18.609557], [73.739247, 18.608755], [73.739158, 18.608287], [73.738979, 18.607709], [73.738808, 18.606886], [73.73813, 18.605901], [73.737541, 18.605045], [73.73748, 18.604923], [73.738344, 18.603071], [73.738897, 18.602166], [73.738957, 18.60209], [73.739473, 18.600825], [73.740354, 18.601091], [73.741211, 18.60126], [73.742753, 18.601663], [73.74402, 18.602222], [73.746122, 18.603248], [73.747344, 18.603564], [73.750756, 18.604096], [73.753086, 18.606145], [73.753979, 18.606406], [73.754293, 18.606498], [73.75487, 18.606677], [73.755902, 18.607143], [73.757469, 18.608847], [73.760207, 18.610876], [73.760375, 18.610719], [73.760459, 18.610602], [73.76049, 18.610293], [73.760295, 18.609149], [73.760122, 18.60911], [73.760098, 18.609094], [73.760138, 18.607675], [73.760678, 18.607827], [73.761496, 18.607906], [73.762437, 18.607931], [73.763307, 18.608029], [73.764012, 18.608101], [73.764331, 18.608061], [73.765074, 18.607837], [73.766882, 18.607129], [73.769197, 18.606555], [73.770065, 18.606351], [73.771232, 18.605992], [73.772736, 18.60544], [73.772961, 18.605376], [73.774034, 18.604973], [73.774762, 18.604708], [73.775122, 18.60452], [73.774942, 18.604195], [73.775613, 18.603836], [73.775859, 18.604444], [73.776681, 18.60391], [73.777141, 18.603564], [73.779699, 18.606564], [73.783049, 18.610729], [73.783721, 18.61157], [73.784317, 18.612224], [73.785318, 18.614906], [73.785379, 18.615269], [73.784913, 18.616727], [73.785715, 18.617527], [73.786672, 18.618231], [73.787643, 18.619202], [73.788178, 18.620117], [73.788629, 18.62115], [73.788872, 18.622369], [73.788738, 18.623584], [73.78855, 18.624606], [73.788448, 18.625613], [73.788663, 18.626843], [73.789134, 18.62759], [73.789767, 18.628098], [73.790668, 18.628246], [73.791594, 18.62775], [73.792436, 18.62699], [73.794197, 18.625567], [73.795482, 18.624705], [73.796061, 18.625244], [73.796254, 18.625394], [73.796284, 18.625597], [73.79619, 18.62568], [73.796075, 18.625694], [73.795857, 18.625774], [73.795821, 18.625897], [73.795838, 18.626], [73.795992, 18.626096], [73.79614, 18.626899], [73.796414, 18.627422], [73.796505, 18.62787], [73.796629, 18.62817], [73.797191, 18.628671], [73.795376, 18.630854], [73.794389, 18.632663], [73.79367, 18.634585], [73.792855, 18.637614], [73.792156, 18.639015], [73.791614, 18.6401], [73.790567, 18.641365], [73.789049, 18.642716], [73.787741, 18.643601], [73.786554, 18.644166], [73.784303, 18.644872], [73.784302, 18.644872], [73.783726, 18.645053], [73.783045, 18.645218], [73.781172, 18.64534], [73.780204, 18.645319], [73.779323, 18.644944], [73.777143, 18.644348], [73.775496, 18.644075], [73.773204, 18.644053], [73.770777, 18.644492], [73.769577, 18.644926], [73.769159, 18.645134], [73.768784, 18.64532], [73.767589, 18.646029], [73.765927, 18.647328], [73.764884, 18.648199], [73.762585, 18.650083], [73.762575, 18.650092], [73.762035, 18.649604], [73.76183, 18.649529], [73.761395, 18.649102], [73.761839, 18.648733], [73.761841, 18.648731], [73.762004, 18.648593], [73.76203, 18.648555], [73.762002, 18.648503], [73.762336, 18.648034], [73.761571, 18.647693], [73.761559, 18.647657], [73.761395, 18.647536], [73.761235, 18.647474], [73.761041, 18.647351], [73.760889, 18.647173], [73.760856, 18.646805], [73.760848, 18.646578], [73.760757, 18.646379], [73.760649, 18.646372], [73.760566, 18.646306], [73.760617, 18.645728], [73.7606, 18.645295], [73.760623, 18.644999], [73.760609, 18.644788], [73.760617, 18.644375], [73.760456, 18.644278], [73.760441, 18.64416], [73.760519, 18.643996], [73.760473, 18.643428], [73.760748, 18.642057], [73.760097, 18.641967], [73.760092, 18.64196], [73.760036, 18.641762], [73.759956, 18.641556], [73.759807, 18.641412], [73.759578, 18.641315], [73.75938, 18.64111], [73.759122, 18.640858], [73.758796, 18.640549], [73.758405, 18.640488], [73.758124, 18.640344], [73.758028, 18.640219], [73.758016, 18.640214], [73.757992, 18.640172], [73.757916, 18.640136], [73.757856, 18.640146], [73.757639, 18.640183], [73.757388, 18.64019], [73.757236, 18.640156], [73.757112, 18.640028], [73.756642, 18.63963], [73.756199, 18.638722], [73.755917, 18.63895], [73.75586, 18.638918], [73.755629, 18.638931], [73.75556, 18.639012], [73.755577, 18.639179], [73.755579, 18.639205], [73.755586, 18.639276], [73.755498, 18.639426], [73.755197, 18.639495], [73.754754, 18.639561], [73.754561, 18.639527], [73.754182, 18.639414], [73.753859, 18.639749], [73.753874, 18.640351], [73.753768, 18.641006], [73.75358, 18.641279], [73.753171, 18.641606], [73.752518, 18.641706], [73.751858, 18.641724], [73.75097, 18.641653], [73.750067, 18.641466], [73.749046, 18.640808], [73.747659, 18.639942], [73.746239, 18.640013], [73.745628, 18.639992], [73.745316, 18.640074], [73.743668, 18.640471], [73.742434, 18.641243], [73.741967, 18.641508], [73.739992, 18.643582], [73.739047, 18.644802], [73.738317, 18.645147], [73.737723, 18.645067], [73.736425, 18.643701], [73.736191, 18.642903], [73.735531, 18.642026], [73.734908, 18.641825], [73.734873, 18.641829], [73.73384, 18.642097], [73.733065, 18.642657], [73.731905, 18.643663], [73.729877, 18.645606], [73.727311, 18.646541], [73.723813, 18.647323], [73.723718, 18.647383], [73.723154, 18.647709], [73.72273, 18.648352], [73.722335, 18.649171], [73.721559, 18.65121], [73.721559, 18.651211], [73.72129, 18.651917], [73.720068, 18.653488], [73.718271, 18.654454], [73.717045, 18.654967], [73.713808, 18.656863], [73.713158, 18.657814], [73.713155, 18.657819], [73.713151, 18.657825], [73.71314, 18.65784], [73.712959, 18.658082], [73.712921, 18.658133], [73.711966, 18.659409], [73.711996, 18.659094], [73.711884, 18.659426], [73.711706, 18.659249], [73.711211, 18.657722], [73.711309, 18.656858], [73.710652, 18.655808], [73.710503, 18.655297], [73.710272, 18.654779], [73.709713, 18.654902], [73.709691, 18.654907], [73.70959, 18.654927], [73.709318, 18.65498], [73.70917, 18.65491], [73.708918, 18.654971], [73.708812, 18.654649], [73.706719, 18.654878], [73.706622, 18.654275], [73.706604, 18.654161], [73.70658, 18.65398], [73.706566, 18.653873], [73.706422, 18.652781], [73.706365, 18.652348], [73.706333, 18.652103], [73.706316, 18.651907], [73.706586, 18.651925], [73.706425, 18.65101], [73.706325, 18.650438], [73.706207, 18.649656], [73.706194, 18.649506], [73.705732, 18.647892], [73.705572, 18.646577], [73.705018, 18.646152], [73.704813, 18.645886], [73.705642, 18.644842], [73.703001, 18.645025], [73.702866, 18.644415], [73.699366, 18.64469], [73.696894, 18.644819], [73.69419, 18.645006], [73.693993, 18.644844], [73.693898, 18.644765], [73.693811, 18.644677], [73.693445, 18.64385], [73.693429, 18.643816], [73.693349, 18.643643], [73.693348, 18.643642], [73.693327, 18.643597], [73.693286, 18.643499], [73.693235, 18.643377], [73.693199, 18.643289], [73.692922, 18.642624], [73.691996, 18.642514], [73.691304, 18.642311], [73.691017, 18.642141], [73.690955, 18.642066], [73.691, 18.64134], [73.690847, 18.641313], [73.690769, 18.641257], [73.690716, 18.640867], [73.689169, 18.639775], [73.688033, 18.639784], [73.686429, 18.639708], [73.686171, 18.63964], [73.686102, 18.639507], [73.686159, 18.639061], [73.686212, 18.638331], [73.686125, 18.638256], [73.686194, 18.637401], [73.686261, 18.636557], [73.687769, 18.636318], [73.687431, 18.634168], [73.687346, 18.633815], [73.68744, 18.633525], [73.687689, 18.633431], [73.687906, 18.633152], [73.688295, 18.632612], [73.688186, 18.631802], [73.68808, 18.631015], [73.688003, 18.630438], [73.687966, 18.629707], [73.687898, 18.629329], [73.687854, 18.629069], [73.687747, 18.628434], [73.687605, 18.627565], [73.687555, 18.627259], [73.687515, 18.627013], [73.687408, 18.626355], [73.687381, 18.626171], [73.687351, 18.625961], [73.687254, 18.625297], [73.687195, 18.624591], [73.687265, 18.623899], [73.68715, 18.623681], [73.686852, 18.623333], [73.686516, 18.623059], [73.685985, 18.623113], [73.68571, 18.623113], [73.685371, 18.623112], [73.684899, 18.622857], [73.684899, 18.622212], [73.68485, 18.621395], [73.684763, 18.619944], [73.684846, 18.618274], [73.685058, 18.617081], [73.685091, 18.616331], [73.685124, 18.615582], [73.685129, 18.615476], [73.685198, 18.615086], [73.685321, 18.61433], [73.685333, 18.614181], [73.685409, 18.613229], [73.685475, 18.612313], [73.685542, 18.610845], [73.685687, 18.610138], [73.685665, 18.609194], [73.685915, 18.607691], [73.686147, 18.606676], [73.686342, 18.606397], [73.68552, 18.605922], [73.685703, 18.60534], [73.686725, 18.604729], [73.687519, 18.605283], [73.68885, 18.603991], [73.689859, 18.60329], [73.691501, 18.602639]]]}}, {"type": "Feature", "properties": {"Pincode": "411034", "Office_Name": "Kasarwadi S.O", "Division": "Pune City East ", "Region": "Pune ", "Circle": "Maharashtra ", "_distFromHubKm": 17.75}, "geometry": {"type": "Polygon", "coordinates": [[[73.828587, 18.600093], [73.828569, 18.600321], [73.828532, 18.600783], [73.8277, 18.601073], [73.827639, 18.601083], [73.827658, 18.601158], [73.827979, 18.60239], [73.827395, 18.602592], [73.827266, 18.602695], [73.82722, 18.602938], [73.827114, 18.603503], [73.827085, 18.60388], [73.827251, 18.604783], [73.827229, 18.604912], [73.827021, 18.60497], [73.826865, 18.60506], [73.826619, 18.605232], [73.826345, 18.605685], [73.825965, 18.606396], [73.825785, 18.606666], [73.825327, 18.607182], [73.825193, 18.607417], [73.825082, 18.607612], [73.822881, 18.608122], [73.823435, 18.609792], [73.823476, 18.610387], [73.823502, 18.610465], [73.823799, 18.611365], [73.821845, 18.611699], [73.822196, 18.614444], [73.822265, 18.614703], [73.820934, 18.614815], [73.820983, 18.61543], [73.821182, 18.616416], [73.820069, 18.616643], [73.820098, 18.617103], [73.820095, 18.617101], [73.819826, 18.616851], [73.819489, 18.616272], [73.819288, 18.61565], [73.819007, 18.615132], [73.818674, 18.614728], [73.818654, 18.614703], [73.818397, 18.614228], [73.818259, 18.613723], [73.818199, 18.613357], [73.818212, 18.61301], [73.818083, 18.612886], [73.817941, 18.612897], [73.817762, 18.61282], [73.817748, 18.612745], [73.817807, 18.612684], [73.817774, 18.612569], [73.817718, 18.612319], [73.817697, 18.612223], [73.817688, 18.612182], [73.817675, 18.612122], [73.817709, 18.611887], [73.817744, 18.6118], [73.817794, 18.611694], [73.817782, 18.611548], [73.817716, 18.611447], [73.81767, 18.611363], [73.817518, 18.611228], [73.817421, 18.611038], [73.817438, 18.610895], [73.817741, 18.610522], [73.817982, 18.610296], [73.818176, 18.610051], [73.818258, 18.609904], [73.81827, 18.609647], [73.818198, 18.6095], [73.818027, 18.60928], [73.817773, 18.608777], [73.816889, 18.608874], [73.816698, 18.608879], [73.815975, 18.608699], [73.815943, 18.608571], [73.81592, 18.608407], [73.815989, 18.608273], [73.816102, 18.608151], [73.816192, 18.607935], [73.816286, 18.607775], [73.816316, 18.607605], [73.816221, 18.607252], [73.816199, 18.606648], [73.816121, 18.606137], [73.816019, 18.605895], [73.81585, 18.605552], [73.815831, 18.605397], [73.816812, 18.605318], [73.818406, 18.605376], [73.819704, 18.605268], [73.820823, 18.604427], [73.821597, 18.603248], [73.821597, 18.602399], [73.820686, 18.600458], [73.81973, 18.599538], [73.818972, 18.598488], [73.81838, 18.597136], [73.818456, 18.596345], [73.818866, 18.595267], [73.819352, 18.594691], [73.820111, 18.594461], [73.821431, 18.594691], [73.822752, 18.594591], [73.824437, 18.594188], [73.825513, 18.593699], [73.825782, 18.593406], [73.826652, 18.59246], [73.827274, 18.591677], [73.828046, 18.590396], [73.828852, 18.589119], [73.829398, 18.589809], [73.825514, 18.600014], [73.826973, 18.59977], [73.827481, 18.600005], [73.828202, 18.599956], [73.828215, 18.600221], [73.828587, 18.600093]]]}}, {"type": "Feature", "properties": {"Pincode": "411035", "Office_Name": "Akurdi S.O", "Division": "Pune City East ", "Region": "Pune ", "Circle": "Maharashtra ", "_distFromHubKm": 24.3}, "geometry": {"type": "Polygon", "coordinates": [[[73.786596, 18.664241], [73.786226, 18.663556], [73.784503, 18.662972], [73.78099, 18.661894], [73.779315, 18.660781], [73.777501, 18.659226], [73.777654, 18.659028], [73.777477, 18.658484], [73.777353, 18.657402], [73.776693, 18.657671], [73.776399, 18.657386], [73.776088, 18.657163], [73.775857, 18.657173], [73.775739, 18.657168], [73.775111, 18.656609], [73.774735, 18.656217], [73.774146, 18.65578], [73.774106, 18.655737], [73.774243, 18.655447], [73.774436, 18.655486], [73.77472, 18.654773], [73.774131, 18.654541], [73.774248, 18.654192], [73.774548, 18.653385], [73.774896, 18.652451], [73.775529, 18.650942], [73.776152, 18.649244], [73.777204, 18.649615], [73.777328, 18.649282], [73.77791, 18.649323], [73.777989, 18.648995], [73.778171, 18.648977], [73.778266, 18.64856], [73.778353, 18.648478], [73.778414, 18.647888], [73.778835, 18.647763], [73.778987, 18.647687], [73.779274, 18.647394], [73.779532, 18.647125], [73.779744, 18.646933], [73.779912, 18.646573], [73.780093, 18.645912], [73.780204, 18.645319], [73.781172, 18.64534], [73.783045, 18.645218], [73.783726, 18.645053], [73.784302, 18.644872], [73.784303, 18.644872], [73.784305, 18.644873], [73.784714, 18.646306], [73.785133, 18.6481], [73.785326, 18.650194], [73.785906, 18.650782], [73.786346, 18.651084], [73.786669, 18.652435], [73.789424, 18.655303], [73.791001, 18.657386], [73.793469, 18.660686], [73.791793, 18.661664], [73.789152, 18.662986], [73.786596, 18.664241]]]}}, {"type": "Feature", "properties": {"Pincode": "411036", "Office_Name": "Mundhva AV S.O", "Division": "Pune City East ", "Region": "Pune ", "Circle": "Maharashtra ", "_distFromHubKm": 8.41}, "geometry": {"type": "Polygon", "coordinates": [[[73.907032, 18.513766], [73.908197, 18.512672], [73.908544, 18.51296], [73.911448, 18.514823], [73.912688, 18.515349], [73.913649, 18.515757], [73.914387, 18.515854], [73.914592, 18.515868], [73.914804, 18.515848], [73.915332, 18.515863], [73.915377, 18.516179], [73.915422, 18.517391], [73.915411, 18.517699], [73.915472, 18.518184], [73.91554, 18.518645], [73.915636, 18.519139], [73.91572, 18.519519], [73.915782, 18.519682], [73.916385, 18.519709], [73.916753, 18.519725], [73.917451, 18.51975], [73.917741, 18.519748], [73.91789, 18.519776], [73.918221, 18.519834], [73.919069, 18.520075], [73.919982, 18.520205], [73.921968, 18.520673], [73.923492, 18.521015], [73.924749, 18.521293], [73.925468, 18.521507], [73.926047, 18.521802], [73.92638, 18.522006], [73.926702, 18.522097], [73.926916, 18.522168], [73.927025, 18.522211], [73.927256, 18.522301], [73.927281, 18.522311], [73.927689, 18.522443], [73.928708, 18.522575], [73.929888, 18.522585], [73.931272, 18.522738], [73.931701, 18.522677], [73.932194, 18.522708], [73.932109, 18.521619], [73.932595, 18.519963], [73.933319, 18.520029], [73.93351, 18.519953], [73.933788, 18.519661], [73.934835, 18.51974], [73.934813, 18.520082], [73.934813, 18.520097], [73.934805, 18.520477], [73.93523, 18.520751], [73.935397, 18.522204], [73.935447, 18.522438], [73.935587, 18.52242], [73.935876, 18.523009], [73.936452, 18.523714], [73.936706, 18.523826], [73.93723, 18.52393], [73.938668, 18.524128], [73.939765, 18.524049], [73.94026, 18.523514], [73.940448, 18.523287], [73.940807, 18.523139], [73.941231, 18.523031], [73.941261, 18.523023], [73.942345, 18.522746], [73.942355, 18.522743], [73.94394, 18.522326], [73.944888, 18.522175], [73.945404, 18.522175], [73.94588, 18.522125], [73.947004, 18.522125], [73.947536, 18.521995], [73.948843, 18.521552], [73.949273, 18.521407], [73.949426, 18.521355], [73.952438, 18.520269], [73.953107, 18.52365], [73.954351, 18.523621], [73.956255, 18.532363], [73.956455, 18.533346], [73.956676, 18.534073], [73.957314, 18.534871], [73.958585, 18.536026], [73.954704, 18.542117], [73.951721, 18.544721], [73.951034, 18.545575], [73.948159, 18.545534], [73.946056, 18.545534], [73.943782, 18.54411], [73.941894, 18.540774], [73.939705, 18.537112], [73.938332, 18.534915], [73.934806, 18.535403], [73.931741, 18.536223], [73.924261, 18.538568], [73.912296, 18.540169], [73.910941, 18.540341], [73.910878, 18.540349], [73.910502, 18.540397], [73.910429, 18.540406], [73.910408, 18.540409], [73.91023, 18.540434], [73.910018, 18.540464], [73.906094, 18.54102], [73.906019, 18.539235], [73.907205, 18.538725], [73.907245, 18.538708], [73.907305, 18.538682], [73.90731, 18.53868], [73.907328, 18.538672], [73.907443, 18.538623], [73.907444, 18.538622], [73.907445, 18.538622], [73.907464, 18.538614], [73.907467, 18.538612], [73.907514, 18.538592], [73.907591, 18.538559], [73.907601, 18.538554], [73.908072, 18.538352], [73.909771, 18.537317], [73.909165, 18.534425], [73.909164, 18.534411], [73.909155, 18.534378], [73.909068, 18.533963], [73.909068, 18.533962], [73.909041, 18.533835], [73.909036, 18.533809], [73.909029, 18.533776], [73.909009, 18.533682], [73.908728, 18.532341], [73.908564, 18.531559], [73.908159, 18.52963], [73.907532, 18.529511], [73.907518, 18.529178], [73.906038, 18.529381], [73.906322, 18.522031], [73.906751, 18.516931], [73.9071, 18.516039], [73.907032, 18.513766]]]}}, {"type": "Feature", "properties": {"Pincode": "411037", "Office_Name": "Market Yard S.O (Pune)", "Division": "Pune City East ", "Region": "Pune ", "Circle": "Maharashtra ", "_distFromHubKm": 2.77}, "geometry": {"type": "Polygon", "coordinates": [[[73.874755, 18.501899], [73.873721, 18.501852], [73.872556, 18.501816], [73.871816, 18.501821], [73.870878, 18.501755], [73.869235, 18.501473], [73.868565, 18.501228], [73.86762, 18.500824], [73.866834, 18.500498], [73.866155, 18.500259], [73.865242, 18.499939], [73.864593, 18.49985], [73.862452, 18.499944], [73.860751, 18.500249], [73.85913, 18.500447], [73.858749, 18.500386], [73.858588, 18.500152], [73.858529, 18.499674], [73.858518, 18.499349], [73.858411, 18.498759], [73.858325, 18.498107], [73.858288, 18.497858], [73.858218, 18.497415], [73.85817, 18.497008], [73.858132, 18.49625], [73.858127, 18.49562], [73.858052, 18.494719], [73.857918, 18.493229], [73.857805, 18.492374], [73.857794, 18.49129], [73.857741, 18.490461], [73.85765, 18.489856], [73.857526, 18.489398], [73.857494, 18.488864], [73.857612, 18.487653], [73.85758, 18.486884], [73.857719, 18.485882], [73.857768, 18.485139], [73.857778, 18.484692], [73.857612, 18.483913], [73.857435, 18.482875], [73.857344, 18.482219], [73.857349, 18.481578], [73.857301, 18.480677], [73.857295, 18.479843], [73.857322, 18.478907], [73.857237, 18.477348], [73.857221, 18.477236], [73.856949, 18.476797], [73.856901, 18.476626], [73.856756, 18.476471], [73.856706, 18.476378], [73.856618, 18.476256], [73.856612, 18.476086], [73.856718, 18.475757], [73.856961, 18.475692], [73.857344, 18.475584], [73.8575, 18.475541], [73.85754, 18.475422], [73.857447, 18.475152], [73.857379, 18.474969], [73.857334, 18.474812], [73.857281, 18.474603], [73.85722, 18.474357], [73.857619, 18.474371], [73.85784, 18.47438], [73.857856, 18.474379], [73.857889, 18.474335], [73.857943, 18.474033], [73.858005, 18.473748], [73.858113, 18.473256], [73.858164, 18.473096], [73.858255, 18.472841], [73.858369, 18.472557], [73.85846, 18.472311], [73.858588, 18.472071], [73.858911, 18.471662], [73.859049, 18.471509], [73.859376, 18.471305], [73.859475, 18.471237], [73.859648, 18.471153], [73.860027, 18.471], [73.860429, 18.470757], [73.860691, 18.470583], [73.860878, 18.470407], [73.860917, 18.470304], [73.861002, 18.469616], [73.861019, 18.469441], [73.861041, 18.469082], [73.861145, 18.468469], [73.861176, 18.468045], [73.861219, 18.467581], [73.861683, 18.466528], [73.861947, 18.465754], [73.862274, 18.464925], [73.862526, 18.464355], [73.862693, 18.463971], [73.862739, 18.463908], [73.862843, 18.463745], [73.862915, 18.463653], [73.862992, 18.463606], [73.863005, 18.463558], [73.86309, 18.463236], [73.86332, 18.46276], [73.863618, 18.461752], [73.863951, 18.460725], [73.864018, 18.460478], [73.863937, 18.460218], [73.863845, 18.459964], [73.863844, 18.459913], [73.86385, 18.459862], [73.863872, 18.459746], [73.863658, 18.459671], [73.863613, 18.459633], [73.863524, 18.459559], [73.863442, 18.459475], [73.863399, 18.459423], [73.86342, 18.459374], [73.863452, 18.459327], [73.863472, 18.459303], [73.863491, 18.459276], [73.863547, 18.459241], [73.863613, 18.459225], [73.86365, 18.459218], [73.863698, 18.459217], [73.863737, 18.459211], [73.863823, 18.459201], [73.863916, 18.459196], [73.864101, 18.459142], [73.864244, 18.459089], [73.864413, 18.459008], [73.86471, 18.459088], [73.864713, 18.459089], [73.864825, 18.459129], [73.865192, 18.459218], [73.865509, 18.459295], [73.865799, 18.45915], [73.866142, 18.458978], [73.866787, 18.459039], [73.866715, 18.459314], [73.866694, 18.459392], [73.866689, 18.459411], [73.866679, 18.459449], [73.866674, 18.459468], [73.866587, 18.459799], [73.866563, 18.459941], [73.867173, 18.460039], [73.867634, 18.460053], [73.868491, 18.46002], [73.869168, 18.460111], [73.870137, 18.46033], [73.870819, 18.460354], [73.871302, 18.460371], [73.87149, 18.460377], [73.873225, 18.460435], [73.873233, 18.460857], [73.873429, 18.460915], [73.874014, 18.460923], [73.874097, 18.461015], [73.874519, 18.461012], [73.874637, 18.460842], [73.875248, 18.460826], [73.875463, 18.460819], [73.875492, 18.460246], [73.875503, 18.46005], [73.87638, 18.460074], [73.876384, 18.460074], [73.876386, 18.460074], [73.87639, 18.460074], [73.876396, 18.460074], [73.876397, 18.460074], [73.876398, 18.460074], [73.876834, 18.460173], [73.877585, 18.460148], [73.877668, 18.460236], [73.877697, 18.460697], [73.877708, 18.460969], [73.877691, 18.461176], [73.877674, 18.461392], [73.877657, 18.461655], [73.877634, 18.461941], [73.877604, 18.462292], [73.877576, 18.463652], [73.87752, 18.464683], [73.877009, 18.465495], [73.876665, 18.466411], [73.876809, 18.466332], [73.877239, 18.466299], [73.877861, 18.466281], [73.878034, 18.46628], [73.878854, 18.466273], [73.879002, 18.466256], [73.878994, 18.466612], [73.879037, 18.46694], [73.879219, 18.467507], [73.879114, 18.468042], [73.879031, 18.468408], [73.878526, 18.469278], [73.878588, 18.469328], [73.878378, 18.46966], [73.878279, 18.469797], [73.87827, 18.470261], [73.878268, 18.470382], [73.87826, 18.470812], [73.878611, 18.471562], [73.878338, 18.471585], [73.87739, 18.472567], [73.877055, 18.474196], [73.876476, 18.47619], [73.876691, 18.478266], [73.876455, 18.47849], [73.876594, 18.480382], [73.87653, 18.481726], [73.87659, 18.482311], [73.876299, 18.482556], [73.876416, 18.483146], [73.876465, 18.483509], [73.876479, 18.484026], [73.876728, 18.484042], [73.876739, 18.48417], [73.876739, 18.4851], [73.876658, 18.486195], [73.877716, 18.489204], [73.878479, 18.491938], [73.879405, 18.492615], [73.879011, 18.494442], [73.878501, 18.49552], [73.877967, 18.495821], [73.87784, 18.496871], [73.877566, 18.498622], [73.877358, 18.498231], [73.877357, 18.49823], [73.877355, 18.498226], [73.876994, 18.497459], [73.876952, 18.49737], [73.87689, 18.497278], [73.875661, 18.498265], [73.875827, 18.498713], [73.876034, 18.498752], [73.876148, 18.498903], [73.876193, 18.49909], [73.876345, 18.499629], [73.876421, 18.50027], [73.876444, 18.500766], [73.876457, 18.501672], [73.876451, 18.502133], [73.8763, 18.502327], [73.875862, 18.502244], [73.87545, 18.502154], [73.874755, 18.501899]]]}}, {"type": "Feature", "properties": {"Pincode": "411038", "Office_Name": "Ex. Serviceman Colony S.O", "Division": "Pune City West ", "Region": "Pune ", "Circle": "Maharashtra ", "_distFromHubKm": 10.72}, "geometry": {"type": "MultiPolygon", "coordinates": [[[[73.783175, 18.487096], [73.783176, 18.487096], [73.78344, 18.490741], [73.783235, 18.491341], [73.783204, 18.48749], [73.783175, 18.487096]]], [[[73.781958, 18.495075], [73.786134, 18.499904], [73.788639, 18.502802], [73.786986, 18.50089], [73.781958, 18.495075]]], [[[73.825259, 18.516404], [73.823663, 18.515992], [73.82201, 18.515932], [73.820808, 18.516482], [73.819928, 18.515688], [73.819416, 18.515962], [73.818941, 18.516217], [73.818898, 18.517906], [73.818017, 18.519214], [73.817761, 18.519595], [73.817748, 18.520195], [73.81774, 18.520551], [73.817506, 18.52089], [73.81749, 18.520914], [73.817375, 18.52108], [73.816946, 18.521324], [73.816313, 18.521617], [73.816166, 18.521685], [73.816109, 18.521711], [73.815947, 18.521765], [73.815772, 18.521822], [73.81568, 18.521853], [73.81527, 18.521751], [73.814765, 18.522327], [73.814656, 18.522452], [73.813483, 18.522297], [73.813484, 18.522326], [73.810326, 18.522012], [73.809931, 18.521972], [73.80992, 18.521971], [73.807988, 18.521779], [73.806785, 18.521752], [73.806778, 18.521752], [73.803966, 18.52169], [73.800013, 18.521603], [73.797993, 18.521559], [73.796089, 18.521517], [73.796061, 18.521516], [73.791027, 18.521405], [73.790215, 18.522952], [73.787853, 18.523481], [73.786694, 18.525922], [73.784032, 18.526451], [73.782829, 18.525027], [73.782001, 18.523324], [73.781348, 18.521981], [73.782138, 18.52106], [73.782987, 18.520657], [73.78329, 18.520542], [73.783516, 18.520632], [73.783795, 18.520279], [73.783821, 18.520246], [73.784929, 18.518844], [73.785886, 18.518125], [73.785992, 18.517852], [73.786339, 18.517638], [73.786617, 18.517417], [73.786901, 18.517112], [73.787453, 18.516626], [73.788297, 18.516062], [73.78562, 18.51404], [73.784418, 18.514325], [73.784075, 18.5129], [73.784514, 18.51231], [73.784514, 18.511435], [73.783741, 18.51109], [73.783569, 18.510601], [73.784235, 18.509889], [73.784106, 18.50938], [73.783376, 18.50936], [73.782646, 18.509095], [73.783214, 18.507915], [73.783441, 18.507391], [73.783477, 18.507315], [73.783554, 18.50715], [73.783669, 18.506903], [73.784637, 18.50704], [73.784883, 18.507075], [73.78574, 18.507126], [73.785989, 18.507141], [73.786113, 18.507148], [73.786241, 18.507152], [73.786375, 18.507157], [73.78651, 18.507162], [73.786546, 18.507163], [73.786572, 18.507164], [73.787455, 18.507195], [73.787497, 18.507196], [73.788048, 18.507215], [73.78816, 18.507219], [73.788602, 18.507194], [73.789693, 18.507133], [73.790082, 18.50695], [73.7902, 18.506895], [73.791256, 18.506399], [73.791893, 18.505464], [73.791989, 18.505105], [73.79243, 18.504553], [73.79212, 18.504615], [73.79109, 18.504345], [73.789647, 18.503967], [73.79169, 18.504502], [73.792685, 18.504389], [73.792731, 18.503174], [73.792473, 18.502065], [73.79097, 18.50004], [73.789006, 18.497721], [73.788439, 18.497314], [73.788292, 18.496848], [73.788221, 18.496624], [73.788191, 18.49653], [73.788203, 18.496398], [73.788869, 18.496154], [73.78948, 18.496174], [73.790231, 18.495632], [73.790865, 18.495212], [73.791526, 18.494851], [73.793912, 18.493549], [73.798988, 18.492125], [73.80371, 18.492979], [73.805423, 18.492451], [73.807138, 18.492285], [73.809667, 18.492295], [73.811511, 18.492583], [73.81536, 18.493183], [73.813406, 18.494221], [73.813834, 18.497965], [73.817103, 18.497897], [73.818498, 18.497868], [73.820203, 18.497833], [73.823158, 18.497772], [73.824574, 18.49825], [73.825561, 18.498331], [73.82614, 18.498575], [73.825357, 18.499501], [73.824821, 18.501211], [73.82275, 18.504965], [73.825099, 18.505677], [73.828286, 18.506908], [73.828273, 18.506939], [73.83121, 18.508471], [73.832803, 18.509319], [73.83079, 18.512079], [73.830785, 18.512085], [73.828943, 18.51461], [73.827178, 18.515851], [73.825982, 18.516693], [73.825632, 18.516553], [73.825458, 18.516483], [73.82537, 18.516448], [73.825327, 18.516431], [73.825305, 18.516422], [73.825294, 18.516418], [73.825288, 18.516415], [73.825283, 18.516413], [73.82528, 18.516416], [73.825259, 18.516404]]], [[[73.829393, 18.523686], [73.825213, 18.521592], [73.828208, 18.523092], [73.829393, 18.523686]]]]}}, {"type": "Feature", "properties": {"Pincode": "411039", "Office_Name": "Bhosarigoan S.O", "Division": "Pune City East ", "Region": "Pune ", "Circle": "Maharashtra ", "_distFromHubKm": 19.28}, "geometry": {"type": "Polygon", "coordinates": [[[73.869209, 18.629852], [73.868131, 18.630201], [73.867724, 18.630371], [73.867536, 18.630516], [73.867281, 18.630462], [73.867027, 18.630439], [73.867038, 18.63062], [73.866515, 18.631169], [73.866313, 18.631232], [73.866066, 18.631171], [73.865696, 18.631209], [73.865175, 18.631159], [73.864558, 18.631082], [73.864258, 18.630762], [73.863812, 18.630137], [73.860798, 18.630508], [73.860884, 18.63122], [73.860782, 18.631433], [73.859729, 18.631679], [73.859728, 18.631679], [73.857469, 18.632207], [73.857829, 18.632509], [73.857898, 18.632609], [73.85702, 18.633314], [73.857787, 18.63468], [73.856876, 18.635125], [73.856957, 18.635652], [73.855803, 18.636094], [73.856469, 18.638849], [73.856771, 18.639467], [73.856754, 18.639884], [73.856352, 18.64008], [73.856201, 18.640364], [73.856424, 18.641081], [73.856341, 18.641177], [73.855949, 18.641292], [73.855228, 18.641297], [73.85586, 18.642165], [73.855895, 18.642214], [73.855925, 18.642259], [73.855928, 18.642263], [73.856271, 18.642779], [73.856502, 18.643166], [73.855423, 18.643734], [73.856861, 18.646032], [73.856572, 18.646225], [73.856081, 18.646431], [73.855526, 18.646675], [73.854933, 18.646898], [73.855066, 18.647183], [73.855121, 18.647302], [73.855338, 18.647834], [73.854549, 18.647803], [73.854101, 18.647746], [73.853657, 18.64777], [73.8533, 18.647776], [73.852775, 18.647691], [73.85176, 18.647648], [73.850865, 18.647576], [73.850717, 18.647543], [73.850436, 18.647418], [73.849177, 18.647376], [73.846574, 18.647252], [73.845586, 18.647346], [73.845388, 18.642458], [73.8451, 18.640431], [73.844675, 18.63803], [73.844159, 18.636046], [73.843225, 18.632638], [73.842962, 18.631756], [73.843372, 18.631596], [73.843984, 18.631459], [73.844456, 18.631464], [73.845302, 18.631476], [73.845654, 18.631493], [73.846058, 18.631528], [73.846366, 18.631492], [73.846786, 18.631466], [73.847304, 18.630699], [73.847463, 18.630348], [73.847418, 18.630157], [73.847281, 18.629824], [73.847192, 18.629595], [73.847114, 18.62943], [73.84705, 18.629214], [73.846919, 18.628973], [73.846766, 18.628726], [73.846723, 18.628526], [73.846637, 18.628213], [73.846573, 18.627738], [73.846412, 18.627651], [73.846256, 18.627659], [73.846076, 18.627661], [73.845883, 18.627554], [73.845707, 18.627442], [73.845625, 18.627263], [73.845559, 18.626927], [73.845545, 18.626573], [73.845543, 18.625877], [73.845513, 18.624964], [73.845481, 18.624182], [73.845328, 18.623971], [73.84513, 18.623536], [73.844577, 18.623437], [73.844451, 18.62347], [73.844298, 18.623511], [73.844134, 18.623549], [73.844025, 18.623536], [73.843716, 18.622646], [73.843483, 18.622707], [73.842794, 18.622554], [73.842198, 18.622439], [73.842164, 18.622343], [73.842464, 18.621317], [73.841498, 18.621533], [73.84124, 18.621714], [73.84102, 18.621973], [73.840709, 18.62183], [73.840306, 18.621444], [73.839571, 18.622105], [73.839051, 18.620178], [73.841716, 18.619673], [73.842401, 18.618799], [73.841631, 18.616227], [73.845812, 18.615348], [73.845973, 18.615089], [73.846758, 18.614258], [73.847538, 18.613426], [73.847948, 18.612992], [73.848125, 18.61279], [73.84871, 18.61212], [73.848931, 18.612212], [73.849009, 18.612222], [73.848902, 18.612528], [73.849332, 18.616203], [73.850861, 18.616369], [73.851463, 18.616414], [73.851662, 18.61718], [73.851761, 18.617699], [73.852462, 18.61767], [73.85353, 18.617565], [73.854566, 18.617568], [73.857303, 18.617631], [73.857953, 18.617553], [73.858408, 18.618955], [73.861736, 18.61812], [73.862689, 18.617839], [73.863034, 18.617821], [73.863375, 18.617793], [73.864066, 18.61952], [73.864272, 18.620196], [73.866389, 18.62596], [73.866903, 18.626873], [73.867434, 18.627351], [73.86774, 18.6279], [73.867972, 18.628339], [73.868341, 18.629039], [73.868861, 18.629308], [73.869209, 18.629852]]]}}, {"type": "Feature", "properties": {"Pincode": "411040", "Office_Name": "Wanowarie S.O", "Division": "Pune City East ", "Region": "Pune ", "Circle": "Maharashtra ", "_distFromHubKm": 3.34}, "geometry": {"type": "Polygon", "coordinates": [[[73.877566, 18.498622], [73.87784, 18.496871], [73.877967, 18.495821], [73.878501, 18.49552], [73.879011, 18.494442], [73.879405, 18.492615], [73.878479, 18.491938], [73.877716, 18.489204], [73.876658, 18.486195], [73.876739, 18.4851], [73.876739, 18.48417], [73.876728, 18.484042], [73.876479, 18.484026], [73.876465, 18.483509], [73.876416, 18.483146], [73.876299, 18.482556], [73.87659, 18.482311], [73.87653, 18.481726], [73.876594, 18.480382], [73.876455, 18.47849], [73.876691, 18.478266], [73.876476, 18.47619], [73.877055, 18.474196], [73.87739, 18.472567], [73.878338, 18.471585], [73.878611, 18.471562], [73.878861, 18.47229], [73.878973, 18.472959], [73.878844, 18.473198], [73.878705, 18.474608], [73.878748, 18.474832], [73.879403, 18.475437], [73.879827, 18.475376], [73.879977, 18.475681], [73.880192, 18.47588], [73.880465, 18.476297], [73.880616, 18.476444], [73.880691, 18.476821], [73.881312, 18.477713], [73.881875, 18.478627], [73.882326, 18.47882], [73.883254, 18.478836], [73.883352, 18.479851], [73.883443, 18.480383], [73.885872, 18.480254], [73.887881, 18.479538], [73.890564, 18.479899], [73.890891, 18.479853], [73.890998, 18.479828], [73.890992, 18.479563], [73.890959, 18.479286], [73.891268, 18.479248], [73.891601, 18.479136], [73.89239, 18.479253], [73.892422, 18.47951], [73.892543, 18.479823], [73.893498, 18.479701], [73.893544, 18.47936], [73.894096, 18.479568], [73.894193, 18.479736], [73.894541, 18.480321], [73.895186, 18.480739], [73.895744, 18.480708], [73.896221, 18.48084], [73.896264, 18.481639], [73.896265, 18.481648], [73.8963, 18.481972], [73.896593, 18.481947], [73.897063, 18.481901], [73.897672, 18.481779], [73.898163, 18.48168], [73.899317, 18.481525], [73.900486, 18.481425], [73.900856, 18.481382], [73.90132, 18.481367], [73.901787, 18.481296], [73.90201, 18.481257], [73.902758, 18.481227], [73.903593, 18.481283], [73.902259, 18.484814], [73.901996, 18.488039], [73.902152, 18.488238], [73.902377, 18.489296], [73.902184, 18.489357], [73.902404, 18.490268], [73.902919, 18.490733], [73.902914, 18.491194], [73.9033, 18.491166], [73.903826, 18.491288], [73.903829, 18.491616], [73.904722, 18.492521], [73.904668, 18.492874], [73.905223, 18.493147], [73.905959, 18.493075], [73.906968, 18.492967], [73.907001, 18.493282], [73.906751, 18.493285], [73.905281, 18.493521], [73.903886, 18.493801], [73.90362, 18.493888], [73.903694, 18.494183], [73.90314, 18.494552], [73.903043, 18.494386], [73.902847, 18.494502], [73.902838, 18.494507], [73.902208, 18.494881], [73.902274, 18.494985], [73.902373, 18.495019], [73.903329, 18.494527], [73.903789, 18.494228], [73.904107, 18.49408], [73.904477, 18.494196], [73.904743, 18.494266], [73.904941, 18.494446], [73.905271, 18.495251], [73.905711, 18.496039], [73.905784, 18.496222], [73.905204, 18.4966], [73.905136, 18.497665], [73.904847, 18.498111], [73.904422, 18.498536], [73.903732, 18.498881], [73.903399, 18.499506], [73.903318, 18.500153], [73.903297, 18.500321], [73.903264, 18.500571], [73.903261, 18.500587], [73.903238, 18.500725], [73.903074, 18.501689], [73.902829, 18.501816], [73.901701, 18.50189], [73.900964, 18.501926], [73.899104, 18.502011], [73.898406, 18.502133], [73.898892, 18.503392], [73.898695, 18.503593], [73.897617, 18.503867], [73.897637, 18.504446], [73.898356, 18.505474], [73.898532, 18.506498], [73.898114, 18.506518], [73.897518, 18.506577], [73.897428, 18.506586], [73.89665, 18.506662], [73.892717, 18.506018], [73.891454, 18.506118], [73.89126, 18.506133], [73.89117, 18.506147], [73.890839, 18.506197], [73.890213, 18.506291], [73.886078, 18.506507], [73.884698, 18.506491], [73.884065, 18.506364], [73.88303, 18.505265], [73.881603, 18.504517], [73.881174, 18.504293], [73.88045, 18.5038], [73.879489, 18.502986], [73.878846, 18.502788], [73.879908, 18.499679], [73.877909, 18.499043], [73.877655, 18.498779], [73.877566, 18.498622]]]}}, {"type": "Feature", "properties": {"Pincode": "411041", "Office_Name": "Vadgaon Budruk S.O", "Division": "Pune City West ", "Region": "Pune ", "Circle": "Maharashtra ", "_distFromHubKm": 6.86}, "geometry": {"type": "MultiPolygon", "coordinates": [[[[73.816792, 18.410964], [73.819278, 18.413463], [73.824723, 18.418938], [73.830022, 18.424266], [73.83506, 18.429361], [73.83638, 18.431046], [73.837335, 18.433358], [73.838649, 18.436535], [73.839672, 18.439006], [73.839612, 18.440272], [73.838864, 18.441268], [73.837356, 18.443288], [73.834586, 18.447136], [73.834513, 18.447235], [73.834413, 18.447373], [73.834235, 18.447638], [73.833851, 18.448143], [73.833542, 18.448549], [73.831944, 18.449842], [73.829657, 18.451966], [73.824123, 18.459531], [73.826114, 18.45868], [73.827203, 18.458215], [73.827626, 18.458034], [73.827952, 18.457895], [73.831418, 18.45645], [73.830872, 18.456753], [73.830619, 18.457996], [73.830362, 18.459262], [73.830786, 18.461063], [73.830941, 18.461719], [73.832171, 18.461635], [73.832786, 18.461598], [73.8334, 18.461571], [73.834692, 18.461555], [73.835962, 18.461539], [73.836472, 18.462971], [73.836657, 18.4639], [73.837025, 18.464985], [73.836882, 18.464777], [73.836794, 18.465871], [73.83791, 18.469535], [73.836145, 18.470298], [73.834321, 18.47096], [73.832379, 18.471489], [73.828656, 18.472878], [73.828474, 18.472847], [73.828364, 18.47215], [73.828368, 18.471418], [73.827374, 18.471331], [73.826516, 18.471255], [73.826392, 18.47098], [73.826428, 18.470624], [73.826473, 18.470186], [73.825067, 18.468619], [73.824433, 18.468391], [73.8238, 18.468163], [73.822695, 18.467823], [73.821815, 18.467547], [73.82097, 18.467277], [73.82024, 18.467161], [73.819891, 18.467079], [73.819377, 18.467151], [73.818857, 18.467336], [73.818648, 18.467451], [73.818504, 18.467329], [73.818394, 18.467218], [73.818178, 18.467001], [73.817527, 18.466406], [73.817029, 18.46605], [73.81687, 18.466223], [73.816869, 18.466222], [73.816886, 18.466204], [73.816704, 18.466084], [73.816475, 18.465855], [73.816082, 18.465308], [73.815765, 18.464792], [73.815511, 18.464279], [73.815022, 18.463274], [73.814739, 18.462689], [73.81458, 18.462405], [73.814334, 18.462193], [73.813397, 18.461466], [73.812399, 18.460869], [73.811515, 18.460178], [73.809835, 18.459545], [73.809038, 18.459026], [73.809435, 18.458788], [73.809735, 18.458418], [73.810256, 18.457776], [73.809414, 18.456351], [73.808438, 18.455267], [73.807344, 18.455061], [73.804994, 18.454814], [73.803948, 18.454708], [73.803277, 18.454179], [73.802075, 18.453232], [73.801209, 18.450492], [73.803121, 18.448131], [73.803743, 18.447447], [73.804069, 18.44708], [73.804471, 18.447066], [73.806884, 18.447354], [73.807351, 18.444351], [73.807536, 18.443165], [73.805579, 18.439006], [73.802696, 18.436271], [73.80526, 18.425705], [73.816792, 18.410964]]], [[[73.842344, 18.460006], [73.842292, 18.460061], [73.84145, 18.46003], [73.841718, 18.460668], [73.841712, 18.460674], [73.841389, 18.459956], [73.842344, 18.460006]]]]}}, {"type": "Feature", "properties": {"Pincode": "411042", "Office_Name": "Swargate S.O", "Division": "Pune City West ", "Region": "Pune ", "Circle": "Maharashtra ", "_distFromHubKm": 5.54}, "geometry": {"type": "Polygon", "coordinates": [[[73.874779, 18.502125], [73.874828, 18.502401], [73.874765, 18.502924], [73.874643, 18.503075], [73.874506, 18.503245], [73.874331, 18.503503], [73.874066, 18.50385], [73.873787, 18.504146], [73.873516, 18.504446], [73.873031, 18.504479], [73.87299, 18.504436], [73.873064, 18.504255], [73.87316, 18.504022], [73.873307, 18.503662], [73.873296, 18.503171], [73.87328, 18.502838], [73.873346, 18.502726], [73.873403, 18.50263], [73.87337, 18.5024], [73.872909, 18.502443], [73.871917, 18.502644], [73.871458, 18.502603], [73.871276, 18.502948], [73.871208, 18.502934], [73.870773, 18.503317], [73.870546, 18.503559], [73.870335, 18.503934], [73.869932, 18.504073], [73.869712, 18.504627], [73.869659, 18.504979], [73.869522, 18.505274], [73.869432, 18.506021], [73.869361, 18.506153], [73.869157, 18.506198], [73.868814, 18.506225], [73.868634, 18.506239], [73.868538, 18.506188], [73.868459, 18.506237], [73.868273, 18.506181], [73.86813, 18.506138], [73.867983, 18.506093], [73.867243, 18.506025], [73.866487, 18.506053], [73.866366, 18.506071], [73.865973, 18.506129], [73.865861, 18.506793], [73.865852, 18.506844], [73.865792, 18.507198], [73.86576, 18.507337], [73.86574, 18.507422], [73.865672, 18.50771], [73.865558, 18.507977], [73.865477, 18.50903], [73.86546, 18.509145], [73.865394, 18.509232], [73.865193, 18.509305], [73.865054, 18.509319], [73.864884, 18.509336], [73.86478, 18.509386], [73.864419, 18.509507], [73.864002, 18.50959], [73.863789, 18.50968], [73.863575, 18.509838], [73.863417, 18.509989], [73.863423, 18.510183], [73.863513, 18.510544], [73.863515, 18.510552], [73.863545, 18.510674], [73.863272, 18.510681], [73.863049, 18.510626], [73.862909, 18.510609], [73.862741, 18.510588], [73.862513, 18.51056], [73.861991, 18.510543], [73.861498, 18.510578], [73.861419, 18.510583], [73.861115, 18.510604], [73.860299, 18.510651], [73.859655, 18.510586], [73.859563, 18.51032], [73.859465, 18.509184], [73.859359, 18.508528], [73.859347, 18.508435], [73.859307, 18.508126], [73.859244, 18.507637], [73.859251, 18.505901], [73.859188, 18.505305], [73.85918, 18.505202], [73.859174, 18.505142], [73.859161, 18.504953], [73.859145, 18.504741], [73.859126, 18.504452], [73.859108, 18.50417], [73.858924, 18.502995], [73.858891, 18.502784], [73.858889, 18.502772], [73.858886, 18.502752], [73.858875, 18.502682], [73.858842, 18.502541], [73.858807, 18.502391], [73.858807, 18.502388], [73.858624, 18.501669], [73.858443, 18.500716], [73.858409, 18.500639], [73.858378, 18.500418], [73.858351, 18.500186], [73.858588, 18.500152], [73.858749, 18.500386], [73.85913, 18.500447], [73.860751, 18.500249], [73.862452, 18.499944], [73.864593, 18.49985], [73.865242, 18.499939], [73.866155, 18.500259], [73.866834, 18.500498], [73.86762, 18.500824], [73.868565, 18.501228], [73.869235, 18.501473], [73.870878, 18.501755], [73.871816, 18.501821], [73.872556, 18.501816], [73.873721, 18.501852], [73.874755, 18.501899], [73.874763, 18.501958], [73.874772, 18.502084], [73.874772, 18.502085], [73.874779, 18.502125]]]}}, {"type": "Feature", "properties": {"Pincode": "411043", "Office_Name": "Dhankawadi S.O", "Division": "Pune City West ", "Region": "Pune ", "Circle": "Maharashtra ", "_distFromHubKm": 3.3}, "geometry": {"type": "MultiPolygon", "coordinates": [[[[73.864244, 18.459089], [73.864372, 18.458997], [73.864413, 18.459008], [73.864244, 18.459089]]], [[[73.865509, 18.459295], [73.866142, 18.458978], [73.865799, 18.45915], [73.865509, 18.459295]]], [[[73.864713, 18.459089], [73.865022, 18.459172], [73.865192, 18.459218], [73.864825, 18.459129], [73.864713, 18.459089]]], [[[73.86365, 18.459218], [73.863737, 18.459211], [73.863698, 18.459217], [73.86365, 18.459218]]], [[[73.866689, 18.459411], [73.866687, 18.459419], [73.866679, 18.459449], [73.866689, 18.459411]]], [[[73.8307, 18.48718], [73.830495, 18.487132], [73.830003, 18.487017], [73.82937, 18.485267], [73.829638, 18.484259], [73.830925, 18.484982], [73.831387, 18.48428], [73.83041, 18.483303], [73.832459, 18.483313], [73.834262, 18.483343], [73.836043, 18.483293], [73.837191, 18.482825], [73.837416, 18.481492], [73.837427, 18.480739], [73.836815, 18.48027], [73.835174, 18.479192], [73.834348, 18.478093], [73.834498, 18.477096], [73.835067, 18.476159], [73.839347, 18.476261], [73.840849, 18.475966], [73.840603, 18.474725], [73.83954, 18.474328], [73.838103, 18.472985], [73.837577, 18.472557], [73.831054, 18.472862], [73.830271, 18.473351], [73.829777, 18.474226], [73.829048, 18.474165], [73.828656, 18.472878], [73.832379, 18.471489], [73.834321, 18.47096], [73.836145, 18.470298], [73.83791, 18.469535], [73.836794, 18.465871], [73.836882, 18.464777], [73.837025, 18.464985], [73.837669, 18.464697], [73.838815, 18.464704], [73.840021, 18.462725], [73.842218, 18.462966], [73.842207, 18.462205], [73.842207, 18.462203], [73.842104, 18.461589], [73.841833, 18.460943], [73.841712, 18.460674], [73.841718, 18.460668], [73.84145, 18.46003], [73.842292, 18.460061], [73.842344, 18.460006], [73.845908, 18.460192], [73.846485, 18.45753], [73.848488, 18.45776], [73.849588, 18.456537], [73.850362, 18.457062], [73.852831, 18.45739], [73.853343, 18.457458], [73.853584, 18.455897], [73.853783, 18.454608], [73.855088, 18.454493], [73.85483, 18.456738], [73.858426, 18.456148], [73.858361, 18.456561], [73.858151, 18.457907], [73.858016, 18.458767], [73.858447, 18.458832], [73.858669, 18.458865], [73.859055, 18.458923], [73.859369, 18.458971], [73.859711, 18.459022], [73.860149, 18.459091], [73.860922, 18.459213], [73.862843, 18.459518], [73.863378, 18.459603], [73.86349, 18.459621], [73.863547, 18.45963], [73.863613, 18.459633], [73.863658, 18.459671], [73.863872, 18.459746], [73.86385, 18.459862], [73.863844, 18.459913], [73.863845, 18.459964], [73.863937, 18.460218], [73.864018, 18.460478], [73.863951, 18.460725], [73.863618, 18.461752], [73.86332, 18.46276], [73.86309, 18.463236], [73.863005, 18.463558], [73.86291, 18.463367], [73.862174, 18.464884], [73.861203, 18.467446], [73.860869, 18.470288], [73.860497, 18.470669], [73.860004, 18.470928], [73.859056, 18.471403], [73.858517, 18.472087], [73.857986, 18.473504], [73.857857, 18.474339], [73.857174, 18.474325], [73.857485, 18.475501], [73.856647, 18.475677], [73.856563, 18.47608], [73.856275, 18.476163], [73.85626, 18.476246], [73.855956, 18.476312], [73.855736, 18.475834], [73.855622, 18.475672], [73.855621, 18.475671], [73.85562, 18.475669], [73.855301, 18.475218], [73.855038, 18.474913], [73.854491, 18.474847], [73.854159, 18.474832], [73.853853, 18.474926], [73.853442, 18.47515], [73.853303, 18.474636], [73.850348, 18.474604], [73.849835, 18.474521], [73.849282, 18.474592], [73.849754, 18.481481], [73.848939, 18.483496], [73.84748, 18.483923], [73.846707, 18.483883], [73.846149, 18.48317], [73.845978, 18.482173], [73.844132, 18.481278], [73.843317, 18.48197], [73.84306, 18.483639], [73.842931, 18.486366], [73.838897, 18.487871], [73.83703, 18.487851], [73.834369, 18.488095], [73.8307, 18.48718]]], [[[73.872975, 18.458559], [73.873046, 18.457993], [73.873125, 18.456378], [73.87327, 18.456382], [73.873136, 18.4566], [73.873072, 18.457786], [73.872975, 18.458559]]], [[[73.866563, 18.459941], [73.866919, 18.459998], [73.867634, 18.460053], [73.867173, 18.460039], [73.866563, 18.459941]]], [[[73.873225, 18.460435], [73.873259, 18.460163], [73.873319, 18.460111], [73.873259, 18.460793], [73.873496, 18.46088], [73.874084, 18.460865], [73.874116, 18.460966], [73.874484, 18.460969], [73.874602, 18.460782], [73.875444, 18.460755], [73.87543, 18.460127], [73.87543, 18.459977], [73.876248, 18.460063], [73.87638, 18.460074], [73.875503, 18.46005], [73.875492, 18.460246], [73.875463, 18.460819], [73.875248, 18.460826], [73.874637, 18.460842], [73.874519, 18.461012], [73.874097, 18.461015], [73.874014, 18.460923], [73.873429, 18.460915], [73.873233, 18.460857], [73.873225, 18.460435]]], [[[73.876398, 18.460074], [73.876804, 18.460104], [73.877719, 18.460155], [73.877767, 18.460839], [73.87774, 18.461124], [73.8777, 18.461778], [73.877628, 18.462516], [73.877606, 18.46336], [73.877533, 18.464449], [73.87752, 18.464683], [73.877576, 18.463652], [73.877604, 18.462292], [73.877634, 18.461941], [73.877657, 18.461655], [73.877674, 18.461392], [73.877691, 18.461176], [73.877708, 18.460969], [73.877697, 18.460697], [73.877668, 18.460236], [73.877585, 18.460148], [73.876834, 18.460173], [73.876398, 18.460074]]], [[[73.877009, 18.465495], [73.877416, 18.464981], [73.87722, 18.46536], [73.877088, 18.465579], [73.876957, 18.465813], [73.876809, 18.466332], [73.876665, 18.466411], [73.877009, 18.465495]]]]}}, {"type": "Feature", "properties": {"Pincode": "411044", "Office_Name": "P.C.N.T. S.O", "Division": "Pune City East ", "Region": "Pune ", "Circle": "Maharashtra ", "_distFromHubKm": 25.34}, "geometry": {"type": "Polygon", "coordinates": [[[73.785633, 18.668219], [73.785113, 18.668348], [73.785022, 18.668397], [73.784676, 18.668578], [73.783815, 18.668984], [73.783241, 18.669266], [73.782732, 18.669552], [73.781299, 18.670407], [73.780917, 18.670614], [73.780039, 18.67114], [73.779893, 18.671299], [73.779491, 18.671433], [73.779279, 18.671463], [73.779177, 18.671496], [73.778507, 18.671844], [73.778252, 18.671989], [73.777914, 18.672172], [73.777701, 18.672241], [73.777412, 18.672397], [73.777398, 18.672406], [73.777344, 18.672437], [73.777343, 18.672436], [73.776837, 18.671474], [73.776672, 18.67121], [73.776083, 18.670149], [73.775554, 18.669096], [73.774788, 18.668505], [73.774344, 18.668054], [73.773583, 18.667375], [73.772866, 18.666962], [73.772464, 18.666377], [73.772271, 18.666205], [73.771406, 18.665984], [73.771244, 18.66591], [73.770189, 18.666697], [73.769218, 18.667963], [73.769213, 18.667968], [73.768667, 18.668521], [73.768204, 18.666997], [73.76788, 18.666413], [73.767778, 18.666347], [73.766131, 18.666962], [73.76552, 18.667246], [73.764532, 18.667394], [73.763465, 18.667597], [73.762956, 18.667701], [73.762308, 18.667853], [73.762307, 18.667853], [73.762012, 18.667922], [73.760815, 18.668176], [73.760455, 18.668217], [73.76031, 18.667826], [73.760675, 18.66725], [73.760619, 18.665396], [73.759013, 18.663806], [73.75902, 18.663776], [73.759, 18.66375], [73.756961, 18.66131], [73.755785, 18.65966], [73.755786, 18.659659], [73.75734, 18.656597], [73.758001, 18.655346], [73.759093, 18.653513], [73.759715, 18.652629], [73.760616, 18.651735], [73.76152, 18.651409], [73.761792, 18.650748], [73.762593, 18.650108], [73.762575, 18.650092], [73.762585, 18.650083], [73.764884, 18.648199], [73.765927, 18.647328], [73.767589, 18.646029], [73.768784, 18.64532], [73.769159, 18.645134], [73.769577, 18.644926], [73.770777, 18.644492], [73.773204, 18.644053], [73.775496, 18.644075], [73.777143, 18.644348], [73.779323, 18.644944], [73.780204, 18.645319], [73.780093, 18.645912], [73.779912, 18.646573], [73.779744, 18.646933], [73.779532, 18.647125], [73.779274, 18.647394], [73.778987, 18.647687], [73.778835, 18.647763], [73.778414, 18.647888], [73.778353, 18.648478], [73.778266, 18.64856], [73.778171, 18.648977], [73.777989, 18.648995], [73.77791, 18.649323], [73.777328, 18.649282], [73.777204, 18.649615], [73.776152, 18.649244], [73.775529, 18.650942], [73.774896, 18.652451], [73.774548, 18.653385], [73.774248, 18.654192], [73.774131, 18.654541], [73.77472, 18.654773], [73.774436, 18.655486], [73.774243, 18.655447], [73.774106, 18.655737], [73.774146, 18.65578], [73.774735, 18.656217], [73.775111, 18.656609], [73.775739, 18.657168], [73.775857, 18.657173], [73.776088, 18.657163], [73.776399, 18.657386], [73.776693, 18.657671], [73.777353, 18.657402], [73.777477, 18.658484], [73.777654, 18.659028], [73.777501, 18.659226], [73.779315, 18.660781], [73.78099, 18.661894], [73.784503, 18.662972], [73.786226, 18.663556], [73.786596, 18.664241], [73.786737, 18.664812], [73.786576, 18.666047], [73.786312, 18.667701], [73.78616, 18.667957], [73.785633, 18.668219]]]}}, {"type": "Feature", "properties": {"Pincode": "411045", "Office_Name": "N.I.A. S.O", "Division": "Pune City West ", "Region": "Pune ", "Circle": "Maharashtra ", "_distFromHubKm": 17.66}, "geometry": {"type": "Polygon", "coordinates": [[[73.773993, 18.547717], [73.773643, 18.548206], [73.773249, 18.549222], [73.773007, 18.549848], [73.772999, 18.549869], [73.772688, 18.550672], [73.771975, 18.552635], [73.771943, 18.552723], [73.771909, 18.552818], [73.771564, 18.553769], [73.771248, 18.554643], [73.770977, 18.55539], [73.770276, 18.557406], [73.770263, 18.557443], [73.768363, 18.562905], [73.768068, 18.563754], [73.767909, 18.56421], [73.767839, 18.564412], [73.767793, 18.564545], [73.767734, 18.564706], [73.76751, 18.565306], [73.767349, 18.565736], [73.766611, 18.567712], [73.766296, 18.568185], [73.766236, 18.568523], [73.766536, 18.568623], [73.766797, 18.56843], [73.767631, 18.567927], [73.768223, 18.567193], [73.769649, 18.566445], [73.770863, 18.565999], [73.772016, 18.565467], [73.77647, 18.564108], [73.7787, 18.564007], [73.780931, 18.564065], [73.781848, 18.563834], [73.782736, 18.563489], [73.782926, 18.563784], [73.782615, 18.564489], [73.782453, 18.565409], [73.780621, 18.568732], [73.781425, 18.570606], [73.781465, 18.57085], [73.781559, 18.570919], [73.781688, 18.570898], [73.782262, 18.570863], [73.783404, 18.570771], [73.783524, 18.570762], [73.785523, 18.570602], [73.785081, 18.571746], [73.785061, 18.571798], [73.785042, 18.571847], [73.784999, 18.571959], [73.784979, 18.57201], [73.784979, 18.572011], [73.784863, 18.572311], [73.784752, 18.572599], [73.785096, 18.57381], [73.785267, 18.574414], [73.785466, 18.574812], [73.784888, 18.575344], [73.78413, 18.575921], [73.783754, 18.576208], [73.783565, 18.576352], [73.783372, 18.576496], [73.781837, 18.577643], [73.780857, 18.579422], [73.780689, 18.579728], [73.780177, 18.581302], [73.779623, 18.583007], [73.778941, 18.584843], [73.778288, 18.586652], [73.777574, 18.587386], [73.776773, 18.587803], [73.775186, 18.588536], [73.774078, 18.588428], [73.772198, 18.587947], [73.770422, 18.587328], [73.769065, 18.587242], [73.767471, 18.587609], [73.765424, 18.588292], [73.76402, 18.588601], [73.763209, 18.58866], [73.762744, 18.588694], [73.761683, 18.588579], [73.760871, 18.58822], [73.759391, 18.587357], [73.75845, 18.586609], [73.756947, 18.585056], [73.755449, 18.582519], [73.754744, 18.581274], [73.754446, 18.580741], [73.753934, 18.58], [73.752896, 18.578498], [73.751879, 18.576772], [73.750771, 18.574917], [73.748162, 18.573987], [73.746676, 18.573799], [73.74535, 18.573759], [73.74352, 18.574061], [73.742519, 18.574104], [73.741374, 18.573888], [73.739343, 18.573257], [73.738119, 18.572666], [73.736888, 18.571733], [73.735946, 18.571019], [73.735585, 18.570746], [73.734862, 18.570231], [73.733956, 18.569582], [73.733665, 18.569349], [73.732651, 18.568535], [73.732608, 18.568501], [73.732424, 18.568353], [73.731339, 18.567483], [73.7309, 18.567004], [73.730823, 18.566921], [73.730248, 18.566294], [73.729194, 18.565557], [73.728432, 18.565246], [73.727982, 18.565135], [73.727485, 18.565013], [73.727403, 18.564993], [73.727272, 18.564961], [73.727831, 18.564546], [73.730321, 18.561339], [73.730672, 18.560548], [73.731457, 18.560764], [73.732495, 18.561088], [73.733456, 18.561387], [73.734288, 18.561646], [73.734709, 18.561778], [73.735107, 18.561924], [73.735958, 18.562325], [73.73759, 18.563094], [73.73926, 18.563727], [73.740945, 18.564705], [73.741309, 18.56587], [73.743055, 18.565194], [73.744937, 18.565553], [73.747685, 18.565481], [73.753505, 18.565194], [73.759729, 18.565999], [73.761481, 18.564244], [73.760403, 18.562375], [73.758414, 18.562159], [73.760302, 18.562022], [73.761859, 18.561635], [73.762342, 18.561514], [73.762461, 18.561484], [73.763014, 18.561345], [73.763276, 18.561279], [73.76466, 18.561056], [73.764617, 18.559215], [73.764608, 18.5583], [73.764604, 18.557903], [73.764693, 18.557384], [73.764525, 18.556545], [73.764448, 18.556161], [73.764431, 18.556064], [73.764418, 18.555969], [73.764393, 18.555777], [73.764897, 18.555329], [73.765736, 18.554984], [73.765934, 18.554114], [73.765294, 18.553975], [73.764425, 18.553763], [73.764489, 18.553346], [73.764629, 18.553], [73.765058, 18.552634], [73.765337, 18.552126], [73.765473, 18.551247], [73.76551, 18.551054], [73.765696, 18.550752], [73.765825, 18.550055], [73.765706, 18.549562], [73.765658, 18.549364], [73.765521, 18.549084], [73.766743, 18.549125], [73.766999, 18.549045], [73.76759, 18.54886], [73.768332, 18.548627], [73.769985, 18.548342], [73.770898, 18.548128], [73.771177, 18.548016], [73.770999, 18.547792], [73.770307, 18.547986], [73.769953, 18.548098], [73.7694, 18.548235], [73.768831, 18.548291], [73.768853, 18.547838], [73.769073, 18.547131], [73.770903, 18.546953], [73.771778, 18.546582], [73.77232, 18.546262], [73.77278, 18.546256], [73.773833, 18.546241], [73.773517, 18.547206], [73.773993, 18.547717]]]}}, {"type": "Feature", "properties": {"Pincode": "411046", "Office_Name": "Katraj S.O", "Division": "Pune City West ", "Region": "Pune ", "Circle": "Maharashtra ", "_distFromHubKm": 2.71}, "geometry": {"type": "MultiPolygon", "coordinates": [[[[73.906272, 18.423593], [73.903932, 18.424224], [73.904447, 18.424082], [73.906272, 18.423593]]], [[[73.90215, 18.430851], [73.901377, 18.430413], [73.90054, 18.429853], [73.90215, 18.430851]]], [[[73.817593, 18.401875], [73.836779, 18.411731], [73.845374, 18.416146], [73.847373, 18.417173], [73.853831, 18.420784], [73.855269, 18.415592], [73.874145, 18.411223], [73.887527, 18.412576], [73.894866, 18.418442], [73.90131, 18.423593], [73.901397, 18.424998], [73.90086, 18.425996], [73.8994, 18.425975], [73.899357, 18.425629], [73.899636, 18.424652], [73.899271, 18.424561], [73.89887, 18.424461], [73.89851, 18.424372], [73.897971, 18.424237], [73.897684, 18.424166], [73.897144, 18.424031], [73.89675, 18.423933], [73.896202, 18.423797], [73.896545, 18.425751], [73.896534, 18.426301], [73.896512, 18.42738], [73.896494, 18.42825], [73.896481, 18.428866], [73.896224, 18.429477], [73.894012, 18.430128], [73.893073, 18.431196], [73.892564, 18.431776], [73.891847, 18.432591], [73.889936, 18.43367], [73.889297, 18.433224], [73.888496, 18.432665], [73.88766, 18.432082], [73.887406, 18.430922], [73.88824, 18.430126], [73.888305, 18.429904], [73.888372, 18.42968], [73.887148, 18.428683], [73.887041, 18.427604], [73.886075, 18.426912], [73.886303, 18.426244], [73.885538, 18.424835], [73.885233, 18.425497], [73.884636, 18.426789], [73.885001, 18.427725], [73.885495, 18.428988], [73.8841, 18.429843], [73.883026, 18.429416], [73.881266, 18.429354], [73.881499, 18.430436], [73.881824, 18.43194], [73.881824, 18.433711], [73.881309, 18.435848], [73.881291, 18.437518], [73.878372, 18.438434], [73.877556, 18.441507], [73.877708, 18.442556], [73.877772, 18.443329], [73.87811, 18.44368], [73.87745, 18.444469], [73.877021, 18.445451], [73.876328, 18.445237], [73.875797, 18.445904], [73.874294, 18.445604], [73.874144, 18.447227], [73.873856, 18.449548], [73.874307, 18.449716], [73.874244, 18.45031], [73.874181, 18.450905], [73.874054, 18.452097], [73.873812, 18.452153], [73.873608, 18.453298], [73.873501, 18.454509], [73.873421, 18.455746], [73.87327, 18.456382], [73.873125, 18.456378], [73.873046, 18.457993], [73.872975, 18.458559], [73.872911, 18.45943], [73.872835, 18.460061], [73.873319, 18.460111], [73.873259, 18.460163], [73.873225, 18.460435], [73.87149, 18.460377], [73.871302, 18.460371], [73.870819, 18.460354], [73.870137, 18.46033], [73.869168, 18.460111], [73.868491, 18.46002], [73.867634, 18.460053], [73.866919, 18.459998], [73.866563, 18.459941], [73.866587, 18.459799], [73.866674, 18.459468], [73.866679, 18.459449], [73.866687, 18.459419], [73.866689, 18.459411], [73.866694, 18.459392], [73.866715, 18.459314], [73.866787, 18.459039], [73.866142, 18.458978], [73.865509, 18.459295], [73.865192, 18.459218], [73.865022, 18.459172], [73.864713, 18.459089], [73.86471, 18.459088], [73.864413, 18.459008], [73.864372, 18.458997], [73.864244, 18.459089], [73.864101, 18.459142], [73.863916, 18.459196], [73.863823, 18.459201], [73.863737, 18.459211], [73.86365, 18.459218], [73.863613, 18.459225], [73.863547, 18.459241], [73.863491, 18.459276], [73.863472, 18.459303], [73.863452, 18.459327], [73.86342, 18.459374], [73.863399, 18.459423], [73.863442, 18.459475], [73.863524, 18.459559], [73.863613, 18.459633], [73.863547, 18.45963], [73.86349, 18.459621], [73.863378, 18.459603], [73.862843, 18.459518], [73.860922, 18.459213], [73.860149, 18.459091], [73.859711, 18.459022], [73.859369, 18.458971], [73.859055, 18.458923], [73.858669, 18.458865], [73.858447, 18.458832], [73.858016, 18.458767], [73.858151, 18.457907], [73.858361, 18.456561], [73.858426, 18.456148], [73.85483, 18.456738], [73.855088, 18.454493], [73.853783, 18.454608], [73.853584, 18.455897], [73.853343, 18.457458], [73.852831, 18.45739], [73.850362, 18.457062], [73.849588, 18.456537], [73.848488, 18.45776], [73.846485, 18.45753], [73.845908, 18.460192], [73.842344, 18.460006], [73.841389, 18.459956], [73.841712, 18.460674], [73.841833, 18.460943], [73.842104, 18.461589], [73.842207, 18.462203], [73.842207, 18.462205], [73.842218, 18.462966], [73.840021, 18.462725], [73.838815, 18.464704], [73.837669, 18.464697], [73.837025, 18.464985], [73.836657, 18.4639], [73.836472, 18.462971], [73.835962, 18.461539], [73.834692, 18.461555], [73.8334, 18.461571], [73.832786, 18.461598], [73.832171, 18.461635], [73.830941, 18.461719], [73.830786, 18.461063], [73.830362, 18.459262], [73.830619, 18.457996], [73.830872, 18.456753], [73.831418, 18.45645], [73.827952, 18.457895], [73.827626, 18.458034], [73.827203, 18.458215], [73.826114, 18.45868], [73.824123, 18.459531], [73.829657, 18.451966], [73.831944, 18.449842], [73.833542, 18.448549], [73.833851, 18.448143], [73.834235, 18.447638], [73.834413, 18.447373], [73.834513, 18.447235], [73.834586, 18.447136], [73.837356, 18.443288], [73.838864, 18.441268], [73.839612, 18.440272], [73.839672, 18.439006], [73.838649, 18.436535], [73.837335, 18.433358], [73.83638, 18.431046], [73.83506, 18.429361], [73.830022, 18.424266], [73.824723, 18.418938], [73.819278, 18.413463], [73.816792, 18.410964], [73.813757, 18.40843], [73.817593, 18.401875]]], [[[73.87638, 18.460074], [73.876248, 18.460063], [73.87639, 18.460074], [73.876386, 18.460074], [73.876384, 18.460074], [73.87638, 18.460074]]], [[[73.87752, 18.464683], [73.877416, 18.464981], [73.877009, 18.465495], [73.87752, 18.464683]]], [[[73.877861, 18.466281], [73.879002, 18.466256], [73.878854, 18.466273], [73.878034, 18.46628], [73.877861, 18.466281]]], [[[73.879037, 18.46694], [73.879224, 18.467047], [73.879278, 18.46708], [73.879219, 18.467507], [73.879037, 18.46694]]], [[[73.879031, 18.468408], [73.878815, 18.468817], [73.878652, 18.469227], [73.878588, 18.469328], [73.878526, 18.469278], [73.879031, 18.468408]]]]}}, {"type": "Feature", "properties": {"Pincode": "411047", "Office_Name": "Lohogaon S.O", "Division": "Pune City East ", "Region": "Pune ", "Circle": "Maharashtra ", "_distFromHubKm": 15.95}, "geometry": {"type": "Polygon", "coordinates": [[[73.955154, 18.572017], [73.954425, 18.575268], [73.955205, 18.57629], [73.956415, 18.577886], [73.958057, 18.579432], [73.956528, 18.579615], [73.95685, 18.589895], [73.957472, 18.589875], [73.957987, 18.592326], [73.958255, 18.592427], [73.958813, 18.59498], [73.959146, 18.596546], [73.959159, 18.597866], [73.961415, 18.59826], [73.96195, 18.605157], [73.959599, 18.605229], [73.959174, 18.606753], [73.959146, 18.610181], [73.964338, 18.618958], [73.963094, 18.620707], [73.9623, 18.623188], [73.963652, 18.62638], [73.966943, 18.630365], [73.968673, 18.63246], [73.966955, 18.634705], [73.961568, 18.636765], [73.956867, 18.638562], [73.942966, 18.63427], [73.933632, 18.633761], [73.932591, 18.632235], [73.932378, 18.631258], [73.932029, 18.630654], [73.932098, 18.629735], [73.932181, 18.629115], [73.93253, 18.628066], [73.933152, 18.627232], [73.932242, 18.6245], [73.929556, 18.621136], [73.92681, 18.622243], [73.926643, 18.621251], [73.926431, 18.621121], [73.925657, 18.621351], [73.925126, 18.621193], [73.923654, 18.621035], [73.922425, 18.620877], [73.918023, 18.620128], [73.917424, 18.619978], [73.917422, 18.619978], [73.910683, 18.618297], [73.910195, 18.618038], [73.909954, 18.617959], [73.909401, 18.617868], [73.906846, 18.617437], [73.906759, 18.616416], [73.906137, 18.616574], [73.906091, 18.615057], [73.906277, 18.614219], [73.90644, 18.61262], [73.906443, 18.612054], [73.906333, 18.611289], [73.906298, 18.610301], [73.906266, 18.610039], [73.907434, 18.60672], [73.907475, 18.605496], [73.907819, 18.603508], [73.908028, 18.60333], [73.907899, 18.60238], [73.907926, 18.601942], [73.907604, 18.601322], [73.907797, 18.600834], [73.907765, 18.59971], [73.907705, 18.59932], [73.907646, 18.598931], [73.907608, 18.598688], [73.907529, 18.598169], [73.907498, 18.597968], [73.907362, 18.59708], [73.907865, 18.597008], [73.908302, 18.596946], [73.909954, 18.59719], [73.91669, 18.597453], [73.917319, 18.597518], [73.919625, 18.597497], [73.919709, 18.597496], [73.9198, 18.597495], [73.919972, 18.597492], [73.920319, 18.597483], [73.921013, 18.597467], [73.922399, 18.597434], [73.92403, 18.596854], [73.924609, 18.595757], [73.924883, 18.595468], [73.925414, 18.595087], [73.9258, 18.59469], [73.925983, 18.594397], [73.925854, 18.594184], [73.925253, 18.594092], [73.925489, 18.593442], [73.926573, 18.592101], [73.926622, 18.591793], [73.926635, 18.591703], [73.926663, 18.591489], [73.926742, 18.590874], [73.926821, 18.590263], [73.926854, 18.590005], [73.926881, 18.589686], [73.926886, 18.58963], [73.926895, 18.589525], [73.926893, 18.589467], [73.926959, 18.58799], [73.927217, 18.587187], [73.930135, 18.586842], [73.930371, 18.587086], [73.931905, 18.584423], [73.931808, 18.582939], [73.932216, 18.582716], [73.932699, 18.581862], [73.933225, 18.581953], [73.933471, 18.581781], [73.9333, 18.581151], [73.932697, 18.580955], [73.933061, 18.578224], [73.93291, 18.577075], [73.931544, 18.576212], [73.931149, 18.575522], [73.930876, 18.573151], [73.933868, 18.57639], [73.934412, 18.576015], [73.935474, 18.5759], [73.936524, 18.575924], [73.937457, 18.575888], [73.93715, 18.577677], [73.943481, 18.57584], [73.943462, 18.574362], [73.942013, 18.573448], [73.941915, 18.573203], [73.942787, 18.570197], [73.94306, 18.569557], [73.943948, 18.569083], [73.944804, 18.569042], [73.945397, 18.5691], [73.945767, 18.569003], [73.945858, 18.568774], [73.945665, 18.568215], [73.944882, 18.567299], [73.944114, 18.566689], [73.944458, 18.566155], [73.945295, 18.566628], [73.947167, 18.56733], [73.949683, 18.568464], [73.952708, 18.57034], [73.955154, 18.572017]]]}}, {"type": "Feature", "properties": {"Pincode": "411048", "Office_Name": "N I B M S.O", "Division": "Pune City East ", "Region": "Pune ", "Circle": "Maharashtra ", "_distFromHubKm": 0.68}, "geometry": {"type": "Polygon", "coordinates": [[[73.902758, 18.481227], [73.90201, 18.481257], [73.901787, 18.481296], [73.90132, 18.481367], [73.900856, 18.481382], [73.900486, 18.481425], [73.899317, 18.481525], [73.898163, 18.48168], [73.897672, 18.481779], [73.897063, 18.481901], [73.896593, 18.481947], [73.8963, 18.481972], [73.896265, 18.481648], [73.896264, 18.481639], [73.896221, 18.48084], [73.895744, 18.480708], [73.895186, 18.480739], [73.894541, 18.480321], [73.894193, 18.479736], [73.894096, 18.479568], [73.893544, 18.47936], [73.893498, 18.479701], [73.892543, 18.479823], [73.892422, 18.47951], [73.89239, 18.479253], [73.891601, 18.479136], [73.891268, 18.479248], [73.890959, 18.479286], [73.890992, 18.479563], [73.890998, 18.479828], [73.890891, 18.479853], [73.890564, 18.479899], [73.887881, 18.479538], [73.885872, 18.480254], [73.883443, 18.480383], [73.883352, 18.479851], [73.883254, 18.478836], [73.882326, 18.47882], [73.881875, 18.478627], [73.881312, 18.477713], [73.880691, 18.476821], [73.880616, 18.476444], [73.880465, 18.476297], [73.880192, 18.47588], [73.879977, 18.475681], [73.879827, 18.475376], [73.879403, 18.475437], [73.878748, 18.474832], [73.878705, 18.474608], [73.878844, 18.473198], [73.878973, 18.472959], [73.878861, 18.47229], [73.878611, 18.471562], [73.87826, 18.470812], [73.878268, 18.470382], [73.87827, 18.470261], [73.878279, 18.469797], [73.878378, 18.46966], [73.878588, 18.469328], [73.878652, 18.469227], [73.878815, 18.468817], [73.879031, 18.468408], [73.879114, 18.468042], [73.879219, 18.467507], [73.879278, 18.46708], [73.879224, 18.467047], [73.879037, 18.46694], [73.878994, 18.466612], [73.879002, 18.466256], [73.877861, 18.466281], [73.877239, 18.466299], [73.876809, 18.466332], [73.876957, 18.465813], [73.877088, 18.465579], [73.87722, 18.46536], [73.877416, 18.464981], [73.87752, 18.464683], [73.877533, 18.464449], [73.877606, 18.46336], [73.877628, 18.462516], [73.8777, 18.461778], [73.87774, 18.461124], [73.877767, 18.460839], [73.877719, 18.460155], [73.876804, 18.460104], [73.876398, 18.460074], [73.876397, 18.460074], [73.876396, 18.460074], [73.87639, 18.460074], [73.876248, 18.460063], [73.87543, 18.459977], [73.87543, 18.460127], [73.875444, 18.460755], [73.874602, 18.460782], [73.874484, 18.460969], [73.874116, 18.460966], [73.874084, 18.460865], [73.873496, 18.46088], [73.873259, 18.460793], [73.873319, 18.460111], [73.872835, 18.460061], [73.872911, 18.45943], [73.872975, 18.458559], [73.873072, 18.457786], [73.873136, 18.4566], [73.87327, 18.456382], [73.873421, 18.455746], [73.873501, 18.454509], [73.873608, 18.453298], [73.873812, 18.452153], [73.874054, 18.452097], [73.874181, 18.450905], [73.874244, 18.45031], [73.874307, 18.449716], [73.873856, 18.449548], [73.874144, 18.447227], [73.874294, 18.445604], [73.875797, 18.445904], [73.876328, 18.445237], [73.877021, 18.445451], [73.87745, 18.444469], [73.87811, 18.44368], [73.877772, 18.443329], [73.877708, 18.442556], [73.877556, 18.441507], [73.878372, 18.438434], [73.881291, 18.437518], [73.881309, 18.435848], [73.881824, 18.433711], [73.881824, 18.43194], [73.881499, 18.430436], [73.881266, 18.429354], [73.883026, 18.429416], [73.8841, 18.429843], [73.885495, 18.428988], [73.885001, 18.427725], [73.884636, 18.426789], [73.885233, 18.425497], [73.885538, 18.424835], [73.886303, 18.426244], [73.886075, 18.426912], [73.887041, 18.427604], [73.887148, 18.428683], [73.888372, 18.42968], [73.888305, 18.429904], [73.88824, 18.430126], [73.887406, 18.430922], [73.88766, 18.432082], [73.888496, 18.432665], [73.889297, 18.433224], [73.889936, 18.43367], [73.891847, 18.432591], [73.892564, 18.431776], [73.893073, 18.431196], [73.894012, 18.430128], [73.896224, 18.429477], [73.896481, 18.428866], [73.896494, 18.42825], [73.896512, 18.42738], [73.896534, 18.426301], [73.896545, 18.425751], [73.896202, 18.423797], [73.89675, 18.423933], [73.897144, 18.424031], [73.897684, 18.424166], [73.897971, 18.424237], [73.89851, 18.424372], [73.89887, 18.424461], [73.899271, 18.424561], [73.899636, 18.424652], [73.899357, 18.425629], [73.8994, 18.425975], [73.90086, 18.425996], [73.901397, 18.424998], [73.90131, 18.423593], [73.901675, 18.420458], [73.902341, 18.416977], [73.903359, 18.415312], [73.903208, 18.411943], [73.903845, 18.411137], [73.904294, 18.411358], [73.905175, 18.414045], [73.907324, 18.416702], [73.907464, 18.417893], [73.90682, 18.419226], [73.904598, 18.420061], [73.905467, 18.420305], [73.907249, 18.42057], [73.908043, 18.421598], [73.907893, 18.42282], [73.906272, 18.423593], [73.904447, 18.424082], [73.903932, 18.424224], [73.903717, 18.424387], [73.902547, 18.424153], [73.903084, 18.425242], [73.903159, 18.427237], [73.902816, 18.428581], [73.902633, 18.428611], [73.900808, 18.428367], [73.900669, 18.428774], [73.90054, 18.429853], [73.901377, 18.430413], [73.90215, 18.430851], [73.903084, 18.430566], [73.903556, 18.430759], [73.903288, 18.431329], [73.902461, 18.432276], [73.902107, 18.432998], [73.901431, 18.4331], [73.901871, 18.434586], [73.901066, 18.435004], [73.900465, 18.436093], [73.902408, 18.436622], [73.903492, 18.437955], [73.903356, 18.438678], [73.902884, 18.440245], [73.901596, 18.441243], [73.897966, 18.444316], [73.89788, 18.446087], [73.897966, 18.449283], [73.898106, 18.451115], [73.898771, 18.454769], [73.899202, 18.455333], [73.900162, 18.456081], [73.900693, 18.457023], [73.900881, 18.457099], [73.90102, 18.457572], [73.901847, 18.457715], [73.901869, 18.458156], [73.901629, 18.458739], [73.901626, 18.458747], [73.901622, 18.458757], [73.901594, 18.458811], [73.901581, 18.458835], [73.901489, 18.459012], [73.901487, 18.459016], [73.901199, 18.459568], [73.901192, 18.459581], [73.901181, 18.459602], [73.901174, 18.459616], [73.901115, 18.459716], [73.901105, 18.459733], [73.90092, 18.460048], [73.900886, 18.460304], [73.900806, 18.46057], [73.900749, 18.460728], [73.900715, 18.460973], [73.900734, 18.461102], [73.900415, 18.461628], [73.899435, 18.463236], [73.899653, 18.464078], [73.899794, 18.464941], [73.900625, 18.465409], [73.90231, 18.465877], [73.905025, 18.467431], [73.904531, 18.467899], [73.904636, 18.469555], [73.904786, 18.470095], [73.904368, 18.470715], [73.905302, 18.471163], [73.906246, 18.472374], [73.90586, 18.473341], [73.906622, 18.474023], [73.907556, 18.474053], [73.908286, 18.473656], [73.909137, 18.473637], [73.909403, 18.473803], [73.909187, 18.47459], [73.90896, 18.475487], [73.908972, 18.475601], [73.908946, 18.475632], [73.908894, 18.47569], [73.908731, 18.476363], [73.908522, 18.476859], [73.908258, 18.477331], [73.908216, 18.477401], [73.908125, 18.477508], [73.90796, 18.477662], [73.908188, 18.477863], [73.908394, 18.478093], [73.908512, 18.478591], [73.908632, 18.479448], [73.90806, 18.479477], [73.907787, 18.478897], [73.907507, 18.478753], [73.906799, 18.478728], [73.906797, 18.478728], [73.90559, 18.478685], [73.90512, 18.478495], [73.904261, 18.478429], [73.903209, 18.478332], [73.903091, 18.478383], [73.903064, 18.478663], [73.90286, 18.479365], [73.90285, 18.479589], [73.902812, 18.479991], [73.902801, 18.480627], [73.902758, 18.481227]]]}}, {"type": "Feature", "properties": {"Pincode": "411051", "Office_Name": "Anandnagar S.O (Pune)", "Division": "Pune City West ", "Region": "Pune ", "Circle": "Maharashtra ", "_distFromHubKm": 6.83}, "geometry": {"type": "Polygon", "coordinates": [[[73.830893, 18.488126], [73.830282, 18.487456], [73.829859, 18.487111], [73.828973, 18.487688], [73.827893, 18.488156], [73.828077, 18.488584], [73.826709, 18.485592], [73.825915, 18.484458], [73.825121, 18.483323], [73.823125, 18.482601], [73.820882, 18.482363], [73.819091, 18.482173], [73.815306, 18.480348], [73.813387, 18.479394], [73.811388, 18.478327], [73.810254, 18.475913], [73.809884, 18.475128], [73.809772, 18.474891], [73.809713, 18.474765], [73.809753, 18.47472], [73.809564, 18.474297], [73.812686, 18.470766], [73.816869, 18.466222], [73.81687, 18.466223], [73.817029, 18.46605], [73.817527, 18.466406], [73.818178, 18.467001], [73.818394, 18.467218], [73.818504, 18.467329], [73.818648, 18.467451], [73.818857, 18.467336], [73.819377, 18.467151], [73.819891, 18.467079], [73.82024, 18.467161], [73.82097, 18.467277], [73.821815, 18.467547], [73.822695, 18.467823], [73.8238, 18.468163], [73.824433, 18.468391], [73.825067, 18.468619], [73.826473, 18.470186], [73.826428, 18.470624], [73.826392, 18.47098], [73.826516, 18.471255], [73.827374, 18.471331], [73.828368, 18.471418], [73.828364, 18.47215], [73.828474, 18.472847], [73.828656, 18.472878], [73.829048, 18.474165], [73.829777, 18.474226], [73.830271, 18.473351], [73.831054, 18.472862], [73.837577, 18.472557], [73.838103, 18.472985], [73.83954, 18.474328], [73.840603, 18.474725], [73.840849, 18.475966], [73.839347, 18.476261], [73.835067, 18.476159], [73.834498, 18.477096], [73.834348, 18.478093], [73.835174, 18.479192], [73.836815, 18.48027], [73.837427, 18.480739], [73.837416, 18.481492], [73.837191, 18.482825], [73.836043, 18.483293], [73.834262, 18.483343], [73.832459, 18.483313], [73.83041, 18.483303], [73.831387, 18.48428], [73.830925, 18.484982], [73.829638, 18.484259], [73.82937, 18.485267], [73.830003, 18.487017], [73.830154, 18.487281], [73.830206, 18.487373], [73.830283, 18.487457], [73.830893, 18.488126]]]}}, {"type": "Feature", "properties": {"Pincode": "411052", "Office_Name": "Navsahyadri S.O", "Division": "Pune City West ", "Region": "Pune ", "Circle": "Maharashtra ", "_distFromHubKm": 7.72}, "geometry": {"type": "Polygon", "coordinates": [[[73.828286, 18.506908], [73.825099, 18.505677], [73.82275, 18.504965], [73.824821, 18.501211], [73.825357, 18.499501], [73.82614, 18.498575], [73.825561, 18.498331], [73.824574, 18.49825], [73.823158, 18.497772], [73.820203, 18.497833], [73.818498, 18.497868], [73.817103, 18.497897], [73.813834, 18.497965], [73.813406, 18.494221], [73.81536, 18.493183], [73.811511, 18.492583], [73.809667, 18.492295], [73.807138, 18.492285], [73.807976, 18.491514], [73.807825, 18.489622], [73.808094, 18.488399], [73.80876, 18.486212], [73.809972, 18.484208], [73.811388, 18.478327], [73.813387, 18.479394], [73.815306, 18.480348], [73.819091, 18.482173], [73.820882, 18.482363], [73.823125, 18.482601], [73.825121, 18.483323], [73.825915, 18.484458], [73.826709, 18.485592], [73.828077, 18.488584], [73.829036, 18.489942], [73.829926, 18.491202], [73.831093, 18.492853], [73.832253, 18.494495], [73.836182, 18.49825], [73.836955, 18.500203], [73.837191, 18.50176], [73.836922, 18.503581], [73.836445, 18.504655], [73.83498, 18.504578], [73.83453, 18.504375], [73.834374, 18.504281], [73.83379, 18.503927], [73.833672, 18.5038], [73.833554, 18.503612], [73.833548, 18.503189], [73.833666, 18.502721], [73.833999, 18.501729], [73.834106, 18.501255], [73.834128, 18.50116], [73.834053, 18.500758], [73.834004, 18.500549], [73.833757, 18.500352], [73.833366, 18.500051], [73.83335, 18.499043], [73.832792, 18.498972], [73.83254, 18.498876], [73.832333, 18.498618], [73.832197, 18.498448], [73.832115, 18.498281], [73.832092, 18.498231], [73.832085, 18.498202], [73.832078, 18.498176], [73.832025, 18.498138], [73.831826, 18.497711], [73.831124, 18.497563], [73.830181, 18.497573], [73.828388, 18.498728], [73.827213, 18.499104], [73.827117, 18.500234], [73.82702, 18.501363], [73.827079, 18.501597], [73.827277, 18.501709], [73.828603, 18.502386], [73.828425, 18.503159], [73.828211, 18.504085], [73.828356, 18.505034], [73.828469, 18.505972], [73.828286, 18.506908]]]}}, {"type": "Feature", "properties": {"Pincode": "411057", "Office_Name": "Infotech  Park (Hinjawadi) S.O", "Division": "Pune City East ", "Region": "Pune ", "Circle": "Maharashtra ", "_distFromHubKm": 22.59}, "geometry": {"type": "Polygon", "coordinates": [[[73.679535, 18.573091], [73.679658, 18.572716], [73.680065, 18.572723], [73.680695, 18.572774], [73.681266, 18.572719], [73.682533, 18.573118], [73.683628, 18.573565], [73.68487, 18.573802], [73.685654, 18.573835], [73.686405, 18.573802], [73.68651, 18.573397], [73.686643, 18.573034], [73.686944, 18.572693], [73.688807, 18.570062], [73.689831, 18.569537], [73.691183, 18.569113], [73.692647, 18.569501], [73.694299, 18.570743], [73.695484, 18.571247], [73.698456, 18.571292], [73.699928, 18.570832], [73.700992, 18.569987], [73.70207, 18.56847], [73.702403, 18.568049], [73.702614, 18.567819], [73.703396, 18.568034], [73.704131, 18.568429], [73.705654, 18.568791], [73.705889, 18.568818], [73.706207, 18.568959], [73.706632, 18.569289], [73.706886, 18.569426], [73.707064, 18.569311], [73.707546, 18.569448], [73.707913, 18.569891], [73.708138, 18.570212], [73.708345, 18.570332], [73.708468, 18.569926], [73.708426, 18.569012], [73.708669, 18.568401], [73.709024, 18.568027], [73.709983, 18.567704], [73.709852, 18.565661], [73.712809, 18.566283], [73.717188, 18.564961], [73.721968, 18.565863], [73.723807, 18.565571], [73.725608, 18.565137], [73.727272, 18.564961], [73.727403, 18.564993], [73.727485, 18.565013], [73.727982, 18.565135], [73.728432, 18.565246], [73.729194, 18.565557], [73.730248, 18.566294], [73.730823, 18.566921], [73.7309, 18.567004], [73.731339, 18.567483], [73.732424, 18.568353], [73.732608, 18.568501], [73.732651, 18.568535], [73.733665, 18.569349], [73.733956, 18.569582], [73.734862, 18.570231], [73.735585, 18.570746], [73.735946, 18.571019], [73.736888, 18.571733], [73.738119, 18.572666], [73.739343, 18.573257], [73.741374, 18.573888], [73.742519, 18.574104], [73.74352, 18.574061], [73.74535, 18.573759], [73.746676, 18.573799], [73.748162, 18.573987], [73.750771, 18.574917], [73.751879, 18.576772], [73.752896, 18.578498], [73.753934, 18.58], [73.754446, 18.580741], [73.754744, 18.581274], [73.755449, 18.582519], [73.756947, 18.585056], [73.75845, 18.586609], [73.759391, 18.587357], [73.760871, 18.58822], [73.761683, 18.588579], [73.762744, 18.588694], [73.763209, 18.58866], [73.76402, 18.588601], [73.765424, 18.588292], [73.767471, 18.587609], [73.769065, 18.587242], [73.770422, 18.587328], [73.772198, 18.587947], [73.774078, 18.588428], [73.775186, 18.588536], [73.776773, 18.587803], [73.777396, 18.589206], [73.779114, 18.590076], [73.781721, 18.592074], [73.781995, 18.592201], [73.784673, 18.591713], [73.785065, 18.592125], [73.785246, 18.592391], [73.784444, 18.593375], [73.778597, 18.602405], [73.777141, 18.603564], [73.776681, 18.60391], [73.775859, 18.604444], [73.775613, 18.603836], [73.774942, 18.604195], [73.775122, 18.60452], [73.774762, 18.604708], [73.774034, 18.604973], [73.772961, 18.605376], [73.772736, 18.60544], [73.771232, 18.605992], [73.770065, 18.606351], [73.769197, 18.606555], [73.766882, 18.607129], [73.765074, 18.607837], [73.764331, 18.608061], [73.764012, 18.608101], [73.763307, 18.608029], [73.762437, 18.607931], [73.761496, 18.607906], [73.760678, 18.607827], [73.760138, 18.607675], [73.760098, 18.609094], [73.760122, 18.60911], [73.760295, 18.609149], [73.76049, 18.610293], [73.760459, 18.610602], [73.760375, 18.610719], [73.760207, 18.610876], [73.757469, 18.608847], [73.755902, 18.607143], [73.75487, 18.606677], [73.754293, 18.606498], [73.753979, 18.606406], [73.753086, 18.606145], [73.750756, 18.604096], [73.747344, 18.603564], [73.746122, 18.603248], [73.74402, 18.602222], [73.742753, 18.601663], [73.741211, 18.60126], [73.740354, 18.601091], [73.739473, 18.600825], [73.738957, 18.60209], [73.738897, 18.602166], [73.738344, 18.603071], [73.73748, 18.604923], [73.737541, 18.605045], [73.73813, 18.605901], [73.738808, 18.606886], [73.738979, 18.607709], [73.739158, 18.608287], [73.739247, 18.608755], [73.73914, 18.609557], [73.739391, 18.61117], [73.740233, 18.611394], [73.740888, 18.612609], [73.7415, 18.615977], [73.740783, 18.615837], [73.740479, 18.615593], [73.739698, 18.615488], [73.738892, 18.61543], [73.736314, 18.615327], [73.735339, 18.615463], [73.735294, 18.615287], [73.73501, 18.61428], [73.734167, 18.614575], [73.733685, 18.614802], [73.73301, 18.614875], [73.732819, 18.614032], [73.732764, 18.613919], [73.732643, 18.613875], [73.732181, 18.613966], [73.731566, 18.614072], [73.730122, 18.614393], [73.729607, 18.614533], [73.729285, 18.614629], [73.728896, 18.61469], [73.728644, 18.61467], [73.727904, 18.614617], [73.727362, 18.614617], [73.727193, 18.614774], [73.726467, 18.614805], [73.725977, 18.614777], [73.725575, 18.614856], [73.725184, 18.614945], [73.72472, 18.615021], [73.723844, 18.615138], [73.723648, 18.615202], [73.723895, 18.617153], [73.722499, 18.617394], [73.72234, 18.617523], [73.722199, 18.618882], [73.720251, 18.61996], [73.720101, 18.620187], [73.71994, 18.620441], [73.719621, 18.620946], [73.718148, 18.621269], [73.717025, 18.621], [73.715254, 18.620578], [73.714966, 18.619946], [73.714858, 18.619868], [73.714154, 18.619777], [73.713866, 18.619784], [73.713665, 18.619662], [73.713483, 18.619673], [73.713293, 18.619644], [73.713122, 18.619374], [73.713061, 18.6189], [73.71287, 18.618483], [73.712722, 18.618407], [73.712467, 18.617979], [73.712334, 18.617954], [73.711981, 18.617638], [73.711484, 18.616973], [73.71148, 18.616894], [73.710574, 18.616406], [73.710295, 18.616076], [73.709949, 18.615621], [73.709783, 18.615583], [73.709677, 18.615715], [73.707157, 18.616411], [73.70654, 18.616455], [73.705836, 18.616152], [73.704624, 18.615751], [73.703038, 18.615413], [73.703167, 18.613321], [73.70341, 18.612271], [73.702447, 18.61166], [73.700578, 18.610895], [73.700578, 18.610651], [73.700792, 18.610326], [73.700341, 18.609594], [73.700671, 18.608187], [73.701036, 18.606116], [73.700733, 18.605376], [73.699549, 18.604427], [73.697393, 18.603478], [73.696385, 18.603305], [73.695457, 18.602847], [73.694496, 18.602558], [73.693423, 18.602446], [73.691501, 18.602639], [73.687175, 18.601925], [73.684777, 18.599049], [73.67944, 18.595166], [73.671, 18.592434], [73.671126, 18.588464], [73.674375, 18.586997], [73.67817, 18.586192], [73.67902, 18.583718], [73.678291, 18.580698], [73.67824, 18.578447], [73.678884, 18.57507], [73.679535, 18.573091]]]}}, {"type": "Feature", "properties": {"Pincode": "411058", "Office_Name": "Warje S.O", "Division": "Pune City West ", "Region": "Pune ", "Circle": "Maharashtra ", "_distFromHubKm": 10.23}, "geometry": {"type": "MultiPolygon", "coordinates": [[[[73.783403, 18.462054], [73.784625, 18.462639], [73.783983, 18.462332], [73.783643, 18.462169], [73.783403, 18.462054]]], [[[73.788639, 18.502802], [73.786134, 18.499904], [73.781958, 18.495075], [73.783235, 18.491341], [73.78344, 18.490741], [73.783176, 18.487096], [73.783175, 18.487096], [73.783096, 18.485999], [73.783126, 18.483924], [73.783149, 18.482375], [73.783225, 18.477167], [73.787891, 18.476632], [73.795655, 18.475742], [73.796853, 18.471838], [73.797142, 18.470897], [73.797496, 18.469745], [73.797756, 18.468896], [73.797901, 18.468424], [73.797984, 18.468154], [73.798122, 18.467952], [73.79861, 18.467233], [73.798876, 18.467062], [73.799284, 18.466798], [73.799707, 18.466525], [73.805139, 18.469633], [73.807809, 18.47159], [73.809564, 18.474297], [73.809753, 18.47472], [73.809713, 18.474765], [73.809772, 18.474891], [73.809884, 18.475128], [73.810254, 18.475913], [73.811388, 18.478327], [73.809972, 18.484208], [73.80876, 18.486212], [73.808094, 18.488399], [73.807825, 18.489622], [73.807976, 18.491514], [73.807138, 18.492285], [73.805423, 18.492451], [73.80371, 18.492979], [73.798988, 18.492125], [73.793912, 18.493549], [73.791526, 18.494851], [73.790865, 18.495212], [73.790231, 18.495632], [73.78948, 18.496174], [73.788869, 18.496154], [73.788203, 18.496398], [73.788191, 18.49653], [73.788221, 18.496624], [73.788292, 18.496848], [73.788439, 18.497314], [73.789006, 18.497721], [73.79097, 18.50004], [73.792473, 18.502065], [73.792731, 18.503174], [73.792685, 18.504389], [73.79169, 18.504502], [73.789647, 18.503967], [73.788639, 18.502802]]]]}}, {"type": "Feature", "properties": {"Pincode": "411060", "Office_Name": "Mohamadwadi S.O", "Division": "Pune City East ", "Region": "Pune ", "Circle": "Maharashtra ", "_distFromHubKm": 2.82}, "geometry": {"type": "Polygon", "coordinates": [[[73.912265, 18.491053], [73.912121, 18.490866], [73.90995, 18.490355], [73.908903, 18.490233], [73.908252, 18.490111], [73.908365, 18.489398], [73.90807, 18.488808], [73.908408, 18.488645], [73.9085, 18.488306], [73.908269, 18.48765], [73.908969, 18.487566], [73.909015, 18.486887], [73.908821, 18.486658], [73.908917, 18.486272], [73.909025, 18.485834], [73.909071, 18.485478], [73.909227, 18.484453], [73.909152, 18.484358], [73.909355, 18.483667], [73.909298, 18.483526], [73.909211, 18.483313], [73.909195, 18.483274], [73.909194, 18.483272], [73.909103, 18.483048], [73.909079, 18.482612], [73.909078, 18.482596], [73.909077, 18.482568], [73.909074, 18.482521], [73.909072, 18.48249], [73.909066, 18.482381], [73.909065, 18.482356], [73.909063, 18.482312], [73.909057, 18.482214], [73.909054, 18.482159], [73.909051, 18.482095], [73.90905, 18.482084], [73.909048, 18.482048], [73.909048, 18.482041], [73.909044, 18.481968], [73.909041, 18.481907], [73.909039, 18.481877], [73.909039, 18.481874], [73.909038, 18.481852], [73.909037, 18.481836], [73.909036, 18.48182], [73.909036, 18.481818], [73.909035, 18.481805], [73.909035, 18.4818], [73.909035, 18.481798], [73.909034, 18.481787], [73.909034, 18.481784], [73.909033, 18.481767], [73.909032, 18.481743], [73.909031, 18.481726], [73.90903, 18.481711], [73.90903, 18.481714], [73.909027, 18.481665], [73.909024, 18.481613], [73.909023, 18.481577], [73.90902, 18.481524], [73.909016, 18.481452], [73.909007, 18.481289], [73.908996, 18.481092], [73.908953, 18.480578], [73.908991, 18.480159], [73.908929, 18.479823], [73.908632, 18.479448], [73.908512, 18.478591], [73.908394, 18.478093], [73.908188, 18.477863], [73.90796, 18.477662], [73.908125, 18.477508], [73.908216, 18.477401], [73.908258, 18.477331], [73.908522, 18.476859], [73.908731, 18.476363], [73.908894, 18.47569], [73.908946, 18.475632], [73.908972, 18.475601], [73.90896, 18.475487], [73.909187, 18.47459], [73.909403, 18.473803], [73.909137, 18.473637], [73.908286, 18.473656], [73.907556, 18.474053], [73.906622, 18.474023], [73.90586, 18.473341], [73.906246, 18.472374], [73.905302, 18.471163], [73.904368, 18.470715], [73.904786, 18.470095], [73.904636, 18.469555], [73.904531, 18.467899], [73.905025, 18.467431], [73.90231, 18.465877], [73.900625, 18.465409], [73.899794, 18.464941], [73.899653, 18.464078], [73.899435, 18.463236], [73.900415, 18.461628], [73.900734, 18.461102], [73.900715, 18.460973], [73.900749, 18.460728], [73.900806, 18.46057], [73.900886, 18.460304], [73.90092, 18.460048], [73.901105, 18.459733], [73.901115, 18.459716], [73.901174, 18.459616], [73.901181, 18.459602], [73.901192, 18.459581], [73.901199, 18.459568], [73.901487, 18.459016], [73.901489, 18.459012], [73.901581, 18.458835], [73.901594, 18.458811], [73.901622, 18.458757], [73.901626, 18.458747], [73.901629, 18.458739], [73.901869, 18.458156], [73.901847, 18.457715], [73.90102, 18.457572], [73.900881, 18.457099], [73.900693, 18.457023], [73.900162, 18.456081], [73.899202, 18.455333], [73.898771, 18.454769], [73.898106, 18.451115], [73.897966, 18.449283], [73.89788, 18.446087], [73.897966, 18.444316], [73.901596, 18.441243], [73.902884, 18.440245], [73.903356, 18.438678], [73.903492, 18.437955], [73.902408, 18.436622], [73.900465, 18.436093], [73.901066, 18.435004], [73.901871, 18.434586], [73.901431, 18.4331], [73.902107, 18.432998], [73.902461, 18.432276], [73.903288, 18.431329], [73.903556, 18.430759], [73.903084, 18.430566], [73.90215, 18.430851], [73.90054, 18.429853], [73.900669, 18.428774], [73.900808, 18.428367], [73.902633, 18.428611], [73.902816, 18.428581], [73.903159, 18.427237], [73.903084, 18.425242], [73.902547, 18.424153], [73.903717, 18.424387], [73.903932, 18.424224], [73.906272, 18.423593], [73.907893, 18.42282], [73.908043, 18.421598], [73.907249, 18.42057], [73.905467, 18.420305], [73.904598, 18.420061], [73.90682, 18.419226], [73.907464, 18.417893], [73.907324, 18.416702], [73.925953, 18.414137], [73.92544, 18.422874], [73.925339, 18.427643], [73.925476, 18.433263], [73.925381, 18.437406], [73.925573, 18.440978], [73.925305, 18.442545], [73.928168, 18.443197], [73.930572, 18.445395], [73.929005, 18.446505], [73.928776, 18.447819], [73.928629, 18.448662], [73.927041, 18.449273], [73.926887, 18.451476], [73.926528, 18.451624], [73.92526, 18.45156], [73.925434, 18.45314], [73.92558, 18.453194], [73.92561, 18.453467], [73.925583, 18.454021], [73.925489, 18.454572], [73.926859, 18.454712], [73.927062, 18.454781], [73.927117, 18.454851], [73.927097, 18.455277], [73.927214, 18.455389], [73.928444, 18.455745], [73.927059, 18.457666], [73.926246, 18.459634], [73.925804, 18.460304], [73.9261, 18.460628], [73.928042, 18.46107], [73.928752, 18.462214], [73.929596, 18.462528], [73.929215, 18.463505], [73.929338, 18.464014], [73.930641, 18.464751], [73.930676, 18.464884], [73.930714, 18.465005], [73.930707, 18.465027], [73.930497, 18.465157], [73.93045, 18.46528], [73.930461, 18.465359], [73.930496, 18.465548], [73.930534, 18.465702], [73.93049, 18.465866], [73.93053, 18.46635], [73.93053, 18.466352], [73.93053, 18.46636], [73.930529, 18.46637], [73.930487, 18.466981], [73.930776, 18.468354], [73.931024, 18.468909], [73.931013, 18.469123], [73.930756, 18.469362], [73.930654, 18.469657], [73.92993, 18.469525], [73.929018, 18.469723], [73.928964, 18.470166], [73.92912, 18.47069], [73.929436, 18.470954], [73.92948, 18.470986], [73.929603, 18.471076], [73.930097, 18.471438], [73.930311, 18.471489], [73.929873, 18.473375], [73.92897, 18.473526], [73.928708, 18.474963], [73.928805, 18.475739], [73.928903, 18.476186], [73.929031, 18.476627], [73.929136, 18.477447], [73.9292, 18.47762], [73.929205, 18.478011], [73.929141, 18.478347], [73.929028, 18.479166], [73.929217, 18.480265], [73.929254, 18.480713], [73.929335, 18.480947], [73.929463, 18.482285], [73.9293, 18.482334], [73.929703, 18.483931], [73.929791, 18.484102], [73.929396, 18.484151], [73.928855, 18.484236], [73.928749, 18.484257], [73.927741, 18.484397], [73.926988, 18.484449], [73.926426, 18.484554], [73.926499, 18.484765], [73.926765, 18.484888], [73.926848, 18.48502], [73.926877, 18.485213], [73.926772, 18.485775], [73.927008, 18.486559], [73.927642, 18.487566], [73.927794, 18.487754], [73.927807, 18.487771], [73.928737, 18.488981], [73.928511, 18.489561], [73.927824, 18.490191], [73.927387, 18.489132], [73.919554, 18.489751], [73.915045, 18.489104], [73.912265, 18.491053]]]}}, {"type": "Feature", "properties": {"Pincode": "411061", "Office_Name": "Pimple Gurav S.O", "Division": "Pune City East ", "Region": "Pune ", "Circle": "Maharashtra ", "_distFromHubKm": 16.38}, "geometry": {"type": "Polygon", "coordinates": [[[73.828852, 18.589119], [73.828046, 18.590396], [73.827274, 18.591677], [73.826652, 18.59246], [73.825782, 18.593406], [73.825513, 18.593699], [73.824437, 18.594188], [73.822752, 18.594591], [73.821431, 18.594691], [73.820111, 18.594461], [73.819352, 18.594691], [73.818866, 18.595267], [73.818456, 18.596345], [73.81838, 18.597136], [73.818972, 18.598488], [73.81973, 18.599538], [73.820686, 18.600458], [73.821597, 18.602399], [73.821597, 18.603248], [73.820823, 18.604427], [73.819704, 18.605268], [73.818406, 18.605376], [73.816812, 18.605318], [73.815831, 18.605397], [73.814054, 18.605298], [73.813193, 18.605201], [73.812804, 18.605283], [73.812606, 18.605128], [73.812402, 18.604967], [73.812142, 18.604939], [73.812096, 18.604486], [73.812088, 18.604399], [73.812016, 18.603686], [73.811948, 18.602827], [73.811906, 18.602169], [73.811936, 18.601575], [73.811945, 18.601397], [73.811952, 18.600972], [73.811956, 18.600711], [73.811956, 18.599619], [73.812026, 18.597646], [73.812092, 18.596772], [73.812021, 18.595536], [73.812246, 18.595424], [73.812464, 18.59541], [73.814167, 18.595302], [73.816118, 18.595318], [73.816145, 18.594907], [73.815986, 18.594138], [73.81531, 18.593642], [73.815039, 18.593658], [73.814763, 18.593732], [73.814641, 18.593674], [73.814554, 18.593311], [73.8145, 18.592858], [73.814227, 18.591556], [73.813931, 18.589866], [73.813503, 18.589644], [73.813027, 18.589448], [73.812863, 18.589305], [73.812858, 18.588605], [73.812761, 18.58818], [73.812611, 18.587772], [73.812342, 18.587019], [73.812152, 18.586383], [73.811838, 18.585189], [73.811648, 18.584394], [73.811647, 18.584389], [73.81127, 18.58282], [73.809614, 18.583273], [73.808847, 18.58356], [73.808749, 18.582625], [73.809204, 18.582482], [73.809204, 18.579591], [73.80892, 18.579281], [73.811061, 18.577628], [73.811495, 18.577501], [73.812015, 18.577776], [73.813008, 18.576571], [73.813839, 18.576306], [73.813968, 18.577496], [73.814819, 18.577539], [73.815352, 18.577267], [73.815736, 18.577188], [73.81593, 18.57853], [73.815965, 18.578807], [73.816105, 18.578951], [73.817072, 18.578728], [73.818301, 18.578124], [73.8195, 18.577671], [73.81997, 18.577822], [73.820366, 18.577994], [73.820624, 18.578713], [73.821201, 18.579691], [73.822264, 18.580281], [73.82331, 18.580643], [73.825113, 18.58101], [73.825564, 18.581599], [73.826208, 18.583308], [73.826771, 18.584188], [73.827324, 18.585067], [73.827986, 18.58607], [73.828768, 18.587005], [73.829314, 18.588198], [73.829185, 18.588594], [73.828852, 18.589119]]]}}, {"type": "Feature", "properties": {"Pincode": "411062", "Office_Name": "Rupeenagar S.O", "Division": "Pune City East ", "Region": "Pune ", "Circle": "Maharashtra ", "_distFromHubKm": 26.59}, "geometry": {"type": "Polygon", "coordinates": [[[73.787701, 18.716197], [73.787576, 18.71652], [73.787342, 18.716704], [73.787148, 18.716823], [73.782212, 18.714771], [73.782179, 18.714673], [73.782248, 18.714707], [73.780708, 18.709771], [73.780623, 18.70944], [73.780429, 18.70874], [73.780239, 18.707716], [73.779631, 18.704545], [73.778799, 18.701407], [73.778909, 18.701372], [73.778745, 18.70078], [73.783533, 18.699783], [73.784383, 18.699608], [73.786454, 18.699342], [73.788325, 18.698433], [73.788464, 18.698381], [73.788428, 18.698092], [73.788339, 18.697478], [73.788255, 18.696912], [73.788185, 18.696391], [73.787934, 18.694683], [73.787935, 18.694487], [73.787554, 18.694185], [73.786952, 18.693743], [73.787376, 18.692223], [73.787376, 18.691324], [73.787435, 18.690994], [73.787752, 18.690186], [73.787572, 18.689268], [73.787202, 18.688063], [73.787029, 18.687882], [73.78687, 18.687171], [73.786788, 18.686713], [73.786758, 18.686616], [73.786693, 18.686557], [73.786003, 18.68655], [73.78556, 18.686552], [73.784967, 18.686265], [73.784428, 18.685525], [73.784262, 18.685247], [73.783896, 18.684634], [73.783578, 18.683915], [73.783268, 18.682167], [73.783321, 18.681776], [73.783025, 18.680253], [73.782875, 18.680155], [73.782407, 18.680195], [73.782243, 18.679898], [73.781917, 18.67953], [73.781915, 18.679528], [73.781304, 18.679667], [73.780279, 18.67973], [73.780065, 18.679664], [73.779931, 18.678965], [73.779675, 18.677612], [73.779606, 18.677379], [73.77873, 18.677674], [73.77859, 18.676948], [73.778279, 18.675988], [73.778072, 18.674973], [73.777797, 18.674012], [73.777399, 18.672572], [73.777401, 18.672546], [73.777343, 18.672436], [73.777344, 18.672437], [73.777398, 18.672406], [73.777412, 18.672397], [73.777701, 18.672241], [73.777914, 18.672172], [73.778252, 18.671989], [73.778507, 18.671844], [73.779177, 18.671496], [73.779279, 18.671463], [73.779491, 18.671433], [73.779893, 18.671299], [73.780039, 18.67114], [73.780917, 18.670614], [73.781299, 18.670407], [73.782732, 18.669552], [73.783241, 18.669266], [73.783815, 18.668984], [73.784676, 18.668578], [73.785022, 18.668397], [73.785113, 18.668348], [73.785633, 18.668219], [73.785708, 18.668545], [73.78706, 18.668811], [73.788825, 18.669121], [73.789305, 18.66925], [73.789441, 18.669898], [73.789479, 18.670077], [73.789512, 18.670222], [73.789586, 18.670544], [73.790589, 18.670497], [73.791088, 18.670285], [73.792218, 18.669965], [73.793751, 18.669685], [73.794752, 18.669765], [73.796392, 18.670104], [73.79709, 18.67015], [73.797477, 18.670198], [73.79779, 18.670239], [73.798318, 18.670235], [73.798963, 18.670785], [73.798898, 18.670156], [73.798609, 18.668956], [73.798843, 18.668887], [73.798936, 18.668769], [73.79877, 18.668006], [73.799285, 18.667881], [73.799109, 18.667209], [73.799165, 18.667147], [73.799125, 18.666885], [73.801683, 18.666108], [73.806031, 18.665502], [73.807762, 18.665107], [73.809971, 18.664243], [73.81076, 18.664067], [73.813417, 18.663267], [73.8156, 18.663033], [73.815798, 18.663948], [73.818247, 18.664356], [73.818422, 18.664389], [73.818609, 18.664418], [73.818973, 18.664476], [73.818961, 18.664614], [73.819253, 18.664613], [73.81926, 18.664679], [73.819632, 18.664781], [73.820987, 18.664621], [73.821682, 18.664538], [73.821746, 18.664529], [73.821808, 18.66452], [73.822335, 18.664445], [73.824042, 18.664259], [73.825128, 18.664098], [73.827716, 18.663775], [73.828093, 18.665254], [73.828613, 18.666418], [73.828823, 18.666992], [73.82908, 18.667668], [73.830067, 18.668974], [73.830394, 18.669789], [73.831322, 18.672288], [73.832435, 18.675341], [73.833114, 18.6774], [73.833752, 18.680114], [73.83424, 18.681655], [73.835077, 18.683807], [73.835462, 18.684849], [73.835701, 18.685439], [73.835989, 18.686003], [73.83641, 18.686732], [73.83677, 18.68736], [73.836885, 18.687663], [73.837175, 18.688212], [73.837374, 18.688701], [73.836653, 18.689054], [73.835127, 18.689463], [73.83416, 18.689739], [73.833312, 18.689881], [73.832966, 18.689893], [73.832577, 18.689906], [73.831595, 18.68984], [73.830393, 18.689605], [73.830075, 18.689543], [73.82996, 18.68952], [73.829821, 18.68948], [73.829283, 18.689324], [73.828296, 18.689037], [73.826585, 18.688479], [73.824059, 18.687552], [73.822376, 18.68712], [73.820843, 18.68656], [73.820054, 18.686215], [73.819531, 18.685683], [73.819027, 18.685368], [73.81834, 18.685358], [73.818018, 18.68548], [73.816768, 18.686127], [73.815749, 18.686834], [73.815089, 18.687625], [73.814413, 18.689637], [73.81422, 18.691263], [73.814359, 18.693905], [73.814692, 18.695633], [73.81452, 18.697096], [73.813887, 18.699525], [73.813582, 18.701133], [73.812815, 18.702574], [73.812279, 18.7034], [73.811993, 18.703839], [73.811474, 18.70419], [73.810336, 18.7045], [73.809011, 18.704495], [73.807839, 18.704245], [73.806929, 18.703922], [73.804137, 18.701996], [73.803871, 18.701687], [73.803355, 18.7015], [73.802778, 18.701522], [73.801752, 18.701744], [73.800932, 18.702082], [73.799555, 18.70321], [73.797719, 18.705592], [73.796443, 18.707005], [73.794893, 18.708751], [73.794264, 18.709464], [73.793955, 18.709776], [73.792965, 18.710775], [73.791988, 18.711761], [73.791008, 18.712736], [73.790487, 18.713254], [73.790021, 18.713696], [73.789028, 18.714636], [73.788156, 18.715747], [73.787701, 18.716197]]]}}, {"type": "Feature", "properties": {"Pincode": "411067", "Office_Name": "Aundh S.O (Pune)", "Division": "Pune City West ", "Region": "Pune ", "Circle": "Maharashtra ", "_distFromHubKm": 14.07}, "geometry": {"type": "Polygon", "coordinates": [[[73.827451, 18.562799], [73.827519, 18.563655], [73.827709, 18.564085], [73.827907, 18.564532], [73.828035, 18.56482], [73.828217, 18.566201], [73.828217, 18.567495], [73.828312, 18.567905], [73.8282, 18.568277], [73.827428, 18.568216], [73.826845, 18.56835], [73.825788, 18.568591], [73.825089, 18.568774], [73.825072, 18.568778], [73.82503, 18.568789], [73.824557, 18.568913], [73.823687, 18.569132], [73.822031, 18.569497], [73.820331, 18.56931], [73.818983, 18.569157], [73.81735, 18.56895], [73.816991, 18.568885], [73.815064, 18.568538], [73.814048, 18.568354], [73.813283, 18.568211], [73.811742, 18.56789], [73.811566, 18.567904], [73.810879, 18.567959], [73.808733, 18.568131], [73.808732, 18.568131], [73.808062, 18.568185], [73.806945, 18.568504], [73.806308, 18.568686], [73.806307, 18.568687], [73.804682, 18.569151], [73.804014, 18.569339], [73.804012, 18.569339], [73.803416, 18.569507], [73.801717, 18.569573], [73.799768, 18.569142], [73.797985, 18.568207], [73.79706, 18.567653], [73.796934, 18.567578], [73.79657, 18.567322], [73.796217, 18.567017], [73.795349, 18.566014], [73.795344, 18.566007], [73.795649, 18.565775], [73.796003, 18.565338], [73.796132, 18.564524], [73.796512, 18.564056], [73.79677, 18.563553], [73.796459, 18.563349], [73.795889, 18.563066], [73.795544, 18.562892], [73.794962, 18.562597], [73.795005, 18.562546], [73.795289, 18.562058], [73.79626, 18.561569], [73.797215, 18.561818], [73.797279, 18.561681], [73.797014, 18.561605], [73.797063, 18.561371], [73.797112, 18.56108], [73.797116, 18.5608], [73.796968, 18.560756], [73.796748, 18.560854], [73.796551, 18.561023], [73.796365, 18.561073], [73.796202, 18.561422], [73.795887, 18.561321], [73.795917, 18.561256], [73.796096, 18.561055], [73.796043, 18.560922], [73.795599, 18.560717], [73.795428, 18.560505], [73.795466, 18.560278], [73.795728, 18.560116], [73.79607, 18.559982], [73.79624, 18.559915], [73.796574, 18.559649], [73.797401, 18.559681], [73.797693, 18.559706], [73.797731, 18.559056], [73.798634, 18.559266], [73.798907, 18.559329], [73.799555, 18.559415], [73.800283, 18.559149], [73.800632, 18.558045], [73.799464, 18.557786], [73.799415, 18.557333], [73.799642, 18.557063], [73.800018, 18.557092], [73.800276, 18.556096], [73.802074, 18.556168], [73.802567, 18.555089], [73.802817, 18.555104], [73.804243, 18.555146], [73.804368, 18.554863], [73.804421, 18.554627], [73.804461, 18.554449], [73.804556, 18.554026], [73.804621, 18.553737], [73.804718, 18.553302], [73.804859, 18.552824], [73.805017, 18.552288], [73.805871, 18.55213], [73.806795, 18.551959], [73.807279, 18.551546], [73.806978, 18.550321], [73.807355, 18.55026], [73.808209, 18.55012], [73.8089, 18.550006], [73.809724, 18.549857], [73.81051, 18.549562], [73.810598, 18.549529], [73.812161, 18.548942], [73.813059, 18.548559], [73.813019, 18.548952], [73.813021, 18.549116], [73.813038, 18.550456], [73.813083, 18.553997], [73.812536, 18.55596], [73.810278, 18.556078], [73.80972, 18.556107], [73.809497, 18.556119], [73.809465, 18.556794], [73.809444, 18.557248], [73.812994, 18.557262], [73.813638, 18.558319], [73.814173, 18.559217], [73.814178, 18.559225], [73.814283, 18.559401], [73.813956, 18.559701], [73.81379, 18.560273], [73.813779, 18.560621], [73.814176, 18.561028], [73.814241, 18.561072], [73.814314, 18.561121], [73.814454, 18.561214], [73.814555, 18.560929], [73.814612, 18.560768], [73.814656, 18.56076], [73.814698, 18.560713], [73.814707, 18.560702], [73.815562, 18.559744], [73.81672, 18.559911], [73.816962, 18.560593], [73.817015, 18.561144], [73.817037, 18.561371], [73.81701, 18.561747], [73.817525, 18.562556], [73.818045, 18.562556], [73.818514, 18.562616], [73.819445, 18.562734], [73.819472, 18.561681], [73.823308, 18.561707], [73.825867, 18.561717], [73.825808, 18.562876], [73.827451, 18.562799]]]}}, {"type": "Feature", "properties": {"Pincode": "411068", "Office_Name": "Nanded S.O (Pune)", "Division": "Pune City West ", "Region": "Pune ", "Circle": "Maharashtra ", "_distFromHubKm": 9.58}, "geometry": {"type": "Polygon", "coordinates": [[[73.784625, 18.462639], [73.783403, 18.462054], [73.781499, 18.461142], [73.776614, 18.460394], [73.774914, 18.459559], [73.772608, 18.457486], [73.77144, 18.455159], [73.771371, 18.455021], [73.771091, 18.454464], [73.770454, 18.451931], [73.770486, 18.450474], [73.770495, 18.450066], [73.770498, 18.449925], [73.770514, 18.449196], [73.774186, 18.447008], [73.77892, 18.451182], [73.785323, 18.452982], [73.787963, 18.453514], [73.790057, 18.452204], [73.794867, 18.453413], [73.794958, 18.452161], [73.79649, 18.451154], [73.796156, 18.446145], [73.797492, 18.438487], [73.798766, 18.436587], [73.802696, 18.436271], [73.805579, 18.439006], [73.807536, 18.443165], [73.807351, 18.444351], [73.806884, 18.447354], [73.804471, 18.447066], [73.804069, 18.44708], [73.803743, 18.447447], [73.803121, 18.448131], [73.801209, 18.450492], [73.802075, 18.453232], [73.803277, 18.454179], [73.803948, 18.454708], [73.804994, 18.454814], [73.807344, 18.455061], [73.808438, 18.455267], [73.809414, 18.456351], [73.810256, 18.457776], [73.809735, 18.458418], [73.809435, 18.458788], [73.809038, 18.459026], [73.809835, 18.459545], [73.811515, 18.460178], [73.812399, 18.460869], [73.813397, 18.461466], [73.814334, 18.462193], [73.81458, 18.462405], [73.814739, 18.462689], [73.815022, 18.463274], [73.815511, 18.464279], [73.815765, 18.464792], [73.816082, 18.465308], [73.816475, 18.465855], [73.816704, 18.466084], [73.816886, 18.466204], [73.816869, 18.466222], [73.812686, 18.470766], [73.809564, 18.474297], [73.807809, 18.47159], [73.805139, 18.469633], [73.799707, 18.466525], [73.797522, 18.464193], [73.793759, 18.461919], [73.79212, 18.461862], [73.791149, 18.461344], [73.789845, 18.462063], [73.789247, 18.462155], [73.788958, 18.462199], [73.786476, 18.462581], [73.784625, 18.462639]]]}}, {"type": "Feature", "properties": {"Pincode": "411069", "Office_Name": "Baner DSO (Pune)", "Division": "Pune City West ", "Region": "Pune ", "Circle": "Maharashtra ", "_distFromHubKm": 15.24}, "geometry": {"type": "Polygon", "coordinates": [[[73.806978, 18.550321], [73.807279, 18.551546], [73.806795, 18.551959], [73.805871, 18.55213], [73.805017, 18.552288], [73.804859, 18.552824], [73.804718, 18.553302], [73.804621, 18.553737], [73.804556, 18.554026], [73.804461, 18.554449], [73.804421, 18.554627], [73.804368, 18.554863], [73.804243, 18.555146], [73.802817, 18.555104], [73.802567, 18.555089], [73.802074, 18.556168], [73.800276, 18.556096], [73.800018, 18.557092], [73.799642, 18.557063], [73.799415, 18.557333], [73.799464, 18.557786], [73.800632, 18.558045], [73.800283, 18.559149], [73.799555, 18.559415], [73.798907, 18.559329], [73.798634, 18.559266], [73.797731, 18.559056], [73.797693, 18.559706], [73.797401, 18.559681], [73.796574, 18.559649], [73.79624, 18.559915], [73.79607, 18.559982], [73.795728, 18.560116], [73.795466, 18.560278], [73.795428, 18.560505], [73.795599, 18.560717], [73.796043, 18.560922], [73.796096, 18.561055], [73.795917, 18.561256], [73.795887, 18.561321], [73.796202, 18.561422], [73.796365, 18.561073], [73.796551, 18.561023], [73.796748, 18.560854], [73.796968, 18.560756], [73.797116, 18.5608], [73.797112, 18.56108], [73.797063, 18.561371], [73.797014, 18.561605], [73.797279, 18.561681], [73.797215, 18.561818], [73.79626, 18.561569], [73.795289, 18.562058], [73.795005, 18.562546], [73.794962, 18.562597], [73.795544, 18.562892], [73.795889, 18.563066], [73.796459, 18.563349], [73.79677, 18.563553], [73.796512, 18.564056], [73.796132, 18.564524], [73.796003, 18.565338], [73.795649, 18.565775], [73.795344, 18.566007], [73.794928, 18.565424], [73.794156, 18.564532], [73.793755, 18.564041], [73.793278, 18.563817], [73.793056, 18.563747], [73.79257, 18.563593], [73.792017, 18.563563], [73.791465, 18.563649], [73.790516, 18.563874], [73.789788, 18.564065], [73.788873, 18.564359], [73.788137, 18.565668], [73.788229, 18.566984], [73.788872, 18.567972], [73.788964, 18.568114], [73.789019, 18.568176], [73.789234, 18.568422], [73.789624, 18.568869], [73.789809, 18.569473], [73.789928, 18.569861], [73.789917, 18.570379], [73.789909, 18.570769], [73.789768, 18.571252], [73.789662, 18.571613], [73.789206, 18.572223], [73.788258, 18.572811], [73.786417, 18.574012], [73.785476, 18.574803], [73.785465, 18.574809], [73.785466, 18.574812], [73.785267, 18.574414], [73.785096, 18.57381], [73.784752, 18.572599], [73.784863, 18.572311], [73.784979, 18.572011], [73.784979, 18.57201], [73.784999, 18.571959], [73.785042, 18.571847], [73.785061, 18.571798], [73.785081, 18.571746], [73.785523, 18.570602], [73.783524, 18.570762], [73.783404, 18.570771], [73.782262, 18.570863], [73.781688, 18.570898], [73.781559, 18.570919], [73.781465, 18.57085], [73.781425, 18.570606], [73.780621, 18.568732], [73.782453, 18.565409], [73.782615, 18.564489], [73.782926, 18.563784], [73.782736, 18.563489], [73.781848, 18.563834], [73.780931, 18.564065], [73.7787, 18.564007], [73.77647, 18.564108], [73.772016, 18.565467], [73.770863, 18.565999], [73.769649, 18.566445], [73.768223, 18.567193], [73.767631, 18.567927], [73.766797, 18.56843], [73.766536, 18.568623], [73.766236, 18.568523], [73.766296, 18.568185], [73.766611, 18.567712], [73.767349, 18.565736], [73.76751, 18.565306], [73.767734, 18.564706], [73.767793, 18.564545], [73.767839, 18.564412], [73.767909, 18.56421], [73.768068, 18.563754], [73.768363, 18.562905], [73.770263, 18.557443], [73.770276, 18.557406], [73.770977, 18.55539], [73.771248, 18.554643], [73.771564, 18.553769], [73.771909, 18.552818], [73.771943, 18.552723], [73.771975, 18.552635], [73.772688, 18.550672], [73.772999, 18.549869], [73.773007, 18.549848], [73.773249, 18.549222], [73.773643, 18.548206], [73.773993, 18.547717], [73.774569, 18.54881], [73.775146, 18.549184], [73.775727, 18.549807], [73.775951, 18.550047], [73.776428, 18.550162], [73.77713, 18.550317], [73.778395, 18.550508], [73.779618, 18.550477], [73.780854, 18.550249], [73.781901, 18.549789], [73.782812, 18.549731], [73.783435, 18.549515], [73.783936, 18.54999], [73.784347, 18.550623], [73.785074, 18.551745], [73.785757, 18.552651], [73.786821, 18.553809], [73.788439, 18.555211], [73.788864, 18.556448], [73.788621, 18.557513], [73.787711, 18.558347], [73.787528, 18.55898], [73.788075, 18.55921], [73.788864, 18.559268], [73.790079, 18.558606], [73.791204, 18.557681], [73.792538, 18.556794], [73.792489, 18.556003], [73.792416, 18.554837], [73.791229, 18.553255], [73.790351, 18.552439], [73.790221, 18.552319], [73.790983, 18.552064], [73.791741, 18.551939], [73.792773, 18.552032], [73.794245, 18.551788], [73.795777, 18.551702], [73.797803, 18.551594], [73.798477, 18.551434], [73.798301, 18.551787], [73.798061, 18.552184], [73.797862, 18.552451], [73.797751, 18.552593], [73.798022, 18.552686], [73.798526, 18.552695], [73.7989, 18.552702], [73.799024, 18.552694], [73.799513, 18.552663], [73.800006, 18.552632], [73.801029, 18.552568], [73.801287, 18.552551], [73.801421, 18.552543], [73.801551, 18.552532], [73.802051, 18.552492], [73.803107, 18.552406], [73.80338, 18.552421], [73.803806, 18.551915], [73.803905, 18.551797], [73.804301, 18.551475], [73.804803, 18.551068], [73.805506, 18.550707], [73.806538, 18.550421], [73.806978, 18.550321]]]}}, {"type": "Feature", "properties": {"Pincode": "411070", "Office_Name": "Moshi SO", "Division": "Pune City East ", "Region": "Pune ", "Circle": "Maharashtra ", "_distFromHubKm": 23.63}, "geometry": {"type": "Polygon", "coordinates": [[[73.837374, 18.688701], [73.837175, 18.688212], [73.836885, 18.687663], [73.83677, 18.68736], [73.83641, 18.686732], [73.835989, 18.686003], [73.835701, 18.685439], [73.835462, 18.684849], [73.835077, 18.683807], [73.83424, 18.681655], [73.833752, 18.680114], [73.833114, 18.6774], [73.832435, 18.675341], [73.831322, 18.672288], [73.830394, 18.669789], [73.830067, 18.668974], [73.82908, 18.667668], [73.828823, 18.666992], [73.828613, 18.666418], [73.828093, 18.665254], [73.827716, 18.663775], [73.830055, 18.66346], [73.829185, 18.662354], [73.828732, 18.661865], [73.82832, 18.661319], [73.827318, 18.660183], [73.826644, 18.659227], [73.828348, 18.65807], [73.833584, 18.653829], [73.839408, 18.649681], [73.84472, 18.647389], [73.845586, 18.647346], [73.846574, 18.647252], [73.849177, 18.647376], [73.850436, 18.647418], [73.850717, 18.647543], [73.850865, 18.647576], [73.85176, 18.647648], [73.852775, 18.647691], [73.8533, 18.647776], [73.853657, 18.64777], [73.854101, 18.647746], [73.854549, 18.647803], [73.855338, 18.647834], [73.856036, 18.64809], [73.856862, 18.648266], [73.857724, 18.64846], [73.858476, 18.648845], [73.859514, 18.649092], [73.860109, 18.649495], [73.861373, 18.651231], [73.862536, 18.653154], [73.863045, 18.653851], [73.863819, 18.654807], [73.864343, 18.655529], [73.864449, 18.655781], [73.864564, 18.656082], [73.864585, 18.656137], [73.864774, 18.656633], [73.864941, 18.657373], [73.864563, 18.658343], [73.864202, 18.659015], [73.863955, 18.659831], [73.863712, 18.660522], [73.863459, 18.66115], [73.863121, 18.66288], [73.862952, 18.663455], [73.862766, 18.664085], [73.862691, 18.664634], [73.863249, 18.665254], [73.863295, 18.665675], [73.863704, 18.665718], [73.863818, 18.666666], [73.864433, 18.667292], [73.86485, 18.668248], [73.865389, 18.668744], [73.865862, 18.669828], [73.86663, 18.66993], [73.867006, 18.670073], [73.867215, 18.670153], [73.867505, 18.670306], [73.867736, 18.670794], [73.867811, 18.671119], [73.867833, 18.671398], [73.868063, 18.671708], [73.868122, 18.672125], [73.867999, 18.672999], [73.867865, 18.673335], [73.867924, 18.674874], [73.867452, 18.674849], [73.866724, 18.676736], [73.866192, 18.677784], [73.865981, 18.678321], [73.865744, 18.67876], [73.866735, 18.679214], [73.866755, 18.682012], [73.866755, 18.682114], [73.866754, 18.682208], [73.866753, 18.682269], [73.866753, 18.682278], [73.866746, 18.68298], [73.866737, 18.683879], [73.866698, 18.684249], [73.865389, 18.68499], [73.864304, 18.683775], [73.863816, 18.682997], [73.863347, 18.682248], [73.862718, 18.681041], [73.862088, 18.680458], [73.861792, 18.680149], [73.860797, 18.680006], [73.860031, 18.680142], [73.859307, 18.680297], [73.858631, 18.680719], [73.858439, 18.680818], [73.858255, 18.680912], [73.856224, 18.682737], [73.85604, 18.683046], [73.855825, 18.683407], [73.85563, 18.683734], [73.855526, 18.683908], [73.854068, 18.686071], [73.85223, 18.68795], [73.850921, 18.688844], [73.849817, 18.689251], [73.847188, 18.689108], [73.845449, 18.688631], [73.844625, 18.688148], [73.844116, 18.687645], [73.843479, 18.687415], [73.841961, 18.68735], [73.840696, 18.687548], [73.839603, 18.687809], [73.837374, 18.688701]]]}}, {"type": "Feature", "properties": {"Pincode": "412101", "Office_Name": "Dehu Road Cantt S.O", "Division": "Pune Moffusil ", "Region": "Pune ", "Circle": "Maharashtra ", "_distFromHubKm": 26.76}, "geometry": {"type": "Polygon", "coordinates": [[[73.706194, 18.649506], [73.706207, 18.649656], [73.706325, 18.650438], [73.706425, 18.65101], [73.706586, 18.651925], [73.706316, 18.651907], [73.706333, 18.652103], [73.706365, 18.652348], [73.706422, 18.652781], [73.706566, 18.653873], [73.70658, 18.65398], [73.706604, 18.654161], [73.706622, 18.654275], [73.706719, 18.654878], [73.708812, 18.654649], [73.708918, 18.654971], [73.70917, 18.65491], [73.709318, 18.65498], [73.70959, 18.654927], [73.709691, 18.654907], [73.709713, 18.654902], [73.710272, 18.654779], [73.710503, 18.655297], [73.710652, 18.655808], [73.711309, 18.656858], [73.711211, 18.657722], [73.711706, 18.659249], [73.711884, 18.659426], [73.711996, 18.659094], [73.711966, 18.659409], [73.712921, 18.658133], [73.712959, 18.658082], [73.71314, 18.65784], [73.713151, 18.657825], [73.713155, 18.657819], [73.713158, 18.657814], [73.713808, 18.656863], [73.717045, 18.654967], [73.718271, 18.654454], [73.720068, 18.653488], [73.72129, 18.651917], [73.721559, 18.651211], [73.721559, 18.65121], [73.722335, 18.649171], [73.72273, 18.648352], [73.723154, 18.647709], [73.723718, 18.647383], [73.723813, 18.647323], [73.727311, 18.646541], [73.729877, 18.645606], [73.731905, 18.643663], [73.733065, 18.642657], [73.73384, 18.642097], [73.734873, 18.641829], [73.734908, 18.641825], [73.735531, 18.642026], [73.736191, 18.642903], [73.736425, 18.643701], [73.737723, 18.645067], [73.738317, 18.645147], [73.739047, 18.644802], [73.739992, 18.643582], [73.741967, 18.641508], [73.742434, 18.641243], [73.743668, 18.640471], [73.745316, 18.640074], [73.745628, 18.639992], [73.746239, 18.640013], [73.747659, 18.639942], [73.749046, 18.640808], [73.750067, 18.641466], [73.75097, 18.641653], [73.751858, 18.641724], [73.752518, 18.641706], [73.753171, 18.641606], [73.75358, 18.641279], [73.753768, 18.641006], [73.753874, 18.640351], [73.753859, 18.639749], [73.754182, 18.639414], [73.754561, 18.639527], [73.754754, 18.639561], [73.755197, 18.639495], [73.755498, 18.639426], [73.755586, 18.639276], [73.755579, 18.639205], [73.755577, 18.639179], [73.75556, 18.639012], [73.755629, 18.638931], [73.75586, 18.638918], [73.755917, 18.63895], [73.756199, 18.638722], [73.756642, 18.63963], [73.757112, 18.640028], [73.757236, 18.640156], [73.757388, 18.64019], [73.757639, 18.640183], [73.757856, 18.640146], [73.757916, 18.640136], [73.757992, 18.640172], [73.758016, 18.640214], [73.758028, 18.640219], [73.758124, 18.640344], [73.758405, 18.640488], [73.758796, 18.640549], [73.759122, 18.640858], [73.75938, 18.64111], [73.759578, 18.641315], [73.759807, 18.641412], [73.759956, 18.641556], [73.760036, 18.641762], [73.760092, 18.64196], [73.760097, 18.641967], [73.760748, 18.642057], [73.760473, 18.643428], [73.760519, 18.643996], [73.760441, 18.64416], [73.760456, 18.644278], [73.760617, 18.644375], [73.760609, 18.644788], [73.760623, 18.644999], [73.7606, 18.645295], [73.760617, 18.645728], [73.760566, 18.646306], [73.760649, 18.646372], [73.760757, 18.646379], [73.760848, 18.646578], [73.760856, 18.646805], [73.760889, 18.647173], [73.761041, 18.647351], [73.761235, 18.647474], [73.761395, 18.647536], [73.761559, 18.647657], [73.761571, 18.647693], [73.762336, 18.648034], [73.762002, 18.648503], [73.76203, 18.648555], [73.762004, 18.648593], [73.761841, 18.648731], [73.761839, 18.648733], [73.761395, 18.649102], [73.76183, 18.649529], [73.762035, 18.649604], [73.762575, 18.650092], [73.762593, 18.650108], [73.761792, 18.650748], [73.76152, 18.651409], [73.760616, 18.651735], [73.759715, 18.652629], [73.759093, 18.653513], [73.758001, 18.655346], [73.75734, 18.656597], [73.755786, 18.659659], [73.755785, 18.65966], [73.756961, 18.66131], [73.759, 18.66375], [73.75902, 18.663776], [73.759013, 18.663806], [73.760619, 18.665396], [73.760675, 18.66725], [73.76031, 18.667826], [73.760455, 18.668217], [73.760815, 18.668176], [73.762012, 18.667922], [73.762307, 18.667853], [73.762308, 18.667853], [73.762956, 18.667701], [73.763465, 18.667597], [73.764532, 18.667394], [73.76552, 18.667246], [73.766131, 18.666962], [73.767778, 18.666347], [73.76788, 18.666413], [73.768204, 18.666997], [73.768667, 18.668521], [73.769213, 18.667968], [73.769218, 18.667963], [73.770189, 18.666697], [73.771244, 18.66591], [73.771406, 18.665984], [73.772271, 18.666205], [73.772464, 18.666377], [73.772866, 18.666962], [73.773583, 18.667375], [73.774344, 18.668054], [73.774788, 18.668505], [73.775554, 18.669096], [73.776083, 18.670149], [73.776672, 18.67121], [73.776837, 18.671474], [73.777343, 18.672436], [73.777401, 18.672546], [73.777399, 18.672572], [73.777797, 18.674012], [73.778072, 18.674973], [73.778279, 18.675988], [73.77859, 18.676948], [73.77873, 18.677674], [73.779606, 18.677379], [73.779675, 18.677612], [73.779931, 18.678965], [73.780065, 18.679664], [73.780279, 18.67973], [73.781304, 18.679667], [73.781915, 18.679528], [73.781917, 18.67953], [73.782243, 18.679898], [73.782407, 18.680195], [73.782875, 18.680155], [73.783025, 18.680253], [73.783321, 18.681776], [73.783268, 18.682167], [73.783578, 18.683915], [73.783896, 18.684634], [73.784262, 18.685247], [73.784428, 18.685525], [73.784967, 18.686265], [73.78556, 18.686552], [73.786003, 18.68655], [73.786693, 18.686557], [73.786758, 18.686616], [73.786788, 18.686713], [73.78687, 18.687171], [73.787029, 18.687882], [73.787202, 18.688063], [73.787572, 18.689268], [73.787752, 18.690186], [73.787435, 18.690994], [73.787376, 18.691324], [73.787376, 18.692223], [73.786952, 18.693743], [73.787554, 18.694185], [73.787935, 18.694487], [73.787934, 18.694683], [73.788185, 18.696391], [73.788255, 18.696912], [73.788339, 18.697478], [73.788428, 18.698092], [73.788464, 18.698381], [73.788325, 18.698433], [73.786454, 18.699342], [73.784383, 18.699608], [73.783533, 18.699783], [73.778745, 18.70078], [73.778909, 18.701372], [73.778799, 18.701407], [73.779631, 18.704545], [73.780239, 18.707716], [73.780429, 18.70874], [73.780623, 18.70944], [73.780708, 18.709771], [73.782248, 18.714707], [73.782179, 18.714673], [73.782179, 18.714672], [73.778885, 18.71303], [73.775521, 18.711352], [73.770181, 18.703534], [73.756889, 18.697095], [73.754225, 18.694139], [73.749154, 18.69525], [73.742372, 18.696735], [73.741241, 18.696983], [73.740379, 18.697172], [73.731967, 18.699014], [73.724527, 18.700643], [73.716116, 18.713813], [73.702898, 18.713488], [73.703585, 18.69479], [73.691654, 18.672349], [73.689647, 18.667974], [73.689416, 18.66747], [73.685753, 18.659582], [73.680239, 18.647465], [73.683895, 18.647789], [73.687403, 18.6481], [73.690386, 18.648365], [73.691052, 18.648424], [73.691384, 18.648453], [73.691392, 18.648454], [73.691507, 18.648464], [73.691812, 18.648486], [73.691942, 18.648495], [73.69532, 18.648735], [73.695989, 18.648563], [73.696594, 18.648825], [73.700449, 18.649098], [73.706194, 18.649506]]]}}, {"type": "Feature", "properties": {"Pincode": "412102", "Office_Name": "Nira R S S.O", "Division": "Baramati ", "Region": "Pune ", "Circle": "Maharashtra ", "_distFromHubKm": 47.04}, "geometry": {"type": "Polygon", "coordinates": [[[74.096731, 18.160929], [74.095134, 18.158065], [74.093363, 18.156251], [74.093356, 18.156242], [74.093351, 18.156237], [74.093327, 18.156205], [74.093275, 18.156161], [74.090814, 18.154083], [74.090088, 18.148856], [74.088766, 18.147793], [74.088804, 18.142636], [74.092027, 18.138538], [74.093939, 18.132218], [74.097362, 18.12082], [74.098377, 18.117439], [74.121177, 18.132307], [74.138416, 18.117533], [74.149525, 18.121053], [74.166764, 18.107202], [74.178427, 18.110924], [74.184307, 18.1128], [74.191321, 18.106994], [74.193992, 18.104975], [74.197878, 18.103244], [74.200489, 18.103244], [74.203404, 18.102437], [74.20729, 18.097303], [74.20984, 18.096206], [74.212451, 18.096322], [74.21398, 18.096216], [74.216354, 18.095774], [74.219146, 18.096322], [74.224282, 18.09793], [74.233725, 18.100706], [74.245829, 18.093196], [74.257701, 18.081726], [74.263585, 18.080602], [74.266556, 18.080034], [74.266721, 18.080002], [74.267638, 18.079827], [74.268028, 18.079752], [74.26886, 18.079593], [74.268862, 18.079593], [74.269452, 18.07948], [74.26949, 18.079597], [74.256864, 18.086755], [74.246423, 18.10742], [74.212551, 18.122195], [74.211944, 18.1402], [74.219471, 18.152664], [74.224545, 18.158271], [74.218898, 18.157982], [74.218736, 18.157968], [74.21778, 18.157925], [74.213183, 18.166046], [74.211531, 18.166148], [74.20857, 18.166393], [74.205866, 18.168821], [74.20563, 18.17031], [74.20475, 18.171126], [74.199278, 18.172615], [74.196939, 18.175144], [74.196188, 18.176001], [74.196897, 18.176776], [74.196188, 18.177633], [74.195845, 18.178245], [74.195759, 18.179102], [74.194021, 18.178959], [74.193528, 18.178388], [74.186854, 18.176552], [74.184645, 18.174791], [74.183722, 18.172982], [74.18149, 18.173513], [74.179258, 18.17235], [74.178486, 18.170942], [74.178507, 18.169066], [74.177649, 18.167046], [74.176726, 18.167168], [74.175053, 18.166638], [74.171362, 18.16727], [74.169302, 18.166414], [74.165375, 18.167046], [74.162071, 18.166618], [74.15926, 18.16725], [74.159067, 18.167515], [74.154947, 18.166944], [74.149024, 18.167168], [74.139669, 18.168188], [74.126623, 18.168698], [74.109242, 18.166761], [74.102198, 18.167046], [74.101684, 18.167113], [74.099906, 18.164893], [74.096731, 18.160929]]]}}, {"type": "Feature", "properties": {"Pincode": "412104", "Office_Name": "Rajewadi S.O", "Division": "Baramati ", "Region": "Pune ", "Circle": "Maharashtra ", "_distFromHubKm": 25.32}, "geometry": {"type": "Polygon", "coordinates": [[[74.014611, 18.421127], [74.091454, 18.392032], [74.101775, 18.386511], [74.122048, 18.375666], [74.13875, 18.3746], [74.144122, 18.374258], [74.146642, 18.374097], [74.150416, 18.373856], [74.15046, 18.373853], [74.15107, 18.373814], [74.151769, 18.373769], [74.208778, 18.370131], [74.279891, 18.351936], [74.296717, 18.353566], [74.292597, 18.3847], [74.257782, 18.412021], [74.224817, 18.427013], [74.241783, 18.450101], [74.203892, 18.447044], [74.186382, 18.432713], [74.160461, 18.445416], [74.125099, 18.444113], [74.088707, 18.476678], [74.09008, 18.487424], [74.093745, 18.495616], [74.093746, 18.495619], [74.093744, 18.495634], [74.093379, 18.495251], [74.093031, 18.494887], [74.092223, 18.49404], [74.090964, 18.49272], [74.087932, 18.489542], [74.085031, 18.4865], [74.082184, 18.483516], [74.090252, 18.461862], [74.097462, 18.435482], [74.081841, 18.427828], [74.058638, 18.4314], [74.058644, 18.431353], [74.05865, 18.431331], [74.058654, 18.431317], [74.060255, 18.425677], [74.055139, 18.425167], [74.014611, 18.421127]]]}}, {"type": "Feature", "properties": {"Pincode": "412105", "Office_Name": "Alandi Devachi S.O", "Division": "Pune Moffusil ", "Region": "Pune ", "Circle": "Maharashtra ", "_distFromHubKm": 21.17}, "geometry": {"type": "Polygon", "coordinates": [[[73.847188, 18.689108], [73.849817, 18.689251], [73.850921, 18.688844], [73.85223, 18.68795], [73.854068, 18.686071], [73.855526, 18.683908], [73.85563, 18.683734], [73.855825, 18.683407], [73.85604, 18.683046], [73.856224, 18.682737], [73.858255, 18.680912], [73.858439, 18.680818], [73.858631, 18.680719], [73.859307, 18.680297], [73.860031, 18.680142], [73.860797, 18.680006], [73.861792, 18.680149], [73.862088, 18.680458], [73.862718, 18.681041], [73.863347, 18.682248], [73.863816, 18.682997], [73.864304, 18.683775], [73.865389, 18.68499], [73.866698, 18.684249], [73.866737, 18.683879], [73.866746, 18.68298], [73.866753, 18.682278], [73.866753, 18.682269], [73.866754, 18.682208], [73.866755, 18.682114], [73.866755, 18.682012], [73.866735, 18.679214], [73.865744, 18.67876], [73.865981, 18.678321], [73.866192, 18.677784], [73.866724, 18.676736], [73.867452, 18.674849], [73.867924, 18.674874], [73.867865, 18.673335], [73.867999, 18.672999], [73.868122, 18.672125], [73.868063, 18.671708], [73.867833, 18.671398], [73.867811, 18.671119], [73.867736, 18.670794], [73.867505, 18.670306], [73.867215, 18.670153], [73.867006, 18.670073], [73.86663, 18.66993], [73.865862, 18.669828], [73.865389, 18.668744], [73.86485, 18.668248], [73.864433, 18.667292], [73.863818, 18.666666], [73.863704, 18.665718], [73.863295, 18.665675], [73.863249, 18.665254], [73.862691, 18.664634], [73.862766, 18.664085], [73.862952, 18.663455], [73.863121, 18.66288], [73.863459, 18.66115], [73.863712, 18.660522], [73.863955, 18.659831], [73.864202, 18.659015], [73.864563, 18.658343], [73.864941, 18.657373], [73.864774, 18.656633], [73.864585, 18.656137], [73.864564, 18.656082], [73.864449, 18.655781], [73.864343, 18.655529], [73.863819, 18.654807], [73.863045, 18.653851], [73.862536, 18.653154], [73.861373, 18.651231], [73.860109, 18.649495], [73.859514, 18.649092], [73.858476, 18.648845], [73.857724, 18.64846], [73.856862, 18.648266], [73.856036, 18.64809], [73.855338, 18.647834], [73.855121, 18.647302], [73.855066, 18.647183], [73.854933, 18.646898], [73.855526, 18.646675], [73.856081, 18.646431], [73.856572, 18.646225], [73.856861, 18.646032], [73.855423, 18.643734], [73.856502, 18.643166], [73.856271, 18.642779], [73.855928, 18.642263], [73.855925, 18.642259], [73.855895, 18.642214], [73.85586, 18.642165], [73.855228, 18.641297], [73.855949, 18.641292], [73.856341, 18.641177], [73.856424, 18.641081], [73.856201, 18.640364], [73.856352, 18.64008], [73.856754, 18.639884], [73.856771, 18.639467], [73.856469, 18.638849], [73.855803, 18.636094], [73.856957, 18.635652], [73.856876, 18.635125], [73.857787, 18.63468], [73.85702, 18.633314], [73.857898, 18.632609], [73.857829, 18.632509], [73.857469, 18.632207], [73.859728, 18.631679], [73.859729, 18.631679], [73.860782, 18.631433], [73.860884, 18.63122], [73.860798, 18.630508], [73.863812, 18.630137], [73.864258, 18.630762], [73.864558, 18.631082], [73.865175, 18.631159], [73.865696, 18.631209], [73.866066, 18.631171], [73.866313, 18.631232], [73.866515, 18.631169], [73.867038, 18.63062], [73.867027, 18.630439], [73.867281, 18.630462], [73.867536, 18.630516], [73.867724, 18.630371], [73.868131, 18.630201], [73.869209, 18.629852], [73.869978, 18.630142], [73.870955, 18.63065], [73.875257, 18.633934], [73.879366, 18.628759], [73.883057, 18.628353], [73.889401, 18.624712], [73.891701, 18.623392], [73.895245, 18.621358], [73.906846, 18.617437], [73.909401, 18.617868], [73.909954, 18.617959], [73.910195, 18.618038], [73.910683, 18.618297], [73.917422, 18.619978], [73.917424, 18.619978], [73.918023, 18.620128], [73.922425, 18.620877], [73.923654, 18.621035], [73.925126, 18.621193], [73.925657, 18.621351], [73.926431, 18.621121], [73.926643, 18.621251], [73.92681, 18.622243], [73.929556, 18.621136], [73.932242, 18.6245], [73.933152, 18.627232], [73.93253, 18.628066], [73.932181, 18.629115], [73.932098, 18.629735], [73.932029, 18.630654], [73.932378, 18.631258], [73.932591, 18.632235], [73.933632, 18.633761], [73.942966, 18.63427], [73.956867, 18.638562], [73.961568, 18.636765], [73.966955, 18.634705], [73.968673, 18.63246], [73.966943, 18.630365], [73.963652, 18.62638], [73.9623, 18.623188], [73.963094, 18.620707], [73.964338, 18.618958], [73.970098, 18.618317], [73.972404, 18.621538], [73.978231, 18.624241], [73.981478, 18.628655], [73.983515, 18.634598], [73.983447, 18.634819], [73.983421, 18.634903], [73.988972, 18.652751], [73.986716, 18.663919], [73.986711, 18.663943], [73.98365, 18.679097], [73.92271, 18.702838], [73.848038, 18.708854], [73.847188, 18.689108]]]}}, {"type": "Feature", "properties": {"Pincode": "412106", "Office_Name": "Vadgaon S.O (Pune)", "Division": "Pune Moffusil ", "Region": "Pune ", "Circle": "Maharashtra ", "_distFromHubKm": 53.88}, "geometry": {"type": "Polygon", "coordinates": [[[73.536987, 18.860483], [73.569647, 18.805818], [73.587456, 18.800368], [73.599815, 18.791918], [73.602562, 18.785417], [73.598785, 18.779892], [73.592777, 18.767092], [73.58736, 18.758117], [73.578529, 18.743483], [73.569775, 18.732672], [73.625882, 18.735853], [73.638857, 18.734796], [73.640131, 18.734692], [73.639196, 18.734768], [73.648305, 18.734026], [73.650296, 18.733864], [73.649872, 18.736194], [73.649008, 18.74094], [73.648177, 18.745505], [73.64637, 18.755436], [73.64595, 18.757742], [73.64552, 18.760103], [73.642328, 18.770428], [73.641699, 18.772463], [73.637795, 18.785092], [73.637023, 18.789109], [73.633989, 18.80669], [73.635178, 18.847487], [73.629341, 18.882899], [73.603332, 18.897749], [73.589516, 18.905637], [73.585436, 18.908233], [73.583432, 18.910236], [73.578389, 18.915277], [73.567886, 18.925773], [73.558655, 18.930731], [73.550001, 18.935379], [73.527374, 18.947531], [73.509021, 18.959541], [73.496116, 18.967985], [73.477983, 18.97985], [73.46386, 18.98909], [73.442917, 18.994933], [73.426094, 18.991038], [73.425407, 18.957922], [73.42743, 18.94391], [73.43502, 18.891345], [73.449824, 18.886864], [73.451414, 18.886383], [73.451553, 18.886341], [73.536987, 18.860483]]]}}, {"type": "Feature", "properties": {"Pincode": "412107", "Office_Name": "Panshet S.O", "Division": "Pune Moffusil ", "Region": "Pune ", "Circle": "Maharashtra ", "_distFromHubKm": 35.39}, "geometry": {"type": "Polygon", "coordinates": [[[73.522396, 18.275161], [73.527682, 18.280115], [73.527686, 18.280119], [73.527689, 18.280121], [73.549004, 18.300099], [73.617668, 18.334973], [73.643746, 18.337472], [73.672074, 18.358406], [73.672077, 18.358408], [73.67208, 18.35841], [73.677406, 18.362346], [73.667739, 18.380184], [73.663389, 18.388211], [73.664691, 18.390076], [73.663606, 18.38908], [73.657962, 18.398352], [73.652687, 18.407958], [73.563766, 18.407958], [73.5569, 18.399162], [73.579903, 18.394113], [73.553342, 18.38131], [73.547459, 18.378474], [73.513722, 18.38256], [73.481541, 18.386457], [73.446693, 18.377497], [73.449783, 18.3177], [73.496132, 18.303033], [73.493729, 18.279562], [73.527043, 18.279517], [73.524599, 18.277226], [73.522396, 18.275161]]]}}, {"type": "Feature", "properties": {"Pincode": "412108", "Office_Name": "Paud S.O", "Division": "Pune Moffusil ", "Region": "Pune ", "Circle": "Maharashtra ", "_distFromHubKm": 38.09}, "geometry": {"type": "Polygon", "coordinates": [[[73.479824, 18.446718], [73.517761, 18.44053], [73.535614, 18.466584], [73.663845, 18.472445], [73.649254, 18.485145], [73.635349, 18.494587], [73.642625, 18.503933], [73.651044, 18.514748], [73.654232, 18.518842], [73.65055, 18.523343], [73.644829, 18.530336], [73.64408, 18.531252], [73.643823, 18.531566], [73.642889, 18.532708], [73.639984, 18.536258], [73.639994, 18.537663], [73.640156, 18.560506], [73.611488, 18.586054], [73.556042, 18.60997], [73.560333, 18.618104], [73.562652, 18.628612], [73.556789, 18.630108], [73.558731, 18.64552], [73.563852, 18.65332], [73.565483, 18.666331], [73.557396, 18.659896], [73.548821, 18.647883], [73.545223, 18.642842], [73.523598, 18.631606], [73.506775, 18.621846], [73.486144, 18.590995], [73.45155, 18.598819], [73.425803, 18.629339], [73.432102, 18.601836], [73.417253, 18.574257], [73.336658, 18.576209], [73.305588, 18.559693], [73.293571, 18.478307], [73.396568, 18.458768], [73.398972, 18.436948], [73.479824, 18.446718]]]}}, {"type": "Feature", "properties": {"Pincode": "412109", "Office_Name": "Dehu S.O", "Division": "Pune Moffusil ", "Region": "Pune ", "Circle": "Maharashtra ", "_distFromHubKm": 31.43}, "geometry": {"type": "Polygon", "coordinates": [[[73.760955, 18.734573], [73.75577, 18.731941], [73.746267, 18.731474], [73.733454, 18.72877], [73.726778, 18.723011], [73.721347, 18.718326], [73.702898, 18.713488], [73.716116, 18.713813], [73.724527, 18.700643], [73.731967, 18.699014], [73.740379, 18.697172], [73.741241, 18.696983], [73.742372, 18.696735], [73.749154, 18.69525], [73.754225, 18.694139], [73.756889, 18.697095], [73.770181, 18.703534], [73.775521, 18.711352], [73.778885, 18.71303], [73.782179, 18.714672], [73.782179, 18.714673], [73.782212, 18.714771], [73.787148, 18.716823], [73.787342, 18.716704], [73.787576, 18.71652], [73.787701, 18.716197], [73.787734, 18.716212], [73.787776, 18.716231], [73.788138, 18.716746], [73.788537, 18.717312], [73.78948, 18.718652], [73.784807, 18.729918], [73.775279, 18.73762], [73.771455, 18.739689], [73.767935, 18.738999], [73.760955, 18.734573]]]}}, {"type": "Feature", "properties": {"Pincode": "412110", "Office_Name": "Theur S.O", "Division": "Pune Moffusil ", "Region": "Pune ", "Circle": "Maharashtra ", "_distFromHubKm": 18.11}, "geometry": {"type": "Polygon", "coordinates": [[[74.002576, 18.550295], [74.002961, 18.548423], [74.003303, 18.547609], [74.003947, 18.541791], [74.00472, 18.539635], [74.006823, 18.539187], [74.007166, 18.538373], [74.007252, 18.537519], [74.007381, 18.53638], [74.007467, 18.535688], [74.007638, 18.534467], [74.007853, 18.533694], [74.007681, 18.533084], [74.008068, 18.531985], [74.008197, 18.531375], [74.008455, 18.529747], [74.008148, 18.526655], [74.01081, 18.527774], [74.011454, 18.531192], [74.013815, 18.531049], [74.014438, 18.531415], [74.023021, 18.534727], [74.040864, 18.521261], [74.091238, 18.506413], [74.095244, 18.510672], [74.095698, 18.510368], [74.094979, 18.51345], [74.094794, 18.514242], [74.093342, 18.520469], [74.094318, 18.525592], [74.091694, 18.528282], [74.086565, 18.534324], [74.082135, 18.538295], [74.078615, 18.53887], [74.074852, 18.538352], [74.072363, 18.537202], [74.070816, 18.536079], [74.068995, 18.531965], [74.065505, 18.530095], [74.060668, 18.528305], [74.060923, 18.530498], [74.060711, 18.532397], [74.059284, 18.535159], [74.056189, 18.538928], [74.054186, 18.540798], [74.052578, 18.542668], [74.051274, 18.5441], [74.049804, 18.547518], [74.047959, 18.549257], [74.04577, 18.550335], [74.044719, 18.551291], [74.043156, 18.551515], [74.039909, 18.551241], [74.038163, 18.550152], [74.037445, 18.550874], [74.037026, 18.551953], [74.0361, 18.550666], [74.027966, 18.549974], [74.021868, 18.548983], [74.019615, 18.549069], [74.0175, 18.549155], [74.01633, 18.549026], [74.0135, 18.549048], [74.007726, 18.549481], [74.002576, 18.550295]]]}}, {"type": "Feature", "properties": {"Pincode": "412112", "Office_Name": "Dasve Lavasa S.O", "Division": "Pune Moffusil ", "Region": "Pune ", "Circle": "Maharashtra ", "_distFromHubKm": 40.87}, "geometry": {"type": "Polygon", "coordinates": [[[73.446693, 18.377497], [73.481541, 18.386457], [73.513722, 18.38256], [73.547459, 18.378474], [73.553342, 18.38131], [73.579903, 18.394113], [73.5569, 18.399162], [73.553124, 18.403153], [73.549347, 18.407143], [73.538848, 18.405065], [73.479824, 18.446718], [73.466091, 18.429293], [73.454039, 18.415405], [73.430901, 18.388737], [73.446693, 18.377497]]]}}, {"type": "Feature", "properties": {"Pincode": "412115", "Office_Name": "Pirangut S.O", "Division": "Pune Moffusil ", "Region": "Pune ", "Circle": "Maharashtra ", "_distFromHubKm": 21.29}, "geometry": {"type": "Polygon", "coordinates": [[[73.562652, 18.628612], [73.560333, 18.618104], [73.556042, 18.60997], [73.611488, 18.586054], [73.640156, 18.560506], [73.639994, 18.537663], [73.639984, 18.536258], [73.642889, 18.532708], [73.643823, 18.531566], [73.64408, 18.531252], [73.644829, 18.530336], [73.65055, 18.523343], [73.654232, 18.518842], [73.651044, 18.514748], [73.642625, 18.503933], [73.635349, 18.494587], [73.649254, 18.485145], [73.663845, 18.472445], [73.535614, 18.466584], [73.517761, 18.44053], [73.479824, 18.446718], [73.538848, 18.405065], [73.549347, 18.407143], [73.553124, 18.403153], [73.5569, 18.399162], [73.563766, 18.407958], [73.652687, 18.407958], [73.657962, 18.398352], [73.663606, 18.38908], [73.664691, 18.390076], [73.667622, 18.394275], [73.670958, 18.394345], [73.677275, 18.394476], [73.689582, 18.39219], [73.690796, 18.394927], [73.699379, 18.430108], [73.711052, 18.463816], [73.772764, 18.498189], [73.771777, 18.498616], [73.771678, 18.498836], [73.771499, 18.498941], [73.771083, 18.499188], [73.770714, 18.499408], [73.77016, 18.499737], [73.769808, 18.499947], [73.769307, 18.500245], [73.769144, 18.500342], [73.769103, 18.500366], [73.768879, 18.5005], [73.767162, 18.501521], [73.763677, 18.503594], [73.76055, 18.505453], [73.759348, 18.506186], [73.759069, 18.506613], [73.758597, 18.50704], [73.758425, 18.507305], [73.759606, 18.507549], [73.759688, 18.508186], [73.759542, 18.508645], [73.759317, 18.509358], [73.759002, 18.510358], [73.758812, 18.510958], [73.758419, 18.512203], [73.758002, 18.513524], [73.757974, 18.513612], [73.756597, 18.517975], [73.756516, 18.518232], [73.756025, 18.519787], [73.755758, 18.520635], [73.75565, 18.520977], [73.755171, 18.522493], [73.754965, 18.523146], [73.75459, 18.524334], [73.754153, 18.525719], [73.748386, 18.522844], [73.747521, 18.523894], [73.746671, 18.524412], [73.745859, 18.527074], [73.744842, 18.530354], [73.760752, 18.529663], [73.76492, 18.539906], [73.755103, 18.54192], [73.750637, 18.540262], [73.746784, 18.538755], [73.74223, 18.542265], [73.742595, 18.547559], [73.741096, 18.550031], [73.740342, 18.551275], [73.737773, 18.555513], [73.737671, 18.555681], [73.737628, 18.555752], [73.737619, 18.555767], [73.737602, 18.555795], [73.737578, 18.555835], [73.73719, 18.55642], [73.736177, 18.557398], [73.735023, 18.560303], [73.734598, 18.560764], [73.734288, 18.561646], [73.733456, 18.561387], [73.732495, 18.561088], [73.731457, 18.560764], [73.730672, 18.560548], [73.730321, 18.561339], [73.727831, 18.564546], [73.727272, 18.564961], [73.725608, 18.565137], [73.723807, 18.565571], [73.721968, 18.565863], [73.717188, 18.564961], [73.712809, 18.566283], [73.709852, 18.565661], [73.709983, 18.567704], [73.709024, 18.568027], [73.708669, 18.568401], [73.708426, 18.569012], [73.708468, 18.569926], [73.708345, 18.570332], [73.708138, 18.570212], [73.707913, 18.569891], [73.707546, 18.569448], [73.707064, 18.569311], [73.706886, 18.569426], [73.706632, 18.569289], [73.706207, 18.568959], [73.705889, 18.568818], [73.705654, 18.568791], [73.704131, 18.568429], [73.703396, 18.568034], [73.702614, 18.567819], [73.702403, 18.568049], [73.70207, 18.56847], [73.700992, 18.569987], [73.699928, 18.570832], [73.698456, 18.571292], [73.695484, 18.571247], [73.694299, 18.570743], [73.692647, 18.569501], [73.691183, 18.569113], [73.689831, 18.569537], [73.688807, 18.570062], [73.686944, 18.572693], [73.686643, 18.573034], [73.68651, 18.573397], [73.686405, 18.573802], [73.685654, 18.573835], [73.68487, 18.573802], [73.683628, 18.573565], [73.682533, 18.573118], [73.681266, 18.572719], [73.680695, 18.572774], [73.680065, 18.572723], [73.679658, 18.572716], [73.679535, 18.573091], [73.671014, 18.574598], [73.661442, 18.576291], [73.661099, 18.581823], [73.659554, 18.606716], [73.64222, 18.610096], [73.612516, 18.615887], [73.570387, 18.626638], [73.562652, 18.628612]]]}}, {"type": "Feature", "properties": {"Pincode": "412201", "Office_Name": "Loni Kalbhor S.O", "Division": "Pune Moffusil ", "Region": "Pune ", "Circle": "Maharashtra ", "_distFromHubKm": 14.3}, "geometry": {"type": "Polygon", "coordinates": [[[74.093745, 18.495616], [74.09729, 18.50354], [74.095698, 18.510368], [74.095244, 18.510672], [74.091238, 18.506413], [74.040864, 18.521261], [74.023021, 18.534727], [74.014438, 18.531415], [74.013815, 18.531049], [74.011454, 18.531192], [74.01081, 18.527774], [74.008148, 18.526655], [74.008126, 18.527326], [74.008212, 18.528282], [74.007568, 18.529401], [74.006344, 18.530988], [74.004777, 18.530642], [74.003685, 18.529503], [74.002847, 18.529055], [74.002182, 18.529055], [74.001066, 18.5305], [73.998997, 18.519289], [73.997451, 18.514528], [73.998782, 18.506755], [74.000744, 18.503907], [74.00631, 18.500936], [74.004913, 18.495594], [74.004162, 18.492719], [74.003853, 18.491539], [74.007791, 18.491056], [74.006975, 18.488299], [74.005785, 18.485857], [74.00494, 18.482108], [74.004669, 18.480906], [74.004509, 18.480333], [74.004444, 18.4801], [74.00429, 18.479548], [74.003998, 18.478372], [74.003657, 18.477206], [74.003247, 18.476034], [74.003042, 18.475462], [74.00291, 18.474893], [74.002561, 18.473691], [74.002504, 18.473328], [74.002394, 18.472965], [74.002318, 18.47276], [74.002317, 18.472677], [74.001732, 18.471236], [74.000666, 18.468606], [74.000484, 18.46837], [74.000503, 18.468204], [74.000261, 18.467608], [74.000216, 18.467556], [73.999864, 18.466777], [74.000368, 18.465927], [74.004996, 18.456472], [74.004442, 18.454845], [74.003084, 18.452737], [74.001446, 18.451701], [73.994393, 18.455351], [73.99086, 18.441833], [73.990861, 18.441833], [73.990858, 18.441823], [73.995575, 18.441107], [73.995716, 18.441085], [73.995776, 18.441076], [73.995783, 18.441075], [73.995836, 18.441067], [73.995867, 18.441062], [73.995875, 18.441061], [73.995904, 18.441056], [74.000967, 18.440225], [74.005859, 18.439524], [74.006541, 18.439419], [74.007826, 18.439221], [74.01012, 18.438868], [74.012525, 18.438498], [74.012711, 18.438469], [74.012714, 18.438469], [74.058448, 18.431429], [74.058636, 18.43138], [74.058644, 18.431353], [74.058638, 18.4314], [74.081841, 18.427828], [74.097462, 18.435482], [74.090252, 18.461862], [74.082184, 18.483516], [74.085031, 18.4865], [74.087932, 18.489542], [74.090964, 18.49272], [74.092223, 18.49404], [74.093031, 18.494887], [74.093379, 18.495251], [74.093744, 18.495634], [74.093746, 18.495619], [74.093745, 18.495616]]]}}, {"type": "Feature", "properties": {"Pincode": "412202", "Office_Name": "Urulikanchan S.O", "Division": "Pune Moffusil ", "Region": "Pune ", "Circle": "Maharashtra ", "_distFromHubKm": 28.03}, "geometry": {"type": "Polygon", "coordinates": [[[74.203892, 18.447044], [74.191017, 18.482377], [74.202518, 18.519005], [74.21505, 18.544567], [74.215035, 18.544558], [74.215137, 18.544771], [74.215139, 18.544773], [74.215136, 18.544771], [74.207584, 18.540194], [74.203457, 18.534439], [74.193261, 18.529663], [74.181972, 18.530066], [74.168317, 18.538985], [74.164189, 18.537432], [74.161276, 18.533576], [74.143797, 18.529088], [74.135786, 18.538295], [74.129348, 18.545087], [74.127545, 18.545005], [74.1257, 18.54293], [74.123125, 18.533328], [74.120593, 18.528649], [74.117336, 18.526498], [74.111813, 18.524225], [74.105895, 18.52411], [74.101002, 18.524376], [74.096711, 18.524661], [74.094318, 18.525592], [74.093342, 18.520469], [74.094794, 18.514242], [74.094979, 18.51345], [74.095698, 18.510368], [74.09729, 18.50354], [74.093745, 18.495616], [74.09008, 18.487424], [74.088707, 18.476678], [74.125099, 18.444113], [74.160461, 18.445416], [74.186382, 18.432713], [74.203892, 18.447044]]]}}, {"type": "Feature", "properties": {"Pincode": "412203", "Office_Name": "Kedgaon S.O (Pune)", "Division": "Baramati ", "Region": "Pune ", "Circle": "Maharashtra ", "_distFromHubKm": 51.21}, "geometry": {"type": "Polygon", "coordinates": [[[74.305515, 18.460711], [74.306265, 18.452059], [74.302177, 18.443645], [74.294555, 18.427955], [74.281931, 18.401681], [74.311637, 18.356302], [74.338512, 18.358456], [74.344482, 18.358925], [74.350405, 18.358762], [74.361534, 18.358723], [74.373454, 18.360808], [74.379845, 18.376674], [74.392389, 18.374796], [74.402828, 18.373874], [74.408484, 18.369394], [74.408598, 18.369568], [74.4086, 18.369571], [74.408697, 18.369718], [74.408847, 18.369948], [74.409723, 18.371287], [74.410913, 18.373103], [74.414755, 18.378971], [74.40969, 18.386551], [74.404092, 18.405229], [74.400616, 18.415612], [74.396031, 18.430302], [74.402161, 18.442132], [74.392875, 18.499295], [74.420872, 18.499465], [74.428253, 18.519179], [74.439583, 18.520313], [74.444539, 18.521664], [74.449142, 18.522819], [74.451073, 18.523328], [74.453009, 18.523772], [74.453308, 18.52384], [74.454365, 18.524022], [74.454006, 18.525189], [74.453823, 18.526148], [74.448468, 18.528159], [74.42759, 18.555565], [74.351006, 18.559556], [74.343538, 18.542784], [74.32826, 18.531954], [74.322131, 18.526927], [74.31786, 18.521032], [74.313005, 18.515504], [74.314442, 18.502151], [74.322338, 18.487254], [74.319499, 18.486614], [74.314522, 18.485408], [74.310107, 18.483303], [74.309606, 18.478268], [74.310228, 18.472485], [74.310638, 18.466754], [74.31131, 18.462442], [74.305515, 18.460711]]]}}, {"type": "Feature", "properties": {"Pincode": "412204", "Office_Name": "Supa S.O (Pune)", "Division": "Baramati ", "Region": "Pune ", "Circle": "Maharashtra ", "_distFromHubKm": 51.72}, "geometry": {"type": "Polygon", "coordinates": [[[74.279891, 18.351936], [74.279376, 18.341828], [74.275833, 18.287597], [74.293928, 18.282795], [74.317489, 18.282909], [74.325299, 18.276426], [74.330054, 18.271685], [74.334609, 18.267143], [74.340028, 18.261738], [74.351586, 18.258791], [74.3536, 18.258727], [74.357813, 18.257203], [74.358044, 18.254211], [74.365253, 18.249644], [74.364622, 18.245091], [74.515229, 18.242819], [74.525262, 18.252655], [74.515083, 18.278189], [74.48781, 18.339278], [74.468237, 18.336751], [74.462093, 18.329416], [74.447548, 18.312049], [74.439049, 18.312375], [74.402565, 18.330311], [74.392607, 18.345147], [74.394136, 18.347583], [74.394366, 18.34795], [74.39943, 18.356018], [74.399876, 18.356677], [74.400193, 18.357146], [74.401467, 18.359028], [74.404188, 18.363047], [74.405451, 18.364913], [74.405484, 18.364962], [74.406526, 18.3665], [74.40671, 18.366773], [74.406923, 18.367087], [74.40772, 18.368265], [74.40777, 18.368339], [74.407779, 18.368352], [74.408013, 18.368698], [74.408096, 18.368821], [74.408141, 18.368887], [74.408484, 18.369394], [74.402828, 18.373874], [74.392389, 18.374796], [74.379845, 18.376674], [74.373454, 18.360808], [74.361534, 18.358723], [74.350405, 18.358762], [74.344482, 18.358925], [74.338512, 18.358456], [74.311637, 18.356302], [74.281931, 18.401681], [74.294555, 18.427955], [74.302177, 18.443645], [74.306265, 18.452059], [74.305515, 18.460711], [74.284143, 18.45933], [74.268394, 18.460471], [74.25539, 18.459742], [74.241783, 18.450101], [74.224817, 18.427013], [74.257782, 18.412021], [74.292597, 18.3847], [74.296717, 18.353566], [74.279891, 18.351936]]]}}, {"type": "Feature", "properties": {"Pincode": "412205", "Office_Name": "Khed Shivapur Baug S.O", "Division": "Pune Moffusil ", "Region": "Pune ", "Circle": "Maharashtra ", "_distFromHubKm": 27.03}, "geometry": {"type": "Polygon", "coordinates": [[[73.694498, 18.322376], [73.753175, 18.328809], [73.777524, 18.331478], [73.808841, 18.31817], [73.821222, 18.299674], [73.841918, 18.29685], [73.859397, 18.291952], [73.866399, 18.287891], [73.876087, 18.282271], [73.894719, 18.280542], [73.899453, 18.315001], [73.918036, 18.283164], [73.921181, 18.277776], [73.911589, 18.267975], [73.894052, 18.250054], [73.898118, 18.243887], [73.898753, 18.231002], [73.898823, 18.229587], [73.899123, 18.223498], [73.899157, 18.222802], [73.899817, 18.209414], [73.875237, 18.195577], [73.884766, 18.186871], [73.881792, 18.179951], [73.880032, 18.172455], [73.880698, 18.171879], [73.88249, 18.17208], [73.883552, 18.17296], [73.884478, 18.173493], [73.88559, 18.173509], [73.886142, 18.173763], [73.887836, 18.176403], [73.888263, 18.176951], [73.888929, 18.177483], [73.888937, 18.177495], [73.889043, 18.177631], [73.888963, 18.177842], [73.889973, 18.178829], [73.890319, 18.179807], [73.891563, 18.180701], [73.892534, 18.181393], [73.893201, 18.181609], [73.89393, 18.181912], [73.895114, 18.181191], [73.895663, 18.180798], [73.895797, 18.180527], [73.895921, 18.180278], [73.896207, 18.179461], [73.896115, 18.178971], [73.895974, 18.178372], [73.896296, 18.177322], [73.89635, 18.176282], [73.896285, 18.175334], [73.89679, 18.174427], [73.897693, 18.172419], [73.898163, 18.171766], [73.89842, 18.170849], [73.898892, 18.170135], [73.899601, 18.167464], [73.899901, 18.162331], [73.900061, 18.159596], [73.901547, 18.159077], [73.902427, 18.158327], [73.90528, 18.158039], [73.907586, 18.15948], [73.908011, 18.161614], [73.908377, 18.162918], [73.908913, 18.163468], [73.911982, 18.16406], [73.913033, 18.164855], [73.913548, 18.16565], [73.914192, 18.166465], [73.915007, 18.167016], [73.919603, 18.168592], [73.921242, 18.170466], [73.922122, 18.171042], [73.923002, 18.171475], [73.92461, 18.17159], [73.927616, 18.171302], [73.933616, 18.171379], [73.938545, 18.172969], [73.939662, 18.174641], [73.939619, 18.176149], [73.941257, 18.179609], [73.94177, 18.179879], [73.942833, 18.179678], [73.945518, 18.178971], [73.946186, 18.178899], [73.946641, 18.178741], [73.947263, 18.178697], [73.94902, 18.177884], [73.957592, 18.170149], [73.961859, 18.167453], [73.964029, 18.165795], [73.965956, 18.163503], [73.967458, 18.161874], [73.96852, 18.160259], [73.970796, 18.157318], [73.971024, 18.157174], [73.971676, 18.15739], [73.972314, 18.157505], [73.973011, 18.157159], [73.973482, 18.156626], [73.975804, 18.156129], [73.976987, 18.155876], [73.978033, 18.155703], [73.979611, 18.15517], [73.980173, 18.154939], [73.980818, 18.15441], [73.980568, 18.152733], [73.981872, 18.152589], [73.982695, 18.152764], [73.98339, 18.151724], [73.984301, 18.15158], [73.989776, 18.15201], [73.992675, 18.151522], [73.994921, 18.152646], [73.996203, 18.152285], [73.998595, 18.154263], [73.999486, 18.155873], [74.000827, 18.156977], [74.000832, 18.156998], [74.001095, 18.157668], [74.001796, 18.157823], [74.001946, 18.157916], [74.002538, 18.158096], [74.004245, 18.158486], [74.004445, 18.157955], [74.004502, 18.157895], [74.004654, 18.157599], [74.00467, 18.157274], [74.004632, 18.156363], [74.004443, 18.151806], [74.006452, 18.146533], [74.008112, 18.143731], [74.009892, 18.142292], [74.010124, 18.144226], [74.012614, 18.143505], [74.017742, 18.13993], [74.019836, 18.137507], [74.028756, 18.130261], [74.031882, 18.133816], [74.032974, 18.13445], [74.032579, 18.135748], [74.033672, 18.136181], [74.024335, 18.166817], [73.996681, 18.176248], [73.967792, 18.230475], [73.972404, 18.261618], [73.987688, 18.27843], [73.964939, 18.286519], [73.924255, 18.304336], [73.899453, 18.322778], [73.891746, 18.324563], [73.885803, 18.331386], [73.874695, 18.340438], [73.86689, 18.369909], [73.8702, 18.395074], [73.891296, 18.401115], [73.906403, 18.40405], [73.925953, 18.414137], [73.907324, 18.416702], [73.905175, 18.414045], [73.904294, 18.411358], [73.903845, 18.411137], [73.903208, 18.411943], [73.903359, 18.415312], [73.902341, 18.416977], [73.901675, 18.420458], [73.90131, 18.423593], [73.894866, 18.418442], [73.887527, 18.412576], [73.874145, 18.411223], [73.855269, 18.415592], [73.853831, 18.420784], [73.847373, 18.417173], [73.845374, 18.416146], [73.836779, 18.411731], [73.817593, 18.401875], [73.801353, 18.393533], [73.753967, 18.369188], [73.715172, 18.330085], [73.694498, 18.322376]]]}}, {"type": "Feature", "properties": {"Pincode": "412206", "Office_Name": "Bhor S.O", "Division": "Pune Moffusil ", "Region": "Pune ", "Circle": "Maharashtra ", "_distFromHubKm": 40.54}, "geometry": {"type": "Polygon", "coordinates": [[[73.630466, 18.171288], [73.638601, 18.139007], [73.606192, 18.126087], [73.601155, 18.120319], [73.591626, 18.115589], [73.59545, 18.084784], [73.622174, 18.075613], [73.62977, 18.059987], [73.653846, 18.05607], [73.677664, 18.04999], [73.700452, 18.045112], [73.70049, 18.045173], [73.700579, 18.045176], [73.701474, 18.044989], [73.701971, 18.044863], [73.702384, 18.044794], [73.703109, 18.044632], [73.703883, 18.044459], [73.705392, 18.044138], [73.707069, 18.043788], [73.713282, 18.042533], [73.720034, 18.041097], [73.726984, 18.039705], [73.725967, 18.036531], [73.72457, 18.03379], [73.730879, 18.033015], [73.753581, 18.04134], [73.750319, 18.037218], [73.764997, 18.034607], [73.777528, 18.027343], [73.791947, 18.031954], [73.810616, 18.042523], [73.819456, 18.040238], [73.825892, 18.042197], [73.838762, 18.043716], [73.848982, 18.04591], [73.852759, 18.046644], [73.856438, 18.04663], [73.860903, 18.051108], [73.860904, 18.05111], [73.860905, 18.05111], [73.86097, 18.051187], [73.860945, 18.051372], [73.865134, 18.05634], [73.86971, 18.062272], [73.873444, 18.065944], [73.873615, 18.070064], [73.879303, 18.086514], [73.885054, 18.100028], [73.885843, 18.102062], [73.886162, 18.102696], [73.886404, 18.103417], [73.886526, 18.103749], [73.886948, 18.103644], [73.887691, 18.105515], [73.875844, 18.116714], [73.867393, 18.12652], [73.880482, 18.134596], [73.889439, 18.149215], [73.867044, 18.1585], [73.880032, 18.172455], [73.881792, 18.179951], [73.884766, 18.186871], [73.875237, 18.195577], [73.899817, 18.209414], [73.842464, 18.218004], [73.829264, 18.226018], [73.803439, 18.241696], [73.766703, 18.24829], [73.766684, 18.248293], [73.766681, 18.248294], [73.75167, 18.250631], [73.743719, 18.245731], [73.730488, 18.250688], [73.690311, 18.239218], [73.666702, 18.23893], [73.650041, 18.23176], [73.644477, 18.225441], [73.6443, 18.22524], [73.636209, 18.216051], [73.633987, 18.207802], [73.625697, 18.204012], [73.625768, 18.203894], [73.6271, 18.201689], [73.627454, 18.201103], [73.630408, 18.196211], [73.625856, 18.189581], [73.630466, 18.171288]]]}}, {"type": "Feature", "properties": {"Pincode": "412207", "Office_Name": "Vagholi S.O", "Division": "Pune City East ", "Region": "Pune ", "Circle": "Maharashtra ", "_distFromHubKm": 28.35}, "geometry": {"type": "Polygon", "coordinates": [[[73.975791, 18.548891], [73.981105, 18.550786], [73.984899, 18.551781], [73.985595, 18.552177], [73.985806, 18.552296], [73.986131, 18.552481], [73.986978, 18.553406], [73.988131, 18.553586], [73.99292, 18.553977], [73.993963, 18.553593], [73.994434, 18.55342], [73.994516, 18.55339], [74.000387, 18.55123], [74.002576, 18.550295], [74.007726, 18.549481], [74.0135, 18.549048], [74.01633, 18.549026], [74.0175, 18.549155], [74.019615, 18.549069], [74.021868, 18.548983], [74.027966, 18.549974], [74.0361, 18.550666], [74.037026, 18.551953], [74.037445, 18.550874], [74.038163, 18.550152], [74.039909, 18.551241], [74.043156, 18.551515], [74.044719, 18.551291], [74.04577, 18.550335], [74.047959, 18.549257], [74.049804, 18.547518], [74.051274, 18.5441], [74.052578, 18.542668], [74.054186, 18.540798], [74.056189, 18.538928], [74.059284, 18.535159], [74.060711, 18.532397], [74.060923, 18.530498], [74.060668, 18.528305], [74.065505, 18.530095], [74.068995, 18.531965], [74.070816, 18.536079], [74.072363, 18.537202], [74.074852, 18.538352], [74.078615, 18.53887], [74.082135, 18.538295], [74.086565, 18.534324], [74.091694, 18.528282], [74.094318, 18.525592], [74.096711, 18.524661], [74.101002, 18.524376], [74.105895, 18.52411], [74.111813, 18.524225], [74.117336, 18.526498], [74.120593, 18.528649], [74.123125, 18.533328], [74.1257, 18.54293], [74.127545, 18.545005], [74.129348, 18.545087], [74.135786, 18.538295], [74.143797, 18.529088], [74.161276, 18.533576], [74.164189, 18.537432], [74.168317, 18.538985], [74.181972, 18.530066], [74.193261, 18.529663], [74.203457, 18.534439], [74.207584, 18.540194], [74.215136, 18.544771], [74.215139, 18.544773], [74.215142, 18.544774], [74.224577, 18.550493], [74.230586, 18.549343], [74.24037, 18.547325], [74.249983, 18.543093], [74.254661, 18.540774], [74.260197, 18.540164], [74.265089, 18.540204], [74.270067, 18.542117], [74.280882, 18.550986], [74.282942, 18.554648], [74.282856, 18.558716], [74.2735, 18.564127], [74.271741, 18.567138], [74.271784, 18.570107], [74.274344, 18.573507], [74.276462, 18.577633], [74.280049, 18.580756], [74.285208, 18.581389], [74.290581, 18.581701], [74.295301, 18.57983], [74.30264, 18.57265], [74.305515, 18.570352], [74.312124, 18.564595], [74.317575, 18.564819], [74.323626, 18.564148], [74.328582, 18.562538], [74.333616, 18.561869], [74.34389, 18.560502], [74.340893, 18.568767], [74.337766, 18.570616], [74.334118, 18.571267], [74.327874, 18.572589], [74.322381, 18.57627], [74.319913, 18.576901], [74.31942, 18.579769], [74.317375, 18.583057], [74.318347, 18.588148], [74.316845, 18.592114], [74.314463, 18.59368], [74.313412, 18.59545], [74.308496, 18.612985], [74.309606, 18.623206], [74.309121, 18.625722], [74.306147, 18.62821], [74.302596, 18.630913], [74.298257, 18.632926], [74.295602, 18.635413], [74.293796, 18.635873], [74.292021, 18.635686], [74.289184, 18.633199], [74.286801, 18.630223], [74.279807, 18.623436], [74.275073, 18.622875], [74.272114, 18.62276], [74.27043, 18.623235], [74.265787, 18.627721], [74.264392, 18.628912], [74.264016, 18.63124], [74.263913, 18.631902], [74.263861, 18.63224], [74.263835, 18.632402], [74.263811, 18.632559], [74.264338, 18.633741], [74.265605, 18.637038], [74.266677, 18.63799], [74.272645, 18.643421], [74.276423, 18.647274], [74.277895, 18.6492], [74.278714, 18.651227], [74.279261, 18.654994], [74.280292, 18.66014], [74.279854, 18.664089], [74.279807, 18.66451], [74.279761, 18.666408], [74.27905, 18.668992], [74.278767, 18.669161], [74.27879, 18.668981], [74.277341, 18.670011], [74.274769, 18.670461], [74.273436, 18.670377], [74.270855, 18.667975], [74.267449, 18.665051], [74.264145, 18.66501], [74.261162, 18.664624], [74.257922, 18.665274], [74.254665, 18.665775], [74.252374, 18.661937], [74.250022, 18.662023], [74.247686, 18.6629], [74.246472, 18.662641], [74.245759, 18.661779], [74.244146, 18.660395], [74.241113, 18.655789], [74.246292, 18.644127], [74.243889, 18.633227], [74.231529, 18.625744], [74.225582, 18.626014], [74.220882, 18.626228], [74.219238, 18.626303], [74.217308, 18.626391], [74.214878, 18.626501], [74.214449, 18.624835], [74.213526, 18.621114], [74.208891, 18.617128], [74.207647, 18.615847], [74.206051, 18.613587], [74.203639, 18.61235], [74.20068, 18.611185], [74.192927, 18.609805], [74.188011, 18.610466], [74.183914, 18.610409], [74.18003, 18.609862], [74.174553, 18.609388], [74.174704, 18.607173], [74.17398, 18.598256], [74.174568, 18.592002], [74.175192, 18.586994], [74.175266, 18.584725], [74.175, 18.582733], [74.174234, 18.581935], [74.17057, 18.580842], [74.168279, 18.580195], [74.166845, 18.581071], [74.163272, 18.581813], [74.161277, 18.581894], [74.157017, 18.581782], [74.154099, 18.581945], [74.150913, 18.581945], [74.148413, 18.582413], [74.147059, 18.582553], [74.143145, 18.58161], [74.143456, 18.580359], [74.143467, 18.578406], [74.141171, 18.578264], [74.139583, 18.57865], [74.134991, 18.578376], [74.130946, 18.577867], [74.129466, 18.577764], [74.122017, 18.578145], [74.121015, 18.577426], [74.120264, 18.577333], [74.119824, 18.575981], [74.118823, 18.575017], [74.117321, 18.574658], [74.117108, 18.574392], [74.11468, 18.574356], [74.11292, 18.573823], [74.110091, 18.573795], [74.108448, 18.57442], [74.099693, 18.586755], [74.09979, 18.588271], [74.100175, 18.588925], [74.095942, 18.590693], [74.079161, 18.590722], [74.079798, 18.593469], [74.079646, 18.59426], [74.068949, 18.596935], [74.06329, 18.599279], [74.053799, 18.602888], [74.04358, 18.603018], [74.037936, 18.606871], [74.034644, 18.60158], [74.032732, 18.594576], [74.032383, 18.592966], [74.032284, 18.589491], [74.031823, 18.588474], [74.028787, 18.588205], [74.023279, 18.590967], [74.018439, 18.592146], [74.017564, 18.592013], [74.016201, 18.59062], [74.014764, 18.588962], [74.013669, 18.590711], [74.012672, 18.593528], [74.01382, 18.593787], [74.015, 18.59423], [74.0136, 18.600384], [74.013643, 18.601508], [74.013409, 18.601747], [74.013147, 18.602446], [74.010837, 18.603794], [74.009169, 18.606406], [74.00882, 18.608196], [74.007954, 18.608683], [74.005686, 18.611861], [74.00517, 18.613083], [74.004185, 18.613854], [74.002082, 18.61302], [74.000022, 18.611251], [74.00043, 18.616843], [73.998928, 18.622903], [73.998499, 18.629522], [73.998971, 18.631148], [74.000065, 18.63186], [73.996911, 18.633029], [73.995903, 18.633599], [73.992963, 18.63432], [73.991901, 18.634198], [73.990372, 18.634432], [73.988913, 18.633914], [73.987593, 18.633335], [73.986447, 18.63271], [73.984209, 18.633573], [73.985206, 18.635693], [73.985594, 18.636085], [73.984251, 18.636669], [73.983602, 18.634852], [73.983515, 18.634598], [73.981478, 18.628655], [73.978231, 18.624241], [73.972404, 18.621538], [73.970098, 18.618317], [73.964338, 18.618958], [73.959146, 18.610181], [73.959174, 18.606753], [73.959599, 18.605229], [73.96195, 18.605157], [73.961415, 18.59826], [73.959159, 18.597866], [73.959146, 18.596546], [73.958813, 18.59498], [73.958255, 18.592427], [73.957987, 18.592326], [73.957472, 18.589875], [73.95685, 18.589895], [73.956528, 18.579615], [73.958057, 18.579432], [73.956415, 18.577886], [73.955205, 18.57629], [73.954425, 18.575268], [73.955154, 18.572017], [73.954091, 18.570055], [73.954049, 18.569975], [73.953666, 18.56925], [73.955107, 18.566733], [73.955821, 18.566121], [73.957209, 18.565366], [73.958294, 18.564], [73.9588, 18.559976], [73.958622, 18.559503], [73.9588, 18.558701], [73.958601, 18.55834], [73.959026, 18.557847], [73.959629, 18.5556], [73.959545, 18.555319], [73.959533, 18.555274], [73.959333, 18.554499], [73.960061, 18.553356], [73.960164, 18.552608], [73.959591, 18.551795], [73.960342, 18.551198], [73.962724, 18.550306], [73.968323, 18.551515], [73.971115, 18.550594], [73.971642, 18.551371], [73.972738, 18.5509], [73.972304, 18.549354], [73.973823, 18.548962], [73.975791, 18.548891]]]}}, {"type": "Feature", "properties": {"Pincode": "412208", "Office_Name": "Talegaon Dhamdhere S.O", "Division": "Baramati ", "Region": "Pune ", "Circle": "Maharashtra ", "_distFromHubKm": 37.01}, "geometry": {"type": "Polygon", "coordinates": [[[74.024732, 18.686427], [74.059315, 18.711294], [74.076726, 18.715333], [74.108111, 18.702421], [74.089418, 18.669396], [74.104469, 18.657544], [74.120127, 18.664908], [74.172478, 18.620316], [74.174553, 18.609388], [74.18003, 18.609862], [74.183914, 18.610409], [74.188011, 18.610466], [74.192927, 18.609805], [74.20068, 18.611185], [74.203639, 18.61235], [74.206051, 18.613587], [74.207647, 18.615847], [74.208891, 18.617128], [74.213526, 18.621114], [74.214449, 18.624835], [74.214878, 18.626501], [74.217308, 18.626391], [74.219238, 18.626303], [74.220882, 18.626228], [74.225582, 18.626014], [74.231529, 18.625744], [74.243889, 18.633227], [74.246292, 18.644127], [74.241113, 18.655789], [74.240785, 18.655929], [74.240782, 18.65593], [74.240733, 18.655951], [74.231808, 18.659743], [74.224153, 18.662995], [74.214406, 18.666667], [74.194292, 18.674246], [74.200362, 18.706235], [74.196682, 18.710424], [74.172207, 18.738281], [74.156827, 18.782844], [74.131917, 18.787308], [74.0984, 18.793313], [74.090631, 18.761645], [74.089903, 18.754518], [74.052863, 18.732914], [74.030289, 18.743912], [74.023496, 18.7356], [74.009743, 18.718769], [74.012833, 18.707387], [74.024732, 18.686427]]]}}, {"type": "Feature", "properties": {"Pincode": "412209", "Office_Name": "Ranjangaon Ganpati S.O", "Division": "Baramati ", "Region": "Pune ", "Circle": "Maharashtra ", "_distFromHubKm": 47.18}, "geometry": {"type": "Polygon", "coordinates": [[[74.278767, 18.669161], [74.280232, 18.668288], [74.284593, 18.673519], [74.28916, 18.678997], [74.298439, 18.690126], [74.346376, 18.708353], [74.362651, 18.715237], [74.347356, 18.726395], [74.336071, 18.747544], [74.318282, 18.75694], [74.311063, 18.755429], [74.30378, 18.753596], [74.296982, 18.754045], [74.271735, 18.75727], [74.264368, 18.763752], [74.238907, 18.760015], [74.224141, 18.768472], [74.217273, 18.785709], [74.209022, 18.7926], [74.200094, 18.786747], [74.168502, 18.794226], [74.156827, 18.782844], [74.172207, 18.738281], [74.196682, 18.710424], [74.200362, 18.706235], [74.194292, 18.674246], [74.214406, 18.666667], [74.224153, 18.662995], [74.231808, 18.659743], [74.240733, 18.655951], [74.240782, 18.65593], [74.240785, 18.655929], [74.241113, 18.655789], [74.244146, 18.660395], [74.245759, 18.661779], [74.246472, 18.662641], [74.247686, 18.6629], [74.250022, 18.662023], [74.252374, 18.661937], [74.254665, 18.665775], [74.257922, 18.665274], [74.261162, 18.664624], [74.264145, 18.66501], [74.267449, 18.665051], [74.270855, 18.667975], [74.273436, 18.670377], [74.274769, 18.670461], [74.277341, 18.670011], [74.27879, 18.668981], [74.278767, 18.669161]]]}}, {"type": "Feature", "properties": {"Pincode": "412211", "Office_Name": "Nhavare S.O", "Division": "Baramati ", "Region": "Pune ", "Circle": "Maharashtra ", "_distFromHubKm": 51.56}, "geometry": {"type": "Polygon", "coordinates": [[[74.453823, 18.526148], [74.459352, 18.525274], [74.470684, 18.52332], [74.486136, 18.539605], [74.49373, 18.527607], [74.516686, 18.491336], [74.515685, 18.495938], [74.526635, 18.501351], [74.530482, 18.503253], [74.545332, 18.510595], [74.5456, 18.530724], [74.550648, 18.543482], [74.554342, 18.552815], [74.556363, 18.557921], [74.546534, 18.557149], [74.522693, 18.574943], [74.464697, 18.623962], [74.449711, 18.62135], [74.432289, 18.625777], [74.399757, 18.634044], [74.362651, 18.715237], [74.346376, 18.708353], [74.298439, 18.690126], [74.28916, 18.678997], [74.284593, 18.673519], [74.280232, 18.668288], [74.278767, 18.669161], [74.27905, 18.668992], [74.279761, 18.666408], [74.279807, 18.66451], [74.279854, 18.664089], [74.280292, 18.66014], [74.279261, 18.654994], [74.278714, 18.651227], [74.277895, 18.6492], [74.276423, 18.647274], [74.272645, 18.643421], [74.266677, 18.63799], [74.265605, 18.637038], [74.264338, 18.633741], [74.263811, 18.632559], [74.263835, 18.632402], [74.263861, 18.63224], [74.263913, 18.631902], [74.264016, 18.63124], [74.264392, 18.628912], [74.265787, 18.627721], [74.27043, 18.623235], [74.272114, 18.62276], [74.275073, 18.622875], [74.279807, 18.623436], [74.286801, 18.630223], [74.289184, 18.633199], [74.292021, 18.635686], [74.293796, 18.635873], [74.295602, 18.635413], [74.298257, 18.632926], [74.302596, 18.630913], [74.306147, 18.62821], [74.309121, 18.625722], [74.309606, 18.623206], [74.308496, 18.612985], [74.313412, 18.59545], [74.314463, 18.59368], [74.316845, 18.592114], [74.318347, 18.588148], [74.317375, 18.583057], [74.31942, 18.579769], [74.319913, 18.576901], [74.322381, 18.57627], [74.327874, 18.572589], [74.334118, 18.571267], [74.337766, 18.570616], [74.340893, 18.568767], [74.34389, 18.560502], [74.351006, 18.559556], [74.42759, 18.555565], [74.448468, 18.528159], [74.453823, 18.526148]]]}}, {"type": "Feature", "properties": {"Pincode": "412212", "Office_Name": "Velhe S.O", "Division": "Pune Moffusil ", "Region": "Pune ", "Circle": "Maharashtra ", "_distFromHubKm": 34.65}, "geometry": {"type": "Polygon", "coordinates": [[[73.625697, 18.204012], [73.633987, 18.207802], [73.636209, 18.216051], [73.6443, 18.22524], [73.644477, 18.225441], [73.650041, 18.23176], [73.666702, 18.23893], [73.665427, 18.242215], [73.660329, 18.248267], [73.66658, 18.258296], [73.659965, 18.267345], [73.662392, 18.272128], [73.67447, 18.276969], [73.687245, 18.280489], [73.703541, 18.28498], [73.680964, 18.305148], [73.694498, 18.322376], [73.677042, 18.324168], [73.672085, 18.340187], [73.677406, 18.362346], [73.67208, 18.35841], [73.672077, 18.358408], [73.672074, 18.358406], [73.643746, 18.337472], [73.617668, 18.334973], [73.549004, 18.300099], [73.527689, 18.280121], [73.527686, 18.280119], [73.527682, 18.280115], [73.522396, 18.275161], [73.510551, 18.25886], [73.55896, 18.227884], [73.563766, 18.200816], [73.586941, 18.189727], [73.621788, 18.199674], [73.625547, 18.203943], [73.625679, 18.204042], [73.625697, 18.204012]]]}}, {"type": "Feature", "properties": {"Pincode": "412213", "Office_Name": "Nasrapur S.O", "Division": "Pune Moffusil ", "Region": "Pune ", "Circle": "Maharashtra ", "_distFromHubKm": 23.79}, "geometry": {"type": "Polygon", "coordinates": [[[73.694498, 18.322376], [73.680964, 18.305148], [73.703541, 18.28498], [73.687245, 18.280489], [73.67447, 18.276969], [73.662392, 18.272128], [73.659965, 18.267345], [73.66658, 18.258296], [73.660329, 18.248267], [73.665427, 18.242215], [73.666702, 18.23893], [73.690311, 18.239218], [73.730488, 18.250688], [73.743719, 18.245731], [73.75167, 18.250631], [73.766681, 18.248294], [73.766684, 18.248293], [73.766703, 18.24829], [73.803439, 18.241696], [73.829264, 18.226018], [73.842464, 18.218004], [73.899817, 18.209414], [73.899157, 18.222802], [73.899123, 18.223498], [73.898823, 18.229587], [73.898753, 18.231002], [73.898118, 18.243887], [73.894052, 18.250054], [73.911589, 18.267975], [73.921181, 18.277776], [73.918036, 18.283164], [73.899453, 18.315001], [73.894719, 18.280542], [73.876087, 18.282271], [73.866399, 18.287891], [73.859397, 18.291952], [73.841918, 18.29685], [73.821222, 18.299674], [73.808841, 18.31817], [73.777524, 18.331478], [73.753175, 18.328809], [73.694498, 18.322376]]]}}, {"type": "Feature", "properties": {"Pincode": "412214", "Office_Name": "Yavat S.O", "Division": "Baramati ", "Region": "Pune ", "Circle": "Maharashtra ", "_distFromHubKm": 42.06}, "geometry": {"type": "Polygon", "coordinates": [[[74.241783, 18.450101], [74.25539, 18.459742], [74.268394, 18.460471], [74.284143, 18.45933], [74.305515, 18.460711], [74.31131, 18.462442], [74.310638, 18.466754], [74.310228, 18.472485], [74.309606, 18.478268], [74.310107, 18.483303], [74.314522, 18.485408], [74.319499, 18.486614], [74.322338, 18.487254], [74.314442, 18.502151], [74.313005, 18.515504], [74.31786, 18.521032], [74.322131, 18.526927], [74.32826, 18.531954], [74.343538, 18.542784], [74.351006, 18.559556], [74.34389, 18.560502], [74.333616, 18.561869], [74.328582, 18.562538], [74.323626, 18.564148], [74.317575, 18.564819], [74.312124, 18.564595], [74.305515, 18.570352], [74.30264, 18.57265], [74.295301, 18.57983], [74.290581, 18.581701], [74.285208, 18.581389], [74.280049, 18.580756], [74.276462, 18.577633], [74.274344, 18.573507], [74.271784, 18.570107], [74.271741, 18.567138], [74.2735, 18.564127], [74.282856, 18.558716], [74.282942, 18.554648], [74.280882, 18.550986], [74.270067, 18.542117], [74.265089, 18.540204], [74.260197, 18.540164], [74.254661, 18.540774], [74.249983, 18.543093], [74.24037, 18.547325], [74.230586, 18.549343], [74.224577, 18.550493], [74.215142, 18.544774], [74.215139, 18.544773], [74.215137, 18.544771], [74.215035, 18.544558], [74.21505, 18.544567], [74.202518, 18.519005], [74.191017, 18.482377], [74.203892, 18.447044], [74.241783, 18.450101]]]}}, {"type": "Feature", "properties": {"Pincode": "412215", "Office_Name": "Varvand S.O", "Division": "Baramati ", "Region": "Pune ", "Circle": "Maharashtra ", "_distFromHubKm": 57.9}, "geometry": {"type": "Polygon", "coordinates": [[[74.402161, 18.442132], [74.435602, 18.436645], [74.438849, 18.442903], [74.440489, 18.446064], [74.443249, 18.451382], [74.443701, 18.454937], [74.444035, 18.457561], [74.444766, 18.463301], [74.445676, 18.465719], [74.445909, 18.466338], [74.446769, 18.468625], [74.448772, 18.473949], [74.449531, 18.477432], [74.449789, 18.478615], [74.450289, 18.480915], [74.450471, 18.48506], [74.446535, 18.492552], [74.445934, 18.499308], [74.439583, 18.520313], [74.428253, 18.519179], [74.420872, 18.499465], [74.392875, 18.499295], [74.402161, 18.442132]]]}}, {"type": "Feature", "properties": {"Pincode": "412216", "Office_Name": "Koregaon Bhima S.O", "Division": "Pune Moffusil ", "Region": "Pune ", "Circle": "Maharashtra ", "_distFromHubKm": 24.82}, "geometry": {"type": "Polygon", "coordinates": [[[73.986711, 18.663943], [73.986716, 18.663919], [73.988972, 18.652751], [73.983421, 18.634903], [73.983447, 18.634819], [73.983515, 18.634598], [73.983602, 18.634852], [73.984251, 18.636669], [73.985594, 18.636085], [73.985206, 18.635693], [73.984209, 18.633573], [73.986447, 18.63271], [73.987593, 18.633335], [73.988913, 18.633914], [73.990372, 18.634432], [73.991901, 18.634198], [73.992963, 18.63432], [73.995903, 18.633599], [73.996911, 18.633029], [74.000065, 18.63186], [73.998971, 18.631148], [73.998499, 18.629522], [73.998928, 18.622903], [74.00043, 18.616843], [74.000022, 18.611251], [74.002082, 18.61302], [74.004185, 18.613854], [74.00517, 18.613083], [74.005686, 18.611861], [74.007954, 18.608683], [74.00882, 18.608196], [74.009169, 18.606406], [74.010837, 18.603794], [74.013147, 18.602446], [74.013409, 18.601747], [74.013643, 18.601508], [74.0136, 18.600384], [74.015, 18.59423], [74.01382, 18.593787], [74.012672, 18.593528], [74.013669, 18.590711], [74.014764, 18.588962], [74.016201, 18.59062], [74.017564, 18.592013], [74.018439, 18.592146], [74.023279, 18.590967], [74.028787, 18.588205], [74.031823, 18.588474], [74.032284, 18.589491], [74.032383, 18.592966], [74.032732, 18.594576], [74.034644, 18.60158], [74.037936, 18.606871], [74.04358, 18.603018], [74.053799, 18.602888], [74.06329, 18.599279], [74.068949, 18.596935], [74.079646, 18.59426], [74.079798, 18.593469], [74.079161, 18.590722], [74.095942, 18.590693], [74.100175, 18.588925], [74.09979, 18.588271], [74.099693, 18.586755], [74.108448, 18.57442], [74.110091, 18.573795], [74.11292, 18.573823], [74.11468, 18.574356], [74.117108, 18.574392], [74.117321, 18.574658], [74.118823, 18.575017], [74.119824, 18.575981], [74.120264, 18.577333], [74.121015, 18.577426], [74.122017, 18.578145], [74.129466, 18.577764], [74.130946, 18.577867], [74.134991, 18.578376], [74.139583, 18.57865], [74.141171, 18.578264], [74.143467, 18.578406], [74.143456, 18.580359], [74.143145, 18.58161], [74.147059, 18.582553], [74.148413, 18.582413], [74.150913, 18.581945], [74.154099, 18.581945], [74.157017, 18.581782], [74.161277, 18.581894], [74.163272, 18.581813], [74.166845, 18.581071], [74.168279, 18.580195], [74.17057, 18.580842], [74.174234, 18.581935], [74.175, 18.582733], [74.175266, 18.584725], [74.175192, 18.586994], [74.174568, 18.592002], [74.17398, 18.598256], [74.174704, 18.607173], [74.174553, 18.609388], [74.172478, 18.620316], [74.120127, 18.664908], [74.104469, 18.657544], [74.089418, 18.669396], [74.108111, 18.702421], [74.076726, 18.715333], [74.059315, 18.711294], [74.024732, 18.686427], [73.986814, 18.663977], [73.986711, 18.663943]]]}}, {"type": "Feature", "properties": {"Pincode": "412218", "Office_Name": "Malthan S.O", "Division": "Baramati ", "Region": "Pune ", "Circle": "Maharashtra ", "_distFromHubKm": 57.71}, "geometry": {"type": "Polygon", "coordinates": [[[74.213019, 18.986314], [74.212257, 18.98332], [74.211327, 18.980134], [74.205164, 18.959025], [74.199755, 18.940498], [74.163695, 18.940192], [74.159473, 18.9399], [74.120979, 18.935516], [74.1469, 18.91197], [74.141064, 18.900115], [74.135914, 18.887609], [74.126129, 18.862758], [74.124241, 18.858047], [74.104733, 18.860856], [74.095917, 18.851709], [74.081497, 18.844239], [74.080371, 18.842061], [74.079765, 18.840888], [74.079752, 18.840863], [74.079542, 18.840457], [74.079524, 18.840422], [74.079499, 18.840373], [74.079467, 18.840311], [74.078579, 18.838593], [74.078385, 18.838217], [74.078364, 18.838177], [74.069309, 18.820657], [74.069521, 18.820457], [74.069581, 18.820402], [74.069623, 18.820362], [74.071341, 18.818747], [74.071395, 18.818696], [74.07146, 18.818635], [74.071587, 18.818515], [74.071625, 18.81848], [74.0984, 18.793313], [74.131917, 18.787308], [74.156827, 18.782844], [74.168502, 18.794226], [74.200094, 18.786747], [74.209022, 18.7926], [74.217273, 18.785709], [74.224485, 18.80392], [74.233069, 18.821153], [74.267149, 18.838082], [74.278653, 18.83288], [74.281389, 18.830763], [74.281581, 18.830614], [74.281664, 18.83055], [74.281742, 18.83049], [74.281744, 18.830489], [74.292454, 18.833514], [74.295334, 18.834327], [74.295335, 18.834328], [74.295322, 18.834502], [74.295298, 18.834811], [74.29517, 18.83648], [74.29514, 18.836873], [74.294701, 18.842606], [74.286033, 18.866819], [74.282942, 18.891995], [74.269374, 18.902226], [74.251476, 18.924231], [74.249003, 18.9266], [74.241865, 18.93344], [74.238681, 18.93649], [74.238458, 18.937003], [74.238352, 18.937246], [74.238245, 18.937493], [74.238106, 18.937812], [74.237967, 18.938132], [74.237808, 18.938499], [74.237559, 18.939072], [74.237294, 18.939682], [74.237051, 18.940241], [74.235093, 18.944746], [74.236425, 18.953701], [74.238481, 18.957108], [74.238309, 18.959948], [74.235821, 18.961003], [74.235649, 18.963032], [74.238052, 18.967169], [74.235734, 18.969038], [74.231958, 18.967494], [74.228525, 18.969039], [74.222261, 18.97115], [74.219773, 18.976749], [74.22209, 18.980238], [74.225522, 18.982835], [74.225596, 18.985887], [74.225605, 18.986242], [74.225607, 18.986325], [74.225539, 18.986496], [74.21951, 18.986933], [74.213319, 18.98699], [74.212858, 18.986387], [74.213033, 18.98637], [74.213019, 18.986314]]]}}, {"type": "Feature", "properties": {"Pincode": "412219", "Office_Name": "Madhukarnagar Patas S.O", "Division": "Baramati ", "Region": "Pune ", "Circle": "Maharashtra ", "_distFromHubKm": 58.17}, "geometry": {"type": "Polygon", "coordinates": [[[74.439583, 18.520313], [74.445934, 18.499308], [74.446535, 18.492552], [74.450471, 18.48506], [74.450289, 18.480915], [74.449789, 18.478615], [74.449531, 18.477432], [74.448772, 18.473949], [74.446769, 18.468625], [74.445909, 18.466338], [74.445676, 18.465719], [74.444766, 18.463301], [74.444035, 18.457561], [74.443701, 18.454937], [74.443249, 18.451382], [74.440489, 18.446064], [74.438849, 18.442903], [74.435602, 18.436645], [74.402161, 18.442132], [74.396031, 18.430302], [74.400616, 18.415612], [74.404092, 18.405229], [74.40969, 18.386551], [74.414755, 18.378971], [74.410913, 18.373103], [74.409723, 18.371287], [74.408847, 18.369948], [74.408697, 18.369718], [74.4086, 18.369571], [74.408598, 18.369568], [74.408484, 18.369394], [74.408141, 18.368887], [74.408096, 18.368821], [74.408013, 18.368698], [74.407779, 18.368352], [74.40777, 18.368339], [74.40772, 18.368265], [74.406923, 18.367087], [74.40671, 18.366773], [74.406526, 18.3665], [74.405484, 18.364962], [74.405451, 18.364913], [74.404188, 18.363047], [74.401467, 18.359028], [74.400193, 18.357146], [74.399876, 18.356677], [74.39943, 18.356018], [74.394366, 18.34795], [74.394136, 18.347583], [74.392607, 18.345147], [74.402565, 18.330311], [74.439049, 18.312375], [74.447548, 18.312049], [74.462093, 18.329416], [74.468237, 18.336751], [74.48781, 18.339278], [74.508941, 18.34508], [74.513061, 18.367884], [74.5283, 18.418083], [74.510307, 18.418706], [74.495544, 18.421961], [74.472198, 18.441828], [74.476662, 18.465283], [74.485931, 18.483516], [74.502605, 18.483505], [74.516686, 18.491336], [74.49373, 18.527607], [74.486136, 18.539605], [74.470684, 18.52332], [74.459352, 18.525274], [74.453823, 18.526148], [74.454006, 18.525189], [74.454365, 18.524022], [74.453308, 18.52384], [74.453009, 18.523772], [74.451073, 18.523328], [74.449142, 18.522819], [74.444539, 18.521664], [74.439583, 18.520313]]]}}, {"type": "Feature", "properties": {"Pincode": "412220", "Office_Name": "Midc Ranjangaon Ganpati S.O", "Division": "Baramati ", "Region": "Pune ", "Circle": "Maharashtra ", "_distFromHubKm": 55.98}, "geometry": {"type": "Polygon", "coordinates": [[[74.318282, 18.75694], [74.322166, 18.773063], [74.320889, 18.800203], [74.296868, 18.818263], [74.292383, 18.821695], [74.289484, 18.8245], [74.28782, 18.825788], [74.283154, 18.829397], [74.282711, 18.82974], [74.282228, 18.830114], [74.281744, 18.830489], [74.281742, 18.83049], [74.281664, 18.83055], [74.281581, 18.830614], [74.281389, 18.830763], [74.278653, 18.83288], [74.267149, 18.838082], [74.233069, 18.821153], [74.224485, 18.80392], [74.217273, 18.785709], [74.224141, 18.768472], [74.238907, 18.760015], [74.264368, 18.763752], [74.271735, 18.75727], [74.296982, 18.754045], [74.30378, 18.753596], [74.311063, 18.755429], [74.318282, 18.75694]]]}}, {"type": "Feature", "properties": {"Pincode": "412301", "Office_Name": "Saswad S.O", "Division": "Baramati ", "Region": "Pune ", "Circle": "Maharashtra ", "_distFromHubKm": 19.42}, "geometry": {"type": "Polygon", "coordinates": [[[74.014611, 18.421127], [73.996895, 18.414924], [73.98697, 18.411448], [73.959312, 18.418931], [73.938417, 18.424584], [73.938204, 18.424712], [73.933681, 18.420614], [73.926555, 18.414642], [73.925953, 18.414137], [73.906403, 18.40405], [73.891296, 18.401115], [73.8702, 18.395074], [73.86689, 18.369909], [73.874695, 18.340438], [73.885803, 18.331386], [73.891746, 18.324563], [73.899453, 18.322778], [73.924255, 18.304336], [73.964939, 18.286519], [73.987688, 18.27843], [73.99577, 18.275556], [73.996929, 18.275647], [73.996393, 18.276066], [73.997834, 18.277752], [74.005603, 18.276325], [74.008167, 18.276614], [74.011672, 18.275907], [74.014357, 18.275662], [74.015753, 18.275273], [74.018378, 18.275489], [74.021428, 18.273759], [74.022475, 18.273298], [74.023203, 18.271597], [74.024174, 18.266349], [74.025276, 18.265922], [74.052389, 18.255422], [74.052358, 18.256651], [74.052881, 18.257441], [74.057956, 18.256446], [74.076411, 18.252828], [74.076854, 18.260025], [74.078615, 18.262273], [74.080617, 18.264864], [74.081528, 18.267866], [74.082438, 18.271039], [74.087677, 18.281515], [74.091797, 18.290641], [74.074116, 18.323243], [74.09317, 18.373918], [74.101775, 18.386511], [74.091454, 18.392032], [74.014611, 18.421127]]]}}, {"type": "Feature", "properties": {"Pincode": "412303", "Office_Name": "Jejuri S.O", "Division": "Baramati ", "Region": "Pune ", "Circle": "Maharashtra ", "_distFromHubKm": 34.76}, "geometry": {"type": "Polygon", "coordinates": [[[74.101775, 18.386511], [74.09317, 18.373918], [74.074116, 18.323243], [74.091797, 18.290641], [74.087677, 18.281515], [74.082438, 18.271039], [74.081528, 18.267866], [74.080617, 18.264864], [74.078615, 18.262273], [74.076854, 18.260025], [74.076411, 18.252828], [74.075856, 18.245784], [74.075914, 18.244754], [74.075701, 18.243817], [74.074645, 18.242246], [74.074037, 18.238606], [74.073104, 18.233019], [74.072589, 18.229934], [74.072622, 18.229534], [74.072648, 18.229219], [74.072659, 18.229084], [74.07266, 18.229071], [74.072669, 18.22896], [74.072675, 18.228882], [74.072682, 18.228801], [74.072687, 18.228743], [74.072773, 18.22769], [74.071552, 18.223721], [74.074446, 18.220139], [74.074481, 18.220096], [74.074485, 18.220091], [74.074626, 18.219916], [74.074832, 18.219661], [74.074886, 18.219594], [74.075069, 18.219368], [74.075117, 18.219308], [74.075529, 18.218798], [74.078547, 18.217778], [74.07925, 18.21754], [74.080188, 18.216754], [74.080482, 18.215454], [74.081739, 18.213326], [74.083655, 18.211638], [74.117943, 18.208339], [74.116789, 18.209493], [74.116692, 18.209489], [74.102284, 18.230627], [74.111752, 18.241003], [74.122782, 18.241664], [74.133081, 18.241342], [74.134881, 18.240231], [74.135482, 18.23986], [74.136939, 18.237551], [74.13909, 18.236896], [74.141716, 18.239422], [74.142566, 18.24024], [74.145827, 18.238935], [74.146643, 18.237345], [74.14691, 18.236964], [74.147329, 18.236365], [74.150076, 18.23612], [74.151964, 18.235712], [74.153375, 18.235074], [74.154589, 18.23469], [74.166298, 18.237212], [74.172456, 18.239945], [74.172921, 18.241186], [74.173121, 18.241719], [74.175016, 18.242443], [74.175017, 18.242443], [74.175203, 18.242514], [74.17736, 18.242654], [74.178224, 18.242884], [74.178877, 18.243339], [74.179552, 18.24375], [74.17971, 18.245164], [74.179811, 18.246065], [74.181016, 18.256834], [74.183671, 18.262327], [74.189119, 18.268656], [74.200547, 18.270564], [74.210987, 18.272604], [74.212985, 18.272995], [74.216174, 18.273501], [74.2175, 18.273711], [74.219027, 18.273953], [74.219921, 18.274778], [74.22359, 18.275145], [74.228911, 18.276002], [74.229452, 18.275606], [74.2313, 18.275899], [74.233784, 18.276293], [74.237748, 18.276921], [74.242547, 18.277346], [74.247864, 18.277816], [74.24896, 18.278257], [74.249749, 18.277983], [74.256763, 18.281409], [74.257364, 18.286465], [74.258229, 18.287024], [74.25951, 18.291928], [74.275822, 18.2876], [74.275833, 18.287597], [74.279376, 18.341828], [74.279891, 18.351936], [74.208778, 18.370131], [74.151769, 18.373769], [74.15107, 18.373814], [74.15046, 18.373853], [74.150416, 18.373856], [74.146642, 18.374097], [74.144122, 18.374258], [74.13875, 18.3746], [74.122048, 18.375666], [74.101775, 18.386511]]]}}, {"type": "Feature", "properties": {"Pincode": "412304", "Office_Name": "Morgaon S.O", "Division": "Baramati ", "Region": "Pune ", "Circle": "Maharashtra ", "_distFromHubKm": 51.0}, "geometry": {"type": "Polygon", "coordinates": [[[74.275833, 18.287597], [74.275822, 18.2876], [74.25951, 18.291928], [74.258229, 18.287024], [74.257364, 18.286465], [74.256763, 18.281409], [74.249749, 18.277983], [74.252901, 18.277882], [74.255905, 18.272826], [74.254789, 18.271276], [74.25539, 18.264834], [74.2626, 18.25211], [74.265497, 18.214813], [74.272835, 18.206696], [74.286075, 18.20539], [74.293263, 18.202045], [74.295848, 18.200414], [74.297505, 18.199369], [74.297506, 18.199368], [74.29837, 18.19917], [74.29985, 18.198129], [74.301739, 18.197681], [74.302226, 18.196392], [74.302227, 18.19639], [74.303756, 18.196203], [74.304003, 18.195489], [74.330788, 18.186618], [74.348206, 18.185839], [74.361801, 18.180999], [74.372619, 18.180459], [74.380445, 18.18304], [74.369373, 18.194782], [74.371269, 18.208146], [74.362286, 18.224806], [74.365425, 18.236688], [74.364622, 18.245089], [74.364622, 18.245091], [74.365253, 18.249644], [74.358044, 18.254211], [74.357813, 18.257203], [74.3536, 18.258727], [74.351586, 18.258791], [74.340028, 18.261738], [74.334609, 18.267143], [74.330054, 18.271685], [74.325299, 18.276426], [74.317489, 18.282909], [74.293928, 18.282795], [74.275833, 18.287597]]]}}, {"type": "Feature", "properties": {"Pincode": "412305", "Office_Name": "Valha S.O", "Division": "Baramati ", "Region": "Pune ", "Circle": "Maharashtra ", "_distFromHubKm": 43.1}, "geometry": {"type": "Polygon", "coordinates": [[[74.224545, 18.158271], [74.22916, 18.163178], [74.231396, 18.164259], [74.23272, 18.164899], [74.232721, 18.1649], [74.23532, 18.165227], [74.236321, 18.16664], [74.23705, 18.169266], [74.242967, 18.173131], [74.245258, 18.174639], [74.247777, 18.17438], [74.252526, 18.174351], [74.263162, 18.175404], [74.267851, 18.180694], [74.270521, 18.181069], [74.273252, 18.183146], [74.277865, 18.183694], [74.279685, 18.184386], [74.281506, 18.185454], [74.285694, 18.186867], [74.286635, 18.186925], [74.290549, 18.186368], [74.291702, 18.186204], [74.293907, 18.185402], [74.294808, 18.186666], [74.29661, 18.187564], [74.299447, 18.189795], [74.300966, 18.19099], [74.302425, 18.191704], [74.302478, 18.193599], [74.302533, 18.19558], [74.302227, 18.19639], [74.302226, 18.196392], [74.301739, 18.197681], [74.29985, 18.198129], [74.29837, 18.19917], [74.297506, 18.199368], [74.297505, 18.199369], [74.295848, 18.200414], [74.293263, 18.202045], [74.286075, 18.20539], [74.272835, 18.206696], [74.265497, 18.214813], [74.2626, 18.25211], [74.25539, 18.264834], [74.254789, 18.271276], [74.255905, 18.272826], [74.252901, 18.277882], [74.249749, 18.277983], [74.24896, 18.278257], [74.247864, 18.277816], [74.242547, 18.277346], [74.237748, 18.276921], [74.233784, 18.276293], [74.2313, 18.275899], [74.229452, 18.275606], [74.228911, 18.276002], [74.22359, 18.275145], [74.219921, 18.274778], [74.219027, 18.273953], [74.2175, 18.273711], [74.216174, 18.273501], [74.212985, 18.272995], [74.210987, 18.272604], [74.200547, 18.270564], [74.189119, 18.268656], [74.183671, 18.262327], [74.181016, 18.256834], [74.179811, 18.246065], [74.17971, 18.245164], [74.179552, 18.24375], [74.178877, 18.243339], [74.178224, 18.242884], [74.17736, 18.242654], [74.175203, 18.242514], [74.175017, 18.242443], [74.175016, 18.242443], [74.173121, 18.241719], [74.172921, 18.241186], [74.172456, 18.239945], [74.166298, 18.237212], [74.154589, 18.23469], [74.153375, 18.235074], [74.151964, 18.235712], [74.150076, 18.23612], [74.147329, 18.236365], [74.14691, 18.236964], [74.146643, 18.237345], [74.145827, 18.238935], [74.142566, 18.24024], [74.141716, 18.239422], [74.13909, 18.236896], [74.136939, 18.237551], [74.135482, 18.23986], [74.134881, 18.240231], [74.133081, 18.241342], [74.122782, 18.241664], [74.111752, 18.241003], [74.102284, 18.230627], [74.116692, 18.209489], [74.116789, 18.209493], [74.117943, 18.208339], [74.117389, 18.207569], [74.116532, 18.206375], [74.116094, 18.205765], [74.115686, 18.205199], [74.114207, 18.20314], [74.112499, 18.200763], [74.112114, 18.200227], [74.11174, 18.199706], [74.110974, 18.198641], [74.108428, 18.195097], [74.106047, 18.191783], [74.103134, 18.186533], [74.103125, 18.185], [74.103109, 18.18235], [74.103099, 18.180638], [74.10309, 18.179168], [74.103082, 18.177923], [74.103063, 18.174723], [74.103028, 18.16879], [74.102421, 18.168033], [74.102042, 18.167559], [74.10195, 18.167444], [74.101684, 18.167113], [74.102198, 18.167046], [74.109242, 18.166761], [74.126623, 18.168698], [74.139669, 18.168188], [74.149024, 18.167168], [74.154947, 18.166944], [74.159067, 18.167515], [74.15926, 18.16725], [74.162071, 18.166618], [74.165375, 18.167046], [74.169302, 18.166414], [74.171362, 18.16727], [74.175053, 18.166638], [74.176726, 18.167168], [74.177649, 18.167046], [74.178507, 18.169066], [74.178486, 18.170942], [74.179258, 18.17235], [74.18149, 18.173513], [74.183722, 18.172982], [74.184645, 18.174791], [74.186854, 18.176552], [74.193528, 18.178388], [74.194021, 18.178959], [74.195759, 18.179102], [74.195845, 18.178245], [74.196188, 18.177633], [74.196897, 18.176776], [74.196188, 18.176001], [74.196939, 18.175144], [74.199278, 18.172615], [74.20475, 18.171126], [74.20563, 18.17031], [74.205866, 18.168821], [74.20857, 18.166393], [74.211531, 18.166148], [74.213183, 18.166046], [74.21778, 18.157925], [74.218736, 18.157968], [74.218898, 18.157982], [74.224545, 18.158271]]]}}, {"type": "Feature", "properties": {"Pincode": "412306", "Office_Name": "Someshwarnagar S.O", "Division": "Baramati ", "Region": "Pune ", "Circle": "Maharashtra ", "_distFromHubKm": 55.92}, "geometry": {"type": "Polygon", "coordinates": [[[74.26949, 18.079597], [74.286487, 18.076134], [74.302578, 18.068643], [74.305211, 18.067417], [74.307027, 18.068513], [74.30821, 18.069725], [74.309272, 18.070706], [74.310315, 18.071522], [74.311476, 18.071743], [74.313588, 18.072144], [74.320045, 18.072235], [74.320561, 18.072754], [74.321016, 18.073389], [74.321744, 18.074658], [74.325819, 18.082782], [74.325877, 18.082897], [74.326215, 18.083571], [74.329439, 18.086053], [74.338425, 18.088245], [74.341528, 18.090128], [74.344497, 18.091937], [74.350053, 18.095303], [74.351006, 18.095881], [74.352743, 18.101215], [74.354465, 18.106501], [74.356351, 18.112291], [74.359742, 18.1227], [74.363622, 18.134611], [74.372635, 18.167205], [74.380445, 18.18304], [74.372619, 18.180459], [74.361801, 18.180999], [74.348206, 18.185839], [74.330788, 18.186618], [74.304003, 18.195489], [74.303756, 18.196203], [74.302227, 18.19639], [74.302533, 18.19558], [74.302478, 18.193599], [74.302425, 18.191704], [74.300966, 18.19099], [74.299447, 18.189795], [74.29661, 18.187564], [74.294808, 18.186666], [74.293907, 18.185402], [74.291702, 18.186204], [74.290549, 18.186368], [74.286635, 18.186925], [74.285694, 18.186867], [74.281506, 18.185454], [74.279685, 18.184386], [74.277865, 18.183694], [74.273252, 18.183146], [74.270521, 18.181069], [74.267851, 18.180694], [74.263162, 18.175404], [74.252526, 18.174351], [74.247777, 18.17438], [74.245258, 18.174639], [74.242967, 18.173131], [74.23705, 18.169266], [74.236321, 18.16664], [74.23532, 18.165227], [74.232721, 18.1649], [74.23272, 18.164899], [74.231396, 18.164259], [74.22916, 18.163178], [74.224545, 18.158271], [74.219471, 18.152664], [74.211944, 18.1402], [74.212551, 18.122195], [74.246423, 18.10742], [74.256864, 18.086755], [74.26949, 18.079597]]]}}, {"type": "Feature", "properties": {"Pincode": "412307", "Office_Name": "Manjari Farm S.O", "Division": "Pune City East ", "Region": "Pune ", "Circle": "Maharashtra ", "_distFromHubKm": 10.18}, "geometry": {"type": "Polygon", "coordinates": [[[73.958585, 18.536026], [73.957314, 18.534871], [73.956676, 18.534073], [73.956455, 18.533346], [73.956255, 18.532363], [73.954351, 18.523621], [73.953107, 18.52365], [73.952438, 18.520269], [73.952603, 18.519852], [73.953278, 18.518758], [73.953047, 18.518157], [73.952585, 18.518337], [73.952255, 18.518046], [73.951633, 18.517888], [73.951284, 18.517871], [73.950892, 18.517506], [73.9506, 18.517607], [73.950491, 18.517433], [73.950263, 18.51707], [73.950132, 18.516777], [73.95013, 18.516774], [73.950129, 18.516768], [73.950102, 18.516609], [73.950169, 18.516553], [73.950243, 18.51599], [73.950332, 18.515893], [73.95043, 18.515591], [73.950443, 18.515144], [73.950443, 18.515128], [73.950446, 18.515078], [73.950447, 18.51505], [73.950446, 18.515021], [73.950443, 18.514917], [73.950441, 18.514828], [73.950438, 18.514708], [73.950763, 18.51465], [73.951491, 18.514607], [73.951624, 18.514246], [73.951836, 18.514282], [73.952152, 18.514312], [73.952576, 18.514353], [73.952965, 18.514315], [73.95327, 18.513602], [73.953168, 18.512768], [73.952598, 18.511736], [73.952279, 18.511725], [73.952448, 18.511265], [73.951545, 18.510906], [73.950493, 18.511008], [73.951051, 18.508119], [73.950987, 18.50759], [73.949935, 18.507671], [73.949098, 18.507529], [73.949175, 18.505814], [73.949206, 18.505134], [73.949248, 18.504151], [73.951076, 18.504263], [73.954049, 18.504314], [73.954285, 18.504548], [73.956501, 18.504253], [73.95678, 18.504085], [73.957494, 18.504212], [73.95788, 18.504253], [73.957934, 18.50498], [73.958884, 18.505199], [73.959576, 18.505245], [73.959619, 18.504426], [73.958832, 18.50408], [73.958344, 18.503113], [73.958096, 18.501476], [73.958095, 18.501469], [73.957975, 18.5006], [73.957935, 18.499472], [73.957905, 18.498631], [73.957889, 18.498168], [73.957535, 18.496566], [73.957326, 18.496464], [73.956666, 18.496484], [73.956272, 18.496663], [73.956178, 18.496705], [73.956004, 18.496784], [73.955976, 18.496797], [73.955875, 18.496846], [73.955088, 18.497232], [73.954863, 18.496762], [73.954733, 18.496494], [73.95431, 18.495625], [73.954191, 18.495381], [73.954803, 18.495157], [73.954996, 18.495075], [73.954997, 18.495075], [73.956385, 18.494524], [73.956703, 18.494393], [73.956812, 18.494348], [73.956918, 18.494299], [73.957011, 18.494416], [73.957084, 18.49449], [73.957489, 18.494392], [73.958415, 18.493701], [73.958984, 18.493143], [73.959055, 18.493069], [73.959161, 18.492958], [73.959763, 18.492324], [73.960061, 18.492014], [73.960395, 18.491539], [73.960532, 18.491159], [73.9606, 18.490971], [73.960672, 18.490638], [73.960717, 18.490431], [73.960777, 18.489963], [73.960778, 18.489443], [73.960778, 18.489436], [73.960778, 18.489341], [73.960764, 18.488776], [73.960723, 18.488223], [73.960641, 18.487103], [73.960947, 18.485191], [73.961175, 18.484238], [73.961311, 18.483847], [73.961695, 18.482743], [73.962169, 18.481714], [73.962193, 18.481675], [73.962697, 18.480851], [73.96308, 18.480412], [73.963555, 18.480005], [73.965109, 18.479498], [73.965978, 18.479293], [73.966707, 18.481196], [73.967959, 18.481506], [73.969173, 18.481786], [73.970807, 18.482133], [73.972353, 18.481583], [73.973019, 18.480912], [73.974199, 18.480769], [73.975874, 18.48138], [73.976923, 18.481434], [73.978646, 18.480246], [73.97897, 18.482442], [73.978991, 18.482589], [73.979067, 18.483105], [73.979135, 18.483562], [73.979181, 18.483873], [73.979213, 18.484092], [73.979361, 18.484979], [73.97941, 18.485182], [73.979807, 18.486834], [73.980397, 18.486762], [73.981715, 18.490172], [73.98236, 18.491962], [73.982939, 18.491962], [73.983499, 18.494383], [73.986038, 18.494027], [73.990773, 18.493369], [73.99434, 18.492889], [73.997746, 18.49243], [74.000643, 18.491995], [74.002391, 18.491733], [74.00271, 18.491688], [74.00385, 18.491527], [74.003853, 18.491539], [74.004162, 18.492719], [74.004913, 18.495594], [74.00631, 18.500936], [74.000744, 18.503907], [73.998782, 18.506755], [73.997451, 18.514528], [73.998997, 18.519289], [74.001066, 18.5305], [74.002182, 18.529055], [74.002847, 18.529055], [74.003685, 18.529503], [74.004777, 18.530642], [74.006344, 18.530988], [74.007568, 18.529401], [74.008212, 18.528282], [74.008126, 18.527326], [74.008148, 18.526655], [74.008455, 18.529747], [74.008197, 18.531375], [74.008068, 18.531985], [74.007681, 18.533084], [74.007853, 18.533694], [74.007638, 18.534467], [74.007467, 18.535688], [74.007381, 18.53638], [74.007252, 18.537519], [74.007166, 18.538373], [74.006823, 18.539187], [74.00472, 18.539635], [74.003947, 18.541791], [74.003303, 18.547609], [74.002961, 18.548423], [74.002576, 18.550295], [74.000387, 18.55123], [73.994516, 18.55339], [73.994434, 18.55342], [73.993963, 18.553593], [73.99292, 18.553977], [73.988131, 18.553586], [73.986978, 18.553406], [73.986131, 18.552481], [73.985806, 18.552296], [73.985595, 18.552177], [73.984899, 18.551781], [73.981105, 18.550786], [73.975791, 18.548891], [73.971914, 18.547962], [73.970747, 18.546796], [73.969685, 18.545444], [73.967241, 18.54425], [73.964867, 18.542984], [73.963531, 18.541287], [73.960927, 18.538745], [73.958585, 18.536026]]]}}, {"type": "Feature", "properties": {"Pincode": "412308", "Office_Name": "Phursungi S.O", "Division": "Pune City East ", "Region": "Pune ", "Circle": "Maharashtra ", "_distFromHubKm": 7.98}, "geometry": {"type": "Polygon", "coordinates": [[[73.930641, 18.464751], [73.929338, 18.464014], [73.929215, 18.463505], [73.929596, 18.462528], [73.928752, 18.462214], [73.928042, 18.46107], [73.9261, 18.460628], [73.925804, 18.460304], [73.926246, 18.459634], [73.927059, 18.457666], [73.928444, 18.455745], [73.927214, 18.455389], [73.927097, 18.455277], [73.927117, 18.454851], [73.927062, 18.454781], [73.926859, 18.454712], [73.925489, 18.454572], [73.925583, 18.454021], [73.92561, 18.453467], [73.92558, 18.453194], [73.925434, 18.45314], [73.92526, 18.45156], [73.926528, 18.451624], [73.926887, 18.451476], [73.927041, 18.449273], [73.928629, 18.448662], [73.928776, 18.447819], [73.929005, 18.446505], [73.930572, 18.445395], [73.928168, 18.443197], [73.925305, 18.442545], [73.925573, 18.440978], [73.925381, 18.437406], [73.925476, 18.433263], [73.925339, 18.427643], [73.92544, 18.422874], [73.925953, 18.414137], [73.926555, 18.414642], [73.933681, 18.420614], [73.938204, 18.424712], [73.938417, 18.424584], [73.959312, 18.418931], [73.98697, 18.411448], [73.996895, 18.414924], [74.014611, 18.421127], [74.055139, 18.425167], [74.060255, 18.425677], [74.058654, 18.431317], [74.05865, 18.431331], [74.058644, 18.431353], [74.058636, 18.43138], [74.058448, 18.431429], [74.012714, 18.438469], [74.012711, 18.438469], [74.012525, 18.438498], [74.01012, 18.438868], [74.007826, 18.439221], [74.006541, 18.439419], [74.005859, 18.439524], [74.000967, 18.440225], [73.995904, 18.441056], [73.995875, 18.441061], [73.995867, 18.441062], [73.995836, 18.441067], [73.995783, 18.441075], [73.995776, 18.441076], [73.995716, 18.441085], [73.995575, 18.441107], [73.990858, 18.441823], [73.990861, 18.441833], [73.99086, 18.441833], [73.994393, 18.455351], [74.001446, 18.451701], [74.003084, 18.452737], [74.004442, 18.454845], [74.004996, 18.456472], [74.000368, 18.465927], [73.999864, 18.466777], [74.000216, 18.467556], [74.000261, 18.467608], [74.000503, 18.468204], [74.000484, 18.46837], [74.000666, 18.468606], [74.001732, 18.471236], [74.002317, 18.472677], [74.002318, 18.47276], [74.002394, 18.472965], [74.002504, 18.473328], [74.002561, 18.473691], [74.00291, 18.474893], [74.003042, 18.475462], [74.003247, 18.476034], [74.003657, 18.477206], [74.003998, 18.478372], [74.00429, 18.479548], [74.004444, 18.4801], [74.004509, 18.480333], [74.004669, 18.480906], [74.00494, 18.482108], [74.005785, 18.485857], [74.006975, 18.488299], [74.007791, 18.491056], [74.003853, 18.491539], [74.00385, 18.491527], [74.00271, 18.491688], [74.002391, 18.491733], [74.000643, 18.491995], [73.997746, 18.49243], [73.99434, 18.492889], [73.990773, 18.493369], [73.986038, 18.494027], [73.983499, 18.494383], [73.982939, 18.491962], [73.98236, 18.491962], [73.981715, 18.490172], [73.980397, 18.486762], [73.979807, 18.486834], [73.97941, 18.485182], [73.979361, 18.484979], [73.979213, 18.484092], [73.979181, 18.483873], [73.979135, 18.483562], [73.979067, 18.483105], [73.978991, 18.482589], [73.97897, 18.482442], [73.978646, 18.480246], [73.976923, 18.481434], [73.975874, 18.48138], [73.974199, 18.480769], [73.973019, 18.480912], [73.972353, 18.481583], [73.970807, 18.482133], [73.969173, 18.481786], [73.967959, 18.481506], [73.966707, 18.481196], [73.965978, 18.479293], [73.965109, 18.479498], [73.963555, 18.480005], [73.96308, 18.480412], [73.962697, 18.480851], [73.962193, 18.481675], [73.962169, 18.481714], [73.961695, 18.482743], [73.961311, 18.483847], [73.961175, 18.484238], [73.960947, 18.485191], [73.960641, 18.487103], [73.960723, 18.488223], [73.960764, 18.488776], [73.960778, 18.489341], [73.960778, 18.489436], [73.960778, 18.489443], [73.960777, 18.489963], [73.960717, 18.490431], [73.960672, 18.490638], [73.9606, 18.490971], [73.960532, 18.491159], [73.960395, 18.491539], [73.960061, 18.492014], [73.959763, 18.492324], [73.959161, 18.492958], [73.959055, 18.493069], [73.958984, 18.493143], [73.958415, 18.493701], [73.957489, 18.494392], [73.957084, 18.49449], [73.957011, 18.494416], [73.956918, 18.494299], [73.956812, 18.494348], [73.956703, 18.494393], [73.956385, 18.494524], [73.956339, 18.494542], [73.955732, 18.49477], [73.955541, 18.493895], [73.955501, 18.493782], [73.955467, 18.493717], [73.955402, 18.493625], [73.954726, 18.493686], [73.954588, 18.493519], [73.951893, 18.493684], [73.951886, 18.493684], [73.950778, 18.493723], [73.950116, 18.493802], [73.949851, 18.493132], [73.949848, 18.493125], [73.949847, 18.493122], [73.949632, 18.492433], [73.949364, 18.49173], [73.949228, 18.491303], [73.949119, 18.490945], [73.949061, 18.490749], [73.948922, 18.490354], [73.948828, 18.490087], [73.948776, 18.489942], [73.948664, 18.489557], [73.948623, 18.489386], [73.948485, 18.489023], [73.948334, 18.488454], [73.948253, 18.488046], [73.948159, 18.488006], [73.947577, 18.488075], [73.946549, 18.488228], [73.946093, 18.487698], [73.945884, 18.48721], [73.945886, 18.486966], [73.945868, 18.486769], [73.94586, 18.486523], [73.945825, 18.486185], [73.945764, 18.485737], [73.945713, 18.485496], [73.945669, 18.485367], [73.945638, 18.485245], [73.945608, 18.485128], [73.945493, 18.484783], [73.945412, 18.483941], [73.945321, 18.483331], [73.945222, 18.482939], [73.944929, 18.481995], [73.944779, 18.481227], [73.944575, 18.48054], [73.94449, 18.48026], [73.944301, 18.479919], [73.943496, 18.479472], [73.943473, 18.479067], [73.94377, 18.478925], [73.943583, 18.478116], [73.943255, 18.478121], [73.943197, 18.477434], [73.942053, 18.477447], [73.942046, 18.477024], [73.940887, 18.476911], [73.940715, 18.476892], [73.939605, 18.476788], [73.939653, 18.475803], [73.939676, 18.475149], [73.939589, 18.474713], [73.939394, 18.474178], [73.939329, 18.474001], [73.939319, 18.473974], [73.939297, 18.473913], [73.939148, 18.473507], [73.939125, 18.473443], [73.939105, 18.473388], [73.939047, 18.473228], [73.938963, 18.472993], [73.93891, 18.472904], [73.938834, 18.472267], [73.938804, 18.472015], [73.938762, 18.47168], [73.938163, 18.471686], [73.937738, 18.471713], [73.937589, 18.470792], [73.937251, 18.47073], [73.937082, 18.469075], [73.93674, 18.468586], [73.93529, 18.469191], [73.93488, 18.468799], [73.934659, 18.46808], [73.935231, 18.467388], [73.934984, 18.465739], [73.934501, 18.465672], [73.933606, 18.46551], [73.931434, 18.464903], [73.930838, 18.464654], [73.930641, 18.464751]]]}}, {"type": "Feature", "properties": {"Pincode": "412311", "Office_Name": "Parinche S.O", "Division": "Baramati ", "Region": "Pune ", "Circle": "Maharashtra ", "_distFromHubKm": 32.85}, "geometry": {"type": "Polygon", "coordinates": [[[74.101684, 18.167113], [74.10195, 18.167444], [74.102042, 18.167559], [74.102421, 18.168033], [74.103028, 18.16879], [74.103063, 18.174723], [74.103082, 18.177923], [74.10309, 18.179168], [74.103099, 18.180638], [74.103109, 18.18235], [74.103125, 18.185], [74.103134, 18.186533], [74.106047, 18.191783], [74.108428, 18.195097], [74.110974, 18.198641], [74.11174, 18.199706], [74.112114, 18.200227], [74.112499, 18.200763], [74.114207, 18.20314], [74.115686, 18.205199], [74.116094, 18.205765], [74.116532, 18.206375], [74.117389, 18.207569], [74.117943, 18.208339], [74.083655, 18.211638], [74.081739, 18.213326], [74.080482, 18.215454], [74.080188, 18.216754], [74.07925, 18.21754], [74.078547, 18.217778], [74.075529, 18.218798], [74.075117, 18.219308], [74.075069, 18.219368], [74.074886, 18.219594], [74.074832, 18.219661], [74.074626, 18.219916], [74.074485, 18.220091], [74.074481, 18.220096], [74.074446, 18.220139], [74.071552, 18.223721], [74.072773, 18.22769], [74.072687, 18.228743], [74.072682, 18.228801], [74.072675, 18.228882], [74.072669, 18.22896], [74.07266, 18.229071], [74.072659, 18.229084], [74.072648, 18.229219], [74.072622, 18.229534], [74.072589, 18.229934], [74.073104, 18.233019], [74.074037, 18.238606], [74.074645, 18.242246], [74.075701, 18.243817], [74.075914, 18.244754], [74.075856, 18.245784], [74.076411, 18.252828], [74.057956, 18.256446], [74.052881, 18.257441], [74.052358, 18.256651], [74.052389, 18.255422], [74.025276, 18.265922], [74.024174, 18.266349], [74.023203, 18.271597], [74.022475, 18.273298], [74.021428, 18.273759], [74.018378, 18.275489], [74.015753, 18.275273], [74.014357, 18.275662], [74.011672, 18.275907], [74.008167, 18.276614], [74.005603, 18.276325], [73.997834, 18.277752], [73.996393, 18.276066], [73.996929, 18.275647], [73.99577, 18.275556], [73.987688, 18.27843], [73.972404, 18.261618], [73.967792, 18.230475], [73.996681, 18.176248], [74.024335, 18.166817], [74.046871, 18.159131], [74.062954, 18.163461], [74.070714, 18.162619], [74.088956, 18.161434], [74.092309, 18.161216], [74.093617, 18.161131], [74.096731, 18.160929], [74.099906, 18.164893], [74.101684, 18.167113]]]}}, {"type": "Feature", "properties": {"Pincode": "412312", "Office_Name": "Veer S.O", "Division": "Baramati ", "Region": "Pune ", "Circle": "Maharashtra ", "_distFromHubKm": 40.25}, "geometry": {"type": "Polygon", "coordinates": [[[74.096731, 18.160929], [74.093617, 18.161131], [74.092309, 18.161216], [74.088956, 18.161434], [74.070714, 18.162619], [74.062954, 18.163461], [74.046871, 18.159131], [74.024335, 18.166817], [74.033672, 18.136181], [74.035433, 18.135316], [74.037647, 18.134883], [74.039569, 18.136146], [74.04062, 18.136788], [74.041833, 18.137237], [74.042455, 18.137471], [74.042444, 18.137471], [74.04271, 18.13757], [74.042822, 18.137611], [74.042983, 18.137685], [74.043065, 18.137718], [74.04312, 18.137738], [74.043177, 18.137762], [74.043217, 18.137776], [74.043239, 18.137784], [74.043282, 18.137801], [74.043648, 18.137938], [74.04474, 18.139724], [74.045007, 18.140225], [74.045651, 18.141999], [74.045886, 18.142655], [74.046735, 18.143242], [74.047444, 18.143772], [74.048152, 18.143935], [74.049783, 18.144322], [74.050137, 18.14574], [74.05048, 18.14678], [74.05077, 18.147921], [74.05106, 18.14733], [74.05328, 18.143283], [74.054106, 18.14367], [74.055158, 18.14418], [74.056134, 18.144628], [74.056523, 18.144923], [74.057894, 18.147308], [74.058752, 18.147757], [74.059567, 18.145757], [74.058666, 18.143594], [74.059138, 18.141962], [74.061584, 18.142166], [74.06476, 18.143758], [74.065189, 18.14588], [74.066348, 18.147553], [74.067121, 18.145594], [74.068708, 18.144982], [74.06828, 18.143454], [74.068022, 18.142534], [74.068451, 18.141146], [74.070253, 18.140656], [74.071403, 18.140215], [74.0727, 18.139718], [74.072077, 18.138323], [74.072345, 18.137619], [74.073397, 18.136793], [74.074404, 18.136559], [74.074759, 18.136477], [74.075544, 18.136538], [74.076208, 18.136589], [74.076873, 18.136466], [74.077163, 18.135977], [74.076543, 18.13555], [74.076465, 18.135497], [74.076422, 18.135467], [74.076386, 18.135441], [74.076228, 18.135327], [74.075912, 18.135098], [74.075124, 18.134528], [74.075296, 18.134222], [74.076401, 18.134355], [74.076862, 18.13412], [74.077313, 18.133212], [74.077302, 18.132641], [74.077914, 18.131916], [74.078729, 18.131345], [74.079416, 18.129876], [74.079727, 18.129754], [74.080188, 18.129958], [74.080408, 18.130401], [74.081068, 18.131468], [74.081604, 18.13159], [74.082162, 18.131416], [74.083107, 18.131121], [74.08419, 18.131855], [74.086307, 18.131439], [74.087218, 18.130747], [74.087509, 18.131643], [74.087597, 18.131915], [74.088113, 18.131959], [74.089812, 18.130602], [74.090965, 18.130444], [74.091451, 18.131223], [74.091329, 18.131497], [74.091972, 18.131881], [74.092513, 18.132204], [74.093939, 18.132218], [74.092027, 18.138538], [74.088804, 18.142636], [74.088766, 18.147793], [74.090088, 18.148856], [74.090814, 18.154083], [74.093275, 18.156161], [74.093327, 18.156205], [74.093351, 18.156237], [74.093356, 18.156242], [74.093363, 18.156251], [74.095134, 18.158065], [74.096731, 18.160929]]]}}, {"type": "Feature", "properties": {"Pincode": "412403", "Office_Name": "Pabal S.O", "Division": "Baramati ", "Region": "Pune ", "Circle": "Maharashtra ", "_distFromHubKm": 43.85}, "geometry": {"type": "Polygon", "coordinates": [[[74.030289, 18.743912], [74.052863, 18.732914], [74.089903, 18.754518], [74.090631, 18.761645], [74.0984, 18.793313], [74.071625, 18.81848], [74.071587, 18.818515], [74.07146, 18.818635], [74.071395, 18.818696], [74.071341, 18.818747], [74.069623, 18.820362], [74.069581, 18.820402], [74.069521, 18.820457], [74.069309, 18.820657], [74.078364, 18.838177], [74.078385, 18.838217], [74.078579, 18.838593], [74.079467, 18.840311], [74.079499, 18.840373], [74.079524, 18.840422], [74.079542, 18.840457], [74.079752, 18.840863], [74.079765, 18.840888], [74.080371, 18.842061], [74.081497, 18.844239], [74.095917, 18.851709], [74.104733, 18.860856], [74.068966, 18.866006], [74.042358, 18.870717], [74.03326, 18.866656], [74.015923, 18.851061], [74.024935, 18.833014], [74.025928, 18.826834], [74.026935, 18.820567], [74.022736, 18.786351], [74.018154, 18.749009], [74.025449, 18.745549], [74.030289, 18.743912]]]}}, {"type": "Feature", "properties": {"Pincode": "412404", "Office_Name": "Kadus S.O", "Division": "Pune Moffusil ", "Region": "Pune ", "Circle": "Maharashtra ", "_distFromHubKm": 56.02}, "geometry": {"type": "Polygon", "coordinates": [[[73.671541, 18.940808], [73.671485, 18.940469], [73.672143, 18.939991], [73.672144, 18.939991], [73.672146, 18.939987], [73.674661, 18.929347], [73.683513, 18.921553], [73.709732, 18.935791], [73.735708, 18.910071], [73.724541, 18.894912], [73.736046, 18.889141], [73.746409, 18.883917], [73.771917, 18.871147], [73.805139, 18.854483], [73.830957, 18.877336], [73.857333, 18.90318], [73.854884, 18.909686], [73.845317, 18.904673], [73.819705, 18.91409], [73.796278, 18.96122], [73.772608, 18.963344], [73.770559, 18.978694], [73.773951, 18.979337], [73.777949, 18.979644], [73.769376, 18.989127], [73.768941, 18.99082], [73.768724, 18.992442], [73.769992, 18.997032], [73.772056, 18.998626], [73.770484, 18.998812], [73.749434, 18.988405], [73.733025, 18.983001], [73.718688, 18.973202], [73.707689, 18.967763], [73.692253, 18.96013], [73.674967, 18.943973], [73.673199, 18.942321], [73.673196, 18.942292], [73.672999, 18.942134], [73.672851, 18.941995], [73.672832, 18.941978], [73.671618, 18.940843], [73.671541, 18.940808]]]}}, {"type": "Feature", "properties": {"Pincode": "412405", "Office_Name": "Avsari KH S.O", "Division": "Pune Moffusil ", "Region": "Pune ", "Circle": "Maharashtra ", "_distFromHubKm": 57.18}, "geometry": {"type": "Polygon", "coordinates": [[[73.926835, 18.954045], [73.992049, 18.944402], [73.991489, 18.95052], [73.990714, 18.958982], [74.001401, 18.969658], [73.968002, 18.988159], [73.961203, 18.991925], [73.950638, 18.991237], [73.950395, 18.980907], [73.929142, 18.979874], [73.926835, 18.954045]]]}}, {"type": "Feature", "properties": {"Pincode": "412801", "Office_Name": "Shirval S.O", "Division": "Satara ", "Region": "Pune ", "Circle": "Maharashtra ", "_distFromHubKm": 34.82}, "geometry": {"type": "Polygon", "coordinates": [[[73.880032, 18.172455], [73.867044, 18.1585], [73.889439, 18.149215], [73.880482, 18.134596], [73.867393, 18.12652], [73.875844, 18.116714], [73.887691, 18.105515], [73.886948, 18.103644], [73.888593, 18.103883], [73.891513, 18.104393], [73.896339, 18.105025], [73.926264, 18.06834], [73.970673, 18.076101], [73.97737, 18.076637], [73.991031, 18.081977], [74.000302, 18.083201], [74.003992, 18.083935], [74.007769, 18.084343], [74.01103, 18.085077], [74.014334, 18.085649], [74.015879, 18.086138], [74.017253, 18.086791], [74.019356, 18.088178], [74.019957, 18.08879], [74.021459, 18.089116], [74.022832, 18.089361], [74.023379, 18.088337], [74.033945, 18.092502], [74.022609, 18.109308], [74.02004, 18.118934], [74.023818, 18.124644], [74.028756, 18.130261], [74.019836, 18.137507], [74.017742, 18.13993], [74.012614, 18.143505], [74.010124, 18.144226], [74.009892, 18.142292], [74.008112, 18.143731], [74.006452, 18.146533], [74.004443, 18.151806], [74.004632, 18.156363], [74.00467, 18.157274], [74.004654, 18.157599], [74.004502, 18.157895], [74.004445, 18.157955], [74.004245, 18.158486], [74.002538, 18.158096], [74.001946, 18.157916], [74.001796, 18.157823], [74.001095, 18.157668], [74.000832, 18.156998], [74.000827, 18.156977], [73.999486, 18.155873], [73.998595, 18.154263], [73.996203, 18.152285], [73.994921, 18.152646], [73.992675, 18.151522], [73.989776, 18.15201], [73.984301, 18.15158], [73.98339, 18.151724], [73.982695, 18.152764], [73.981872, 18.152589], [73.980568, 18.152733], [73.980818, 18.15441], [73.980173, 18.154939], [73.979611, 18.15517], [73.978033, 18.155703], [73.976987, 18.155876], [73.975804, 18.156129], [73.973482, 18.156626], [73.973011, 18.157159], [73.972314, 18.157505], [73.971676, 18.15739], [73.971024, 18.157174], [73.970796, 18.157318], [73.96852, 18.160259], [73.967458, 18.161874], [73.965956, 18.163503], [73.964029, 18.165795], [73.961859, 18.167453], [73.957592, 18.170149], [73.94902, 18.177884], [73.947263, 18.178697], [73.946641, 18.178741], [73.946186, 18.178899], [73.945518, 18.178971], [73.942833, 18.179678], [73.94177, 18.179879], [73.941257, 18.179609], [73.939619, 18.176149], [73.939662, 18.174641], [73.938545, 18.172969], [73.933616, 18.171379], [73.927616, 18.171302], [73.92461, 18.17159], [73.923002, 18.171475], [73.922122, 18.171042], [73.921242, 18.170466], [73.919603, 18.168592], [73.915007, 18.167016], [73.914192, 18.166465], [73.913548, 18.16565], [73.913033, 18.164855], [73.911982, 18.16406], [73.908913, 18.163468], [73.908377, 18.162918], [73.908011, 18.161614], [73.907586, 18.15948], [73.90528, 18.158039], [73.902427, 18.158327], [73.901547, 18.159077], [73.900061, 18.159596], [73.899901, 18.162331], [73.899601, 18.167464], [73.898892, 18.170135], [73.89842, 18.170849], [73.898163, 18.171766], [73.897693, 18.172419], [73.89679, 18.174427], [73.896285, 18.175334], [73.89635, 18.176282], [73.896296, 18.177322], [73.895974, 18.178372], [73.896115, 18.178971], [73.896207, 18.179461], [73.895921, 18.180278], [73.895797, 18.180527], [73.895663, 18.180798], [73.895114, 18.181191], [73.89393, 18.181912], [73.893201, 18.181609], [73.892534, 18.181393], [73.891563, 18.180701], [73.890319, 18.179807], [73.889973, 18.178829], [73.888963, 18.177842], [73.889043, 18.177631], [73.888937, 18.177495], [73.888929, 18.177483], [73.888263, 18.176951], [73.887836, 18.176403], [73.886142, 18.173763], [73.88559, 18.173509], [73.884478, 18.173493], [73.883552, 18.17296], [73.88249, 18.17208], [73.880698, 18.171879], [73.880032, 18.172455]]]}}, {"type": "Feature", "properties": {"Pincode": "412802", "Office_Name": "Khandala Bavada S.O", "Division": "Satara ", "Region": "Pune ", "Circle": "Maharashtra ", "_distFromHubKm": 48.5}, "geometry": {"type": "Polygon", "coordinates": [[[73.86097, 18.051187], [73.861138, 18.051173], [73.862125, 18.051831], [73.863085, 18.052479], [73.863884, 18.052938], [73.864228, 18.053132], [73.865139, 18.053632], [73.868669, 18.055315], [73.871384, 18.056621], [73.880566, 18.060933], [73.883354, 18.057136], [73.885385, 18.05437], [73.887296, 18.051767], [73.889021, 18.049011], [73.891508, 18.046031], [73.89151, 18.046028], [73.891511, 18.046027], [73.891513, 18.046024], [73.891521, 18.046018], [73.891528, 18.046006], [73.89153, 18.046003], [73.891547, 18.045981], [73.891586, 18.045932], [73.891801, 18.045634], [73.89201, 18.045382], [73.892096, 18.045263], [73.892197, 18.045122], [73.892206, 18.04511], [73.892211, 18.045103], [73.892498, 18.044687], [73.892523, 18.04468], [73.892539, 18.044675], [73.892574, 18.044661], [73.917731, 18.036688], [73.943429, 18.03136], [73.946707, 18.03068], [73.947367, 18.030543], [73.950645, 18.029863], [73.951434, 18.0297], [73.957165, 18.028512], [73.963395, 18.02722], [73.967417, 18.025945], [73.972752, 18.024685], [73.974029, 18.024354], [73.975191, 18.024042], [73.977609, 18.023535], [73.980222, 18.022817], [73.982942, 18.02215], [73.988249, 18.020761], [73.989341, 18.020484], [73.990305, 18.020209], [73.991249, 18.019975], [73.991359, 18.019939], [73.991456, 18.019822], [73.991878, 18.019714], [73.992622, 18.019773], [73.994322, 18.019369], [73.995202, 18.019167], [73.995945, 18.018943], [73.998054, 18.018301], [73.998282, 18.018218], [74.0, 18.017753], [74.000744, 18.01754], [74.002341, 18.017111], [74.003604, 18.016808], [74.003812, 18.016779], [74.003919, 18.016725], [74.004347, 18.016624], [74.004506, 18.016573], [74.004742, 18.016498], [74.004969, 18.016444], [74.005087, 18.016407], [74.005276, 18.016361], [74.005508, 18.016303], [74.005614, 18.016267], [74.005693, 18.016268], [74.0058, 18.016227], [74.005948, 18.016169], [74.005985, 18.016156], [74.006025, 18.016146], [74.006076, 18.016123], [74.006141, 18.016107], [74.00567, 18.01616], [74.006057, 18.016038], [74.006326, 18.016107], [74.00637, 18.016072], [74.00644, 18.016057], [74.006521, 18.016034], [74.006599, 18.016036], [74.006669, 18.016018], [74.006706, 18.016003], [74.006779, 18.015975], [74.006841, 18.015949], [74.006921, 18.015924], [74.00698, 18.015893], [74.007036, 18.015875], [74.007098, 18.01585], [74.007146, 18.015837], [74.007256, 18.015819], [74.007329, 18.015794], [74.007398, 18.015783], [74.007457, 18.015773], [74.007519, 18.01576], [74.007584, 18.015745], [74.00764, 18.01572], [74.007728, 18.015694], [74.007841, 18.015669], [74.007946, 18.01563], [74.008013, 18.015593], [74.008101, 18.01557], [74.008141, 18.01556], [74.00825, 18.015533], [74.0083, 18.015518], [74.008329, 18.01551], [74.008372, 18.0155], [74.008427, 18.015482], [74.008467, 18.01547], [74.008515, 18.015447], [74.008547, 18.015435], [74.008563, 18.01543], [74.008573, 18.01543], [74.008586, 18.015426], [74.008606, 18.01542], [74.008619, 18.015416], [74.008639, 18.015409], [74.008686, 18.015398], [74.008721, 18.01539], [74.00877, 18.015382], [74.008813, 18.015372], [74.00883, 18.015369], [74.008842, 18.015369], [74.008856, 18.015368], [74.008878, 18.015364], [74.008896, 18.015361], [74.008918, 18.015354], [74.008949, 18.015348], [74.008974, 18.015339], [74.009005, 18.015333], [74.009022, 18.015329], [74.009045, 18.015318], [74.00909, 18.015305], [74.00912, 18.015298], [74.009235, 18.015277], [74.0093, 18.015253], [74.009345, 18.015244], [74.009389, 18.015237], [74.009437, 18.015219], [74.009484, 18.015209], [74.009531, 18.015194], [74.00958, 18.015181], [74.009651, 18.015165], [74.009696, 18.015149], [74.009742, 18.015143], [74.009787, 18.015128], [74.009862, 18.01511], [74.009885, 18.015101], [74.009944, 18.015088], [74.010019, 18.015071], [74.010054, 18.015061], [74.010298, 18.015002], [74.010415, 18.014973], [74.010536, 18.014964], [74.010578, 18.014957], [74.010648, 18.014936], [74.010688, 18.014921], [74.010735, 18.014909], [74.010777, 18.014901], [74.010847, 18.014876], [74.011098, 18.014765], [74.011315, 18.014641], [74.011492, 18.014592], [74.011685, 18.014559], [74.011738, 18.014528], [74.011769, 18.014596], [74.012016, 18.014534], [74.012085, 18.014516], [74.012093, 18.014514], [74.012179, 18.014493], [74.01288, 18.014281], [74.012944, 18.014262], [74.013129, 18.014213], [74.013188, 18.014201], [74.013621, 18.014096], [74.013657, 18.014094], [74.013777, 18.014063], [74.013931, 18.014018], [74.015522, 18.013615], [74.017096, 18.012552], [74.018025, 18.012549], [74.018455, 18.012325], [74.018863, 18.012386], [74.049697, 18.007284], [74.051607, 18.006917], [74.052208, 18.006795], [74.05298, 18.00659], [74.053495, 18.006509], [74.054461, 18.006366], [74.055185, 18.006754], [74.055292, 18.006759], [74.055426, 18.006718], [74.05585, 18.006667], [74.055946, 18.006687], [74.056038, 18.006575], [74.056129, 18.006626], [74.056193, 18.006606], [74.056274, 18.006585], [74.056381, 18.00658], [74.056445, 18.006463], [74.056917, 18.005366], [74.057229, 18.005187], [74.057738, 18.00507], [74.058607, 18.004897], [74.059009, 18.004244], [74.060083, 18.004937], [74.06156, 18.006101], [74.072059, 18.004745], [74.072906, 18.005553], [74.08262, 18.02356], [74.091455, 18.031138], [74.094028, 18.042259], [74.101796, 18.058416], [74.114663, 18.078033], [74.123192, 18.088562], [74.124224, 18.089255], [74.12562, 18.09038], [74.126986, 18.091707], [74.127684, 18.092082], [74.127471, 18.092687], [74.128351, 18.093437], [74.12908, 18.094303], [74.130445, 18.095255], [74.13084, 18.096437], [74.131416, 18.096697], [74.131841, 18.097418], [74.131618, 18.098213], [74.12668, 18.098485], [74.095305, 18.094476], [74.062444, 18.094043], [74.059772, 18.093841], [74.058618, 18.094101], [74.057495, 18.093553], [74.056889, 18.093639], [74.056099, 18.09361], [74.055037, 18.093437], [74.054066, 18.093524], [74.053155, 18.093582], [74.052426, 18.093466], [74.051546, 18.093553], [74.05103, 18.09338], [74.050605, 18.093466], [74.049361, 18.093437], [74.047874, 18.093408], [74.043565, 18.093293], [74.038862, 18.093351], [74.033945, 18.092502], [74.023379, 18.088337], [74.022832, 18.089361], [74.021459, 18.089116], [74.019957, 18.08879], [74.019356, 18.088178], [74.017253, 18.086791], [74.015879, 18.086138], [74.014334, 18.085649], [74.01103, 18.085077], [74.007769, 18.084343], [74.003992, 18.083935], [74.000302, 18.083201], [73.991031, 18.081977], [73.97737, 18.076637], [73.970673, 18.076101], [73.926264, 18.06834], [73.896339, 18.105025], [73.891513, 18.104393], [73.888593, 18.103883], [73.886948, 18.103644], [73.886526, 18.103749], [73.886404, 18.103417], [73.886162, 18.102696], [73.885843, 18.102062], [73.885054, 18.100028], [73.879303, 18.086514], [73.873615, 18.070064], [73.873444, 18.065944], [73.86971, 18.062272], [73.865134, 18.05634], [73.860945, 18.051372], [73.86097, 18.051187]]]}}, {"type": "Feature", "properties": {"Pincode": "412803", "Office_Name": "Wai S.O", "Division": "Satara ", "Region": "Pune ", "Circle": "Maharashtra ", "_distFromHubKm": 53.69}, "geometry": {"type": "Polygon", "coordinates": [[[73.644746, 17.985754], [73.667753, 17.980039], [73.676168, 17.976284], [73.676684, 17.965344], [73.68059, 17.960641], [73.688349, 17.9513], [73.702432, 17.946891], [73.715464, 17.946891], [73.715636, 17.940032], [73.729891, 17.934152], [73.738155, 17.932238], [73.743287, 17.931049], [73.746977, 17.931081], [73.747062, 17.931055], [73.747204, 17.931059], [73.747306, 17.931057], [73.747593, 17.931062], [73.7483, 17.931068], [73.749371, 17.931103], [73.751192, 17.931119], [73.751843, 17.931124], [73.754785, 17.93115], [73.755255, 17.932315], [73.755791, 17.933642], [73.757079, 17.935765], [73.767743, 17.941195], [73.773444, 17.935455], [73.778514, 17.930572], [73.781195, 17.92799], [73.790664, 17.926893], [73.795789, 17.929027], [73.798986, 17.930358], [73.799196, 17.931514], [73.799222, 17.931656], [73.799247, 17.931796], [73.799273, 17.931939], [73.799287, 17.932014], [73.799294, 17.93205], [73.7993, 17.932088], [73.799351, 17.932366], [73.799403, 17.932652], [73.800299, 17.937579], [73.801346, 17.943339], [73.803588, 17.942425], [73.805809, 17.941519], [73.808135, 17.94057], [73.81046, 17.939622], [73.811784, 17.939082], [73.811886, 17.939039], [73.811891, 17.939036], [73.812019, 17.938984], [73.812218, 17.938904], [73.812608, 17.938746], [73.813232, 17.938492], [73.81506, 17.937746], [73.818097, 17.936507], [73.820159, 17.937752], [73.822175, 17.938969], [73.824253, 17.940224], [73.826403, 17.941523], [73.828302, 17.942669], [73.83041, 17.943942], [73.834347, 17.946319], [73.83735, 17.934969], [73.853807, 17.932764], [73.860309, 17.939889], [73.874062, 17.941318], [73.87644, 17.938154], [73.884504, 17.932411], [73.884554, 17.932376], [73.884391, 17.931623], [73.883861, 17.929173], [73.883781, 17.928803], [73.888449, 17.926356], [73.889694, 17.925703], [73.889876, 17.925608], [73.891183, 17.925151], [73.89272, 17.924612], [73.894197, 17.924095], [73.895385, 17.923679], [73.90039, 17.928803], [73.904716, 17.930722], [73.906626, 17.93207], [73.908194, 17.931059], [73.91048, 17.931465], [73.910686, 17.931501], [73.911991, 17.931733], [73.913965, 17.930345], [73.915575, 17.928385], [73.91759, 17.927885], [73.920145, 17.929651], [73.92226, 17.929498], [73.922709, 17.928968], [73.922755, 17.928914], [73.923251, 17.928329], [73.923271, 17.928305], [73.924168, 17.927248], [73.924176, 17.927238], [73.924571, 17.926772], [73.924579, 17.926763], [73.924696, 17.926625], [73.929589, 17.930273], [73.930447, 17.931131], [73.933425, 17.93158], [73.938351, 17.932019], [73.938361, 17.932662], [73.938394, 17.933805], [73.939199, 17.935612], [73.937653, 17.939787], [73.937557, 17.94636], [73.936957, 17.948361], [73.937751, 17.949416], [73.935981, 17.949037], [73.922934, 17.947217], [73.916666, 17.955056], [73.927657, 17.963139], [73.926541, 17.977917], [73.936674, 17.989019], [73.937964, 18.009509], [73.932725, 18.017344], [73.936604, 18.021701], [73.938675, 18.02468], [73.939766, 18.026564], [73.940418, 18.027417], [73.940466, 18.02748], [73.940486, 18.027506], [73.941278, 18.028543], [73.94193, 18.029398], [73.943429, 18.03136], [73.917731, 18.036688], [73.892574, 18.044661], [73.892539, 18.044675], [73.892523, 18.04468], [73.892498, 18.044687], [73.892211, 18.045103], [73.892206, 18.04511], [73.892197, 18.045122], [73.892096, 18.045263], [73.89201, 18.045382], [73.891801, 18.045634], [73.891586, 18.045932], [73.891547, 18.045981], [73.89153, 18.046003], [73.891528, 18.046006], [73.891521, 18.046018], [73.891513, 18.046024], [73.891511, 18.046027], [73.89151, 18.046028], [73.891508, 18.046031], [73.889021, 18.049011], [73.887296, 18.051767], [73.885385, 18.05437], [73.883354, 18.057136], [73.880566, 18.060933], [73.871384, 18.056621], [73.868669, 18.055315], [73.865139, 18.053632], [73.864228, 18.053132], [73.863884, 18.052938], [73.863085, 18.052479], [73.862125, 18.051831], [73.861138, 18.051173], [73.86097, 18.051187], [73.860905, 18.05111], [73.860904, 18.05111], [73.860903, 18.051108], [73.856438, 18.04663], [73.852759, 18.046644], [73.848982, 18.04591], [73.838762, 18.043716], [73.825892, 18.042197], [73.819456, 18.040238], [73.810616, 18.042523], [73.791947, 18.031954], [73.777528, 18.027343], [73.764997, 18.034607], [73.750319, 18.037218], [73.753581, 18.04134], [73.730879, 18.033015], [73.72457, 18.03379], [73.725967, 18.036531], [73.726984, 18.039705], [73.720034, 18.041097], [73.713282, 18.042533], [73.707069, 18.043788], [73.705392, 18.044138], [73.703883, 18.044459], [73.703109, 18.044632], [73.702384, 18.044794], [73.701971, 18.044863], [73.701474, 18.044989], [73.700579, 18.045176], [73.70049, 18.045173], [73.700452, 18.045112], [73.700341, 18.045056], [73.700507, 18.044995], [73.679418, 18.034729], [73.658829, 18.030485], [73.6511, 18.021181], [73.652302, 18.012529], [73.651959, 18.002734], [73.644746, 17.985754]]]}}, {"type": "Feature", "properties": {"Pincode": "415516", "Office_Name": "Kavathe S.O", "Division": "Satara ", "Region": "Pune ", "Circle": "Maharashtra ", "_distFromHubKm": 58.93}, "geometry": {"type": "Polygon", "coordinates": [[[73.933425, 17.93158], [73.939347, 17.929743], [73.938356, 17.927987], [73.940389, 17.926797], [73.945265, 17.923944], [73.948401, 17.923414], [73.955223, 17.92031], [73.957667, 17.917003], [73.964537, 17.91296], [73.967329, 17.915318], [73.971278, 17.91856], [73.974423, 17.922291], [73.975309, 17.92521], [73.977417, 17.924057], [73.97952, 17.92373], [73.986161, 17.922883], [73.990462, 17.923291], [73.9957, 17.924761], [73.996429, 17.927374], [74.001624, 17.929906], [74.002869, 17.935418], [74.001893, 17.939163], [74.004628, 17.941765], [74.007082, 17.943945], [74.009483, 17.946172], [74.005832, 17.948034], [74.000851, 17.949667], [73.994368, 17.950851], [73.987541, 17.949912], [73.981058, 17.9513], [73.967928, 17.951872], [73.958197, 17.95043], [73.959305, 17.953097], [73.961191, 17.957424], [73.949069, 17.952212], [73.942726, 17.95048], [73.937751, 17.949416], [73.936957, 17.948361], [73.937557, 17.94636], [73.937653, 17.939787], [73.939199, 17.935612], [73.938394, 17.933805], [73.938361, 17.932662], [73.938351, 17.932019], [73.933425, 17.93158]]]}}, {"type": "Feature", "properties": {"Pincode": "415517", "Office_Name": "Surur S.O", "Division": "Satara ", "Region": "Pune ", "Circle": "Maharashtra ", "_distFromHubKm": 52.42}, "geometry": {"type": "Polygon", "coordinates": [[[73.988249, 18.020761], [73.987828, 18.018251], [73.986925, 18.016159], [73.985153, 18.01202], [73.982185, 18.003427], [73.98373, 17.991836], [73.979187, 17.98373], [73.979008, 17.983055], [73.978842, 17.982381], [73.978507, 17.981537], [73.977627, 17.978148], [73.977401, 17.97728], [73.977256, 17.976721], [73.977219, 17.976578], [73.977156, 17.976293], [73.977275, 17.975847], [73.977025, 17.975089], [73.97685, 17.974201], [73.976592, 17.973191], [73.973975, 17.963362], [73.973596, 17.961948], [73.970678, 17.958444], [73.961191, 17.957424], [73.959305, 17.953097], [73.958197, 17.95043], [73.967928, 17.951872], [73.981058, 17.9513], [73.987541, 17.949912], [73.994368, 17.950851], [74.000851, 17.949667], [74.005832, 17.948034], [74.009483, 17.946172], [74.010041, 17.947687], [74.010644, 17.949268], [74.011118, 17.95069], [74.01166, 17.952104], [74.012635, 17.954958], [74.014657, 17.960591], [74.015219, 17.961468], [74.015837, 17.962442], [74.017119, 17.964423], [74.019736, 17.968385], [74.020669, 17.969904], [74.021712, 17.971456], [74.024824, 17.97646], [74.022964, 17.979184], [74.022062, 17.980506], [74.021713, 17.981064], [74.021474, 17.981416], [74.020193, 17.983272], [74.019555, 17.984201], [74.019237, 17.984664], [74.019081, 17.984897], [74.018884, 17.985178], [74.020472, 17.989939], [74.022187, 17.991325], [74.022239, 17.991326], [74.02227, 17.991332], [74.022282, 17.991359], [74.022299, 17.991382], [74.022336, 17.991408], [74.02238, 17.99144], [74.022418, 17.991449], [74.022434, 17.991475], [74.022455, 17.991488], [74.022514, 17.991509], [74.022586, 17.991568], [74.022713, 17.991678], [74.022926, 17.99181], [74.023044, 17.991912], [74.023167, 17.991996], [74.023266, 17.992104], [74.023355, 17.992155], [74.023441, 17.992198], [74.023561, 17.992236], [74.023666, 17.99229], [74.023787, 17.992435], [74.023824, 17.992453], [74.023862, 17.992481], [74.023913, 17.992522], [74.024015, 17.992583], [74.024146, 17.992662], [74.024331, 17.992815], [74.024393, 17.992907], [74.02595, 17.996404], [74.023901, 18.00121], [74.009381, 18.008121], [74.016542, 18.011787], [74.01655, 18.012267], [74.016843, 18.01242], [74.017096, 18.012552], [74.015522, 18.013615], [74.013931, 18.014018], [74.013777, 18.014063], [74.013657, 18.014094], [74.013621, 18.014096], [74.013188, 18.014201], [74.013129, 18.014213], [74.012944, 18.014262], [74.01288, 18.014281], [74.012179, 18.014493], [74.012093, 18.014514], [74.012085, 18.014516], [74.012016, 18.014534], [74.011769, 18.014596], [74.011738, 18.014528], [74.011685, 18.014559], [74.011492, 18.014592], [74.011315, 18.014641], [74.011098, 18.014765], [74.010847, 18.014876], [74.010777, 18.014901], [74.010735, 18.014909], [74.010688, 18.014921], [74.010648, 18.014936], [74.010578, 18.014957], [74.010536, 18.014964], [74.010415, 18.014973], [74.010298, 18.015002], [74.010054, 18.015061], [74.010019, 18.015071], [74.009944, 18.015088], [74.009885, 18.015101], [74.009862, 18.01511], [74.009787, 18.015128], [74.009742, 18.015143], [74.009696, 18.015149], [74.009651, 18.015165], [74.00958, 18.015181], [74.009531, 18.015194], [74.009484, 18.015209], [74.009437, 18.015219], [74.009389, 18.015237], [74.009345, 18.015244], [74.0093, 18.015253], [74.009235, 18.015277], [74.00912, 18.015298], [74.00909, 18.015305], [74.009045, 18.015318], [74.009022, 18.015329], [74.009005, 18.015333], [74.008974, 18.015339], [74.008949, 18.015348], [74.008918, 18.015354], [74.008896, 18.015361], [74.008878, 18.015364], [74.008856, 18.015368], [74.008842, 18.015369], [74.00883, 18.015369], [74.008813, 18.015372], [74.00877, 18.015382], [74.008721, 18.01539], [74.008686, 18.015398], [74.008639, 18.015409], [74.008619, 18.015416], [74.008606, 18.01542], [74.008586, 18.015426], [74.008573, 18.01543], [74.008563, 18.01543], [74.008547, 18.015435], [74.008515, 18.015447], [74.008467, 18.01547], [74.008427, 18.015482], [74.008372, 18.0155], [74.008329, 18.01551], [74.0083, 18.015518], [74.00825, 18.015533], [74.008141, 18.01556], [74.008101, 18.01557], [74.008013, 18.015593], [74.007946, 18.01563], [74.007841, 18.015669], [74.007728, 18.015694], [74.00764, 18.01572], [74.007584, 18.015745], [74.007519, 18.01576], [74.007457, 18.015773], [74.007398, 18.015783], [74.007329, 18.015794], [74.007256, 18.015819], [74.007146, 18.015837], [74.007098, 18.01585], [74.007036, 18.015875], [74.00698, 18.015893], [74.006921, 18.015924], [74.006841, 18.015949], [74.006779, 18.015975], [74.006706, 18.016003], [74.006669, 18.016018], [74.006599, 18.016036], [74.006521, 18.016034], [74.00644, 18.016057], [74.00637, 18.016072], [74.006326, 18.016107], [74.006057, 18.016038], [74.00567, 18.01616], [74.006141, 18.016107], [74.006076, 18.016123], [74.006025, 18.016146], [74.005985, 18.016156], [74.005948, 18.016169], [74.0058, 18.016227], [74.005693, 18.016268], [74.005614, 18.016267], [74.005508, 18.016303], [74.005276, 18.016361], [74.005087, 18.016407], [74.004969, 18.016444], [74.004742, 18.016498], [74.004506, 18.016573], [74.004347, 18.016624], [74.003919, 18.016725], [74.003812, 18.016779], [74.003604, 18.016808], [74.002341, 18.017111], [74.000744, 18.01754], [74.0, 18.017753], [73.998282, 18.018218], [73.998054, 18.018301], [73.995945, 18.018943], [73.995202, 18.019167], [73.994322, 18.019369], [73.992622, 18.019773], [73.991878, 18.019714], [73.991456, 18.019822], [73.991359, 18.019939], [73.991249, 18.019975], [73.990305, 18.020209], [73.989341, 18.020484], [73.988249, 18.020761]]]}}, {"type": "Feature", "properties": {"Pincode": "415525", "Office_Name": "Pimpode BK S.O", "Division": "Satara ", "Region": "Pune ", "Circle": "Maharashtra ", "_distFromHubKm": 57.8}, "geometry": {"type": "Polygon", "coordinates": [[[74.017096, 18.012552], [74.016843, 18.01242], [74.01655, 18.012267], [74.016542, 18.011787], [74.009381, 18.008121], [74.023901, 18.00121], [74.02595, 17.996404], [74.024393, 17.992907], [74.024331, 17.992815], [74.024146, 17.992662], [74.024015, 17.992583], [74.023913, 17.992522], [74.023862, 17.992481], [74.023824, 17.992453], [74.023787, 17.992435], [74.023666, 17.99229], [74.023561, 17.992236], [74.023441, 17.992198], [74.023355, 17.992155], [74.023266, 17.992104], [74.023167, 17.991996], [74.023044, 17.991912], [74.022926, 17.99181], [74.022713, 17.991678], [74.022586, 17.991568], [74.022514, 17.991509], [74.022455, 17.991488], [74.022434, 17.991475], [74.022418, 17.991449], [74.02238, 17.99144], [74.022336, 17.991408], [74.022299, 17.991382], [74.022282, 17.991359], [74.02227, 17.991332], [74.022239, 17.991326], [74.022187, 17.991325], [74.020472, 17.989939], [74.018884, 17.985178], [74.019081, 17.984897], [74.019237, 17.984664], [74.019555, 17.984201], [74.020193, 17.983272], [74.021474, 17.981416], [74.021713, 17.981064], [74.022062, 17.980506], [74.022964, 17.979184], [74.024824, 17.97646], [74.021712, 17.971456], [74.020669, 17.969904], [74.019736, 17.968385], [74.017119, 17.964423], [74.015837, 17.962442], [74.015219, 17.961468], [74.014657, 17.960591], [74.012635, 17.954958], [74.01166, 17.952104], [74.011118, 17.95069], [74.010644, 17.949268], [74.010041, 17.947687], [74.009483, 17.946172], [74.007082, 17.943945], [74.004628, 17.941765], [74.001893, 17.939163], [74.002869, 17.935418], [74.001624, 17.929906], [74.003049, 17.926966], [74.006038, 17.926149], [74.013408, 17.919992], [74.012221, 17.920147], [74.012221, 17.916268], [74.020052, 17.914642], [74.025399, 17.913532], [74.026437, 17.910265], [74.030478, 17.907284], [74.031632, 17.904058], [74.032852, 17.902321], [74.040379, 17.898625], [74.042688, 17.89539], [74.041109, 17.892503], [74.040565, 17.889846], [74.042328, 17.886958], [74.04055, 17.878005], [74.046076, 17.878179], [74.05063, 17.876388], [74.05488, 17.87246], [74.064885, 17.868937], [74.074843, 17.860503], [74.082122, 17.86212], [74.098156, 17.877259], [74.102923, 17.88176], [74.113966, 17.89569], [74.115121, 17.897147], [74.115314, 17.89739], [74.113693, 17.900588], [74.116728, 17.903591], [74.120247, 17.911099], [74.130687, 17.915604], [74.131902, 17.917163], [74.133236, 17.918318], [74.137806, 17.921739], [74.141754, 17.923046], [74.144364, 17.922932], [74.146151, 17.92873], [74.143133, 17.931888], [74.141209, 17.933901], [74.140787, 17.934344], [74.131057, 17.944526], [74.130059, 17.94557], [74.125738, 17.950092], [74.123624, 17.952304], [74.121484, 17.954544], [74.119201, 17.956932], [74.115092, 17.961232], [74.11088, 17.965639], [74.109084, 17.967518], [74.100551, 17.976447], [74.099187, 17.977883], [74.097371, 17.979795], [74.096211, 17.981016], [74.072906, 18.005553], [74.072059, 18.004745], [74.06156, 18.006101], [74.060083, 18.004937], [74.059009, 18.004244], [74.058607, 18.004897], [74.057738, 18.00507], [74.057229, 18.005187], [74.056917, 18.005366], [74.056445, 18.006463], [74.056381, 18.00658], [74.056274, 18.006585], [74.056193, 18.006606], [74.056129, 18.006626], [74.056038, 18.006575], [74.055946, 18.006687], [74.05585, 18.006667], [74.055426, 18.006718], [74.055292, 18.006759], [74.055185, 18.006754], [74.054461, 18.006366], [74.053495, 18.006509], [74.05298, 18.00659], [74.052208, 18.006795], [74.051607, 18.006917], [74.049697, 18.007284], [74.018863, 18.012386], [74.018455, 18.012325], [74.018025, 18.012549], [74.017096, 18.012552]]]}}, {"type": "Feature", "properties": {"Pincode": "415526", "Office_Name": "Vathar BK S.O", "Division": "Satara ", "Region": "Pune ", "Circle": "Maharashtra ", "_distFromHubKm": 41.6}, "geometry": {"type": "Polygon", "coordinates": [[[74.093939, 18.132218], [74.092513, 18.132204], [74.091972, 18.131881], [74.091329, 18.131497], [74.091451, 18.131223], [74.090965, 18.130444], [74.089812, 18.130602], [74.088113, 18.131959], [74.087597, 18.131915], [74.087509, 18.131643], [74.087218, 18.130747], [74.086307, 18.131439], [74.08419, 18.131855], [74.083107, 18.131121], [74.082162, 18.131416], [74.081604, 18.13159], [74.081068, 18.131468], [74.080408, 18.130401], [74.080188, 18.129958], [74.079727, 18.129754], [74.079416, 18.129876], [74.078729, 18.131345], [74.077914, 18.131916], [74.077302, 18.132641], [74.077313, 18.133212], [74.076862, 18.13412], [74.076401, 18.134355], [74.075296, 18.134222], [74.075124, 18.134528], [74.075912, 18.135098], [74.076228, 18.135327], [74.076386, 18.135441], [74.076422, 18.135467], [74.076465, 18.135497], [74.076543, 18.13555], [74.077163, 18.135977], [74.076873, 18.136466], [74.076208, 18.136589], [74.075544, 18.136538], [74.074759, 18.136477], [74.074404, 18.136559], [74.073397, 18.136793], [74.072345, 18.137619], [74.072077, 18.138323], [74.0727, 18.139718], [74.071403, 18.140215], [74.070253, 18.140656], [74.068451, 18.141146], [74.068022, 18.142534], [74.06828, 18.143454], [74.068708, 18.144982], [74.067121, 18.145594], [74.066348, 18.147553], [74.065189, 18.14588], [74.06476, 18.143758], [74.061584, 18.142166], [74.059138, 18.141962], [74.058666, 18.143594], [74.059567, 18.145757], [74.058752, 18.147757], [74.057894, 18.147308], [74.056523, 18.144923], [74.056134, 18.144628], [74.055158, 18.14418], [74.054106, 18.14367], [74.05328, 18.143283], [74.05106, 18.14733], [74.05077, 18.147921], [74.05048, 18.14678], [74.050137, 18.14574], [74.049783, 18.144322], [74.048152, 18.143935], [74.047444, 18.143772], [74.046735, 18.143242], [74.045886, 18.142655], [74.045651, 18.141999], [74.045007, 18.140225], [74.04474, 18.139724], [74.043648, 18.137938], [74.043282, 18.137801], [74.043239, 18.137784], [74.043217, 18.137776], [74.043177, 18.137762], [74.04312, 18.137738], [74.043065, 18.137718], [74.042983, 18.137685], [74.042822, 18.137611], [74.04271, 18.13757], [74.042444, 18.137471], [74.042455, 18.137471], [74.041833, 18.137237], [74.04062, 18.136788], [74.039569, 18.136146], [74.037647, 18.134883], [74.035433, 18.135316], [74.033672, 18.136181], [74.032579, 18.135748], [74.032974, 18.13445], [74.031882, 18.133816], [74.028756, 18.130261], [74.023818, 18.124644], [74.02004, 18.118934], [74.022609, 18.109308], [74.033945, 18.092502], [74.038862, 18.093351], [74.043565, 18.093293], [74.047874, 18.093408], [74.049361, 18.093437], [74.050605, 18.093466], [74.05103, 18.09338], [74.051546, 18.093553], [74.052426, 18.093466], [74.053155, 18.093582], [74.054066, 18.093524], [74.055037, 18.093437], [74.056099, 18.09361], [74.056889, 18.093639], [74.057495, 18.093553], [74.058618, 18.094101], [74.059772, 18.093841], [74.062444, 18.094043], [74.095305, 18.094476], [74.12668, 18.098485], [74.131618, 18.098213], [74.133313, 18.099913], [74.133449, 18.100317], [74.133478, 18.100559], [74.133658, 18.100916], [74.133728, 18.100979], [74.133828, 18.101023], [74.135057, 18.105783], [74.136429, 18.105841], [74.137459, 18.108574], [74.137631, 18.113142], [74.138416, 18.117533], [74.121177, 18.132307], [74.098377, 18.117439], [74.097362, 18.12082], [74.093939, 18.132218]]]}}, {"type": "Feature", "properties": {"Pincode": "415536", "Office_Name": "Kenjal S.O", "Division": "Satara ", "Region": "Pune ", "Circle": "Maharashtra ", "_distFromHubKm": 51.91}, "geometry": {"type": "Polygon", "coordinates": [[[73.943429, 18.03136], [73.94193, 18.029398], [73.941278, 18.028543], [73.940486, 18.027506], [73.940466, 18.02748], [73.940418, 18.027417], [73.939766, 18.026564], [73.938675, 18.02468], [73.936604, 18.021701], [73.932725, 18.017344], [73.937964, 18.009509], [73.936674, 17.989019], [73.926541, 17.977917], [73.927657, 17.963139], [73.916666, 17.955056], [73.922934, 17.947217], [73.935981, 17.949037], [73.937751, 17.949416], [73.942726, 17.95048], [73.949069, 17.952212], [73.961191, 17.957424], [73.970678, 17.958444], [73.973596, 17.961948], [73.973975, 17.963362], [73.976592, 17.973191], [73.97685, 17.974201], [73.977025, 17.975089], [73.977275, 17.975847], [73.977156, 17.976293], [73.977219, 17.976578], [73.977256, 17.976721], [73.977401, 17.97728], [73.977627, 17.978148], [73.978507, 17.981537], [73.978842, 17.982381], [73.979008, 17.983055], [73.979187, 17.98373], [73.98373, 17.991836], [73.982185, 18.003427], [73.985153, 18.01202], [73.986925, 18.016159], [73.987828, 18.018251], [73.988249, 18.020761], [73.982942, 18.02215], [73.980222, 18.022817], [73.977609, 18.023535], [73.975191, 18.024042], [73.974029, 18.024354], [73.972752, 18.024685], [73.967417, 18.025945], [73.963395, 18.02722], [73.957165, 18.028512], [73.951434, 18.0297], [73.950645, 18.029863], [73.947367, 18.030543], [73.946707, 18.03068], [73.943429, 18.03136]]]}}]}